"","name","team","points","IDFANGRAPHS","ESPNID","position","replacement_pr","adj_points","FANTPROSNAME","ESPN"
"1","Ronald Acuña Jr.","ATL",16.414581856618,"18401",36185,"RF",1.01938213796651,15.3951997186515,"Ronald Acuna Jr.",1
"2","Aaron Judge","NYY",13.993288090337,"15640",33192,"RF",1.01938213796651,12.9739059523705,"Aaron Judge",14
"3","Aaron Judge","NYY",13.993288090337,"15640",33192,"DH",4.96976368634212,9.02352440399486,"Aaron Judge",14
"4","Matt Olson","ATL",13.903865795684,"14344",32767,"1B",4.0712619963038,9.83260379938024,"Matt Olson",9
"5","Juan Soto","NYY",13.4661582412099,"20123",36969,"LF",1.01938213796651,12.4467761032434,"Juan Soto",3
"6","Austin Riley","ATL",13.4533679161894,"18360",34982,"3B",3.03297428222753,10.4203936339619,"Austin Riley",32
"7","Yordan Alvarez","HOU",13.2851783476838,"19556",36018,"LF",1.01938213796651,12.2657962097173,"Yordan Alvarez",11
"8","Yordan Alvarez","HOU",13.2851783476838,"19556",36018,"DH",4.96976368634212,8.31541466134166,"Yordan Alvarez",11
"9","Freddie Freeman","LAD",13.0496625139606,"5361",30193,"1B",4.0712619963038,8.97840051765681,"Freddie Freeman",5
"10","Mookie Betts","LAD",12.7862642274428,"13611",33039,"2B",1.59559610679458,11.1906681206482,"Mookie Betts",2
"11","Mookie Betts","LAD",12.7862642274428,"13611",33039,"RF",1.01938213796651,11.7668820894763,"Mookie Betts",2
"12","Shohei Ohtani","LAD",12.1583508917296,"19755",39832,"DH",4.96976368634212,7.18858720538745,"Shohei Ohtani",8
"13","Shohei Ohtani","LAD",12.1583508917296,"19755",39832,"DH",4.96976368634212,7.18858720538745,"Shohei Ohtani",8
"14","Shohei Ohtani","LAD",12.1583508917296,"19755",39832,"SP",3.99508454828887,8.1632663434407,"Shohei Ohtani",8
"15","Shohei Ohtani","LAD",12.1583508917296,"19755",39832,"SP",3.99508454828887,8.1632663434407,"Shohei Ohtani",8
"16","Rafael Devers","BOS",11.9057412487528,"17350",33859,"3B",3.03297428222753,8.87276696652529,"Rafael Devers",19
"17","Pete Alonso","NYM",11.7784617381786,"19251",37498,"1B",4.0712619963038,7.70719974187476,"Pete Alonso",35
"18","Vladimir Guerrero Jr.","TOR",11.3363075795061,"19611",35002,"1B",4.0712619963038,7.26504558320227,"Vladimir Guerrero Jr.",21
"19","Vladimir Guerrero Jr.","TOR",11.3363075795061,"19611",35002,"DH",4.96976368634212,6.36654389316395,"Vladimir Guerrero Jr.",21
"20","Julio Rodríguez","SEA",11.2791254494917,"23697",41044,"CF",-0.104121754941005,11.3832472044327,"Julio Rodriguez",18
"21","Kyle Tucker","HOU",11.2268545997875,"18345",34967,"RF",1.01938213796651,10.207472461821,"Kyle Tucker",6
"22","Fernando Tatis Jr.","SDP",11.1956116497402,"19709",35983,"RF",1.01938213796651,10.1762295117737,"Fernando Tatis Jr.",16
"23","Bobby Witt Jr.","KCR",10.5242840162556,"25764",42403,"SS",2.70406583783264,7.82021817842299,"Bobby Witt Jr.",12
"24","Bryce Harper","PHI",10.4352260398315,"11579",30951,"1B",4.0712619963038,6.3639640435277,"Bryce Harper",26
"25","Bryce Harper","PHI",10.4352260398315,"11579",30951,"DH",4.96976368634212,5.46546235348938,"Bryce Harper",26
"26","Kyle Schwarber","PHI",10.0582960060872,"16478",33712,"LF",1.01938213796651,9.03891386812071,"Kyle Schwarber",47
"27","Kyle Schwarber","PHI",10.0582960060872,"16478",33712,"DH",4.96976368634212,5.0885323197451,"Kyle Schwarber",47
"28","José Ramírez","CLE",9.74839196264597,"13510",32801,"3B",3.03297428222753,6.71541768041844,"Jose Ramirez",7
"29","José Ramírez","CLE",9.74839196264597,"13510",32801,"DH",4.96976368634212,4.77862827630385,"Jose Ramirez",7
"30","Marcus Semien","TEX",9.49367178522118,"12533",32146,"2B",1.59559610679458,7.8980756784266,"Marcus Semien",20
"31","Ozzie Albies","ATL",9.19132712816475,"16556",33783,"2B",1.59559610679458,7.59573102137016,"Ozzie Albies",24
"32","Trea Turner","PHI",9.07511394843244,"16252",33710,"SS",2.70406583783264,6.3710481105998,"Trea Turner",22
"33","Corey Seager","TEX",8.68239093402997,"13624",32691,"SS",2.70406583783264,5.97832509619733,"Corey Seager",30
"34","Corbin Carroll","ARI",8.41280636310968,"25878",42404,"LF",1.01938213796651,7.39342422514316,"Corbin Carroll",10
"35","Corbin Carroll","ARI",8.41280636310968,"25878",42404,"CF",-0.104121754941005,8.51692811805068,"Corbin Carroll",10
"36","Corbin Carroll","ARI",8.41280636310968,"25878",42404,"RF",1.01938213796651,7.39342422514316,"Corbin Carroll",10
"37","Adolis García","TEX",8.29440011378926,"19287",35537,"RF",1.01938213796651,7.27501797582275,"Adolis Garcia",78
"38","Bo Bichette","TOR",8.18022357411281,"19612",38904,"SS",2.70406583783264,5.47615773628017,"Bo Bichette",52
"39","Francisco Lindor","NYM",7.83226175771404,"12916",32129,"SS",2.70406583783264,5.1281959198814,"Francisco Lindor",34
"40","Luis Robert Jr.","CHW",7.73355762900692,"20043",39631,"CF",-0.104121754941005,7.83767938394792,"Luis Robert Jr.",64
"41","Alex Bregman","HOU",7.66381455491393,"17678",34886,"3B",3.03297428222753,4.6308402726864,"Alex Bregman",41
"42","Paul Goldschmidt","STL",7.53077578697755,"9218",31027,"1B",4.0712619963038,3.45951379067375,"Paul Goldschmidt",50
"43","Paul Goldschmidt","STL",7.53077578697755,"9218",31027,"DH",4.96976368634212,2.56101210063543,"Paul Goldschmidt",50
"44","Bryan Reynolds","PIT",7.42950681530216,"19326",38980,"LF",1.01938213796651,6.41012467733565,"Bryan Reynolds",66
"45","Manny Machado","SDP",7.33042036050165,"11493",31097,"3B",3.03297428222753,4.29744607827412,"Manny Machado",43
"46","Manny Machado","SDP",7.33042036050165,"11493",31097,"DH",4.96976368634212,2.36065667415953,"Manny Machado",43
"47","Michael Harris II","ATL",7.27425737955197,"25931",42470,"CF",-0.104121754941005,7.37837913449297,"Michael Harris II",54
"48","Christian Walker","ARI",7.25828450919855,"13419",32758,"1B",4.0712619963038,3.18702251289475,"Christian Walker",71
"49","Jose Altuve","HOU",7.10114606490697,"5417",31662,"2B",1.59559610679458,5.50554995811239,"Jose Altuve",38
"50","Mike Trout","LAA",6.94306708508535,"10155",30836,"CF",-0.104121754941005,7.04718884002635,"Mike Trout",67
"51","Gunnar Henderson","BAL",6.85789464952464,"26289",42507,"3B",3.03297428222753,3.82492036729711,"Gunnar Henderson",40
"52","Gunnar Henderson","BAL",6.85789464952464,"26289",42507,"SS",2.70406583783264,4.153828811692,"Gunnar Henderson",40
"53","Randy Arozarena","TBR",6.85564238533585,"19290",36488,"LF",1.01938213796651,5.83626024736934,"Randy Arozarena",68
"54","Spencer Torkelson","DET",6.6419777868371,"27465",4424286,"1B",4.0712619963038,2.57071579053329,"Spencer Torkelson",138
"55","Nolan Arenado","STL",6.49696785004173,"9777",31261,"3B",3.03297428222753,3.4639935678142,"Nolan Arenado",60
"56","Dansby Swanson","CHC",6.39981620619358,"18314",34895,"SS",2.70406583783264,3.69575036836094,"Dansby Swanson",117
"57","Anthony Santander","BAL",6.19160829091585,"14551",36084,"RF",1.01938213796651,5.17222615294934,"Anthony Santander",97
"58","Anthony Santander","BAL",6.19160829091585,"14551",36084,"DH",4.96976368634212,1.22184460457373,"Anthony Santander",97
"59","Gleyber Torres","NYY",6.11795835938329,"16997",33804,"2B",1.59559610679458,4.52236225258871,"Gleyber Torres",89
"60","Nick Castellanos","PHI",6.08942826903982,"11737",31187,"RF",1.01938213796651,5.07004613107331,"Nick Castellanos",106
"61","Nathaniel Lowe","TEX",5.94038095722771,"19566",40538,"1B",4.0712619963038,1.86911896092391,"Nathaniel Lowe",265
"62","Ketel Marte","ARI",5.8759198476227,"13613",32512,"2B",1.59559610679458,4.28032374082812,"Ketel Marte",48
"63","Royce Lewis","MIN",5.66584539997079,"20437",40635,"3B",3.03297428222753,2.63287111774326,"Royce Lewis",95
"64","Nolan Jones","COL",5.66151875253758,"20529",37340,"LF",1.01938213796651,4.64213661457107,"Nolan Jones",102
"65","Nolan Jones","COL",5.66151875253758,"20529",37340,"RF",1.01938213796651,4.64213661457107,"Nolan Jones",102
"66","Willy Adames","MIL",5.64932025862834,"15986",33675,"SS",2.70406583783264,2.9452544207957,"Willy Adames",173
"67","Xander Bogaerts","SDP",5.57387534362247,"12161",31606,"SS",2.70406583783264,2.86980950578983,"Xander Bogaerts",84
"68","Cody Bellinger","",5.55492698334884,"15998",33912,"1B",4.0712619963038,1.48366498704504,"Cody Bellinger",70
"69","Cody Bellinger","",5.55492698334884,"15998",33912,"CF",-0.104121754941005,5.65904873828984,"Cody Bellinger",70
"70","Triston Casas","BOS",5.46500259837062,"22514",41180,"1B",4.0712619963038,1.39374060206682,"Triston Casas",110
"71","Jake Burger","MIA",5.41543083223491,"22275",39882,"3B",3.03297428222753,2.38245655000738,"Jake Burger",210
"72","Jake Burger","MIA",5.41543083223491,"22275",39882,"DH",4.96976368634212,0.445667145892787,"Jake Burger",210
"73","Brandon Nimmo","NYM",5.33808769620617,"12927",32159,"CF",-0.104121754941005,5.44220945114717,"Brandon Nimmo",93
"74","Josh Jung","TEX",5.30097205734835,"26299",42437,"3B",3.03297428222753,2.26799777512082,"Josh Jung",189
"75","Yandy Díaz","TBR",5.09033958458869,"16578",33481,"1B",4.0712619963038,1.01907758828488,"Yandy Diaz",62
"76","William Contreras","MIL",4.96976368634212,"20503",39895,"C",-0.568436073401782,5.5381997597439,"William Contreras",65
"77","William Contreras","MIL",4.96976368634212,"20503",39895,"DH",4.96976368634212,0,"William Contreras",65
"78","Marcell Ozuna","ATL",4.96108969408951,"10324",31668,"DH",4.96976368634212,-0.00867399225261156,"Marcell Ozuna",104
"79","Christian Yelich","MIL",4.94185945572127,"11477",31283,"LF",1.01938213796651,3.92247731775476,"Christian Yelich",81
"80","Christian Yelich","MIL",4.94185945572127,"11477",31283,"DH",4.96976368634212,-0.027904230620849,"Christian Yelich",81
"81","Ian Happ","CHC",4.84590843009562,"17919",34945,"LF",1.01938213796651,3.8265262921291,"Ian Happ",114
"82","Seiya Suzuki","CHC",4.82450169641975,"30116",4142424,"RF",1.01938213796651,3.80511955845324,"Seiya Suzuki",126
"83","Teoscar Hernández","LAD",4.66747148917997,"13066",33377,"RF",1.01938213796651,3.64808935121345,"Teoscar Hernandez",153
"84","Teoscar Hernández","LAD",4.66747148917997,"13066",33377,"DH",4.96976368634212,-0.302292197162155,"Teoscar Hernandez",153
"85","Adley Rutschman","BAL",4.39621761123452,"26288",42178,"C",-0.568436073401782,4.9646536846363,"Adley Rutschman",29
"86","Adley Rutschman","BAL",4.39621761123452,"26288",42178,"DH",4.96976368634212,-0.573546075107599,"Adley Rutschman",29
"87","Josh Naylor","CLE",4.37476926452598,"18839",35066,"1B",4.0712619963038,0.303507268222173,"Josh Naylor",135
"88","Josh Naylor","CLE",4.37476926452598,"18839",35066,"DH",4.96976368634212,-0.594994421816144,"Josh Naylor",135
"89","Matt McLain","CIN",4.26455228788688,"29695",4422899,"2B",1.59559610679458,2.6689561810923,"Matt McLain",129
"90","Matt McLain","CIN",4.26455228788688,"29695",4422899,"SS",2.70406583783264,1.56048645005424,"Matt McLain",129
"91","Andrew Vaughn","CHW",4.17872827636931,"26197",42394,"1B",4.0712619963038,0.10746628006551,"Andrew Vaughn",275
"92","Jorge Soler","SFG",4.14676292548038,"14221",32558,"RF",1.01938213796651,3.12738078751386,"Jorge Soler",144
"93","Jorge Soler","SFG",4.14676292548038,"14221",32558,"DH",4.96976368634212,-0.823000760861746,"Jorge Soler",144
"94","Luis Arraez","MIA",4.08090672805243,"18568",39572,"2B",1.59559610679458,2.48531062125785,"Luis Arraez",59
"95","Rhys Hoskins","MIL",4.0712619963038,"16472",35291,"1B",4.0712619963038,0,"Rhys Hoskins",208
"96","Masataka Yoshida","BOS",3.92112815300947,"31837",4872598,"LF",1.01938213796651,2.90174601504296,"Masataka Yoshida",108
"97","Masataka Yoshida","BOS",3.92112815300947,"31837",4872598,"DH",4.96976368634212,-1.04863553333265,"Masataka Yoshida",108
"98","George Springer","TOR",3.9036879541623,"12856",32078,"RF",1.01938213796651,2.88430581619579,"George Springer",76
"99","George Springer","TOR",3.9036879541623,"12856",32078,"DH",4.96976368634212,-1.06607573217982,"George Springer",76
"100","Max Muncy","LAD",3.81944044343178,"13301",33303,"3B",3.03297428222753,0.786466161204256,"Max Muncy",130
"101","Vinnie Pasquantino","KCR",3.74312015569759,"27676",4109109,"1B",4.0712619963038,-0.328141840606216,"Vinnie Pasquantino",158
"102","Riley Greene","DET",3.72418270355353,"25976",42179,"CF",-0.104121754941005,3.82830445849453,"Riley Greene",195
"103","Alec Bohm","PHI",3.6563032782744,"21618",41169,"1B",4.0712619963038,-0.414958718029399,"Alec Bohm",151
"104","Alec Bohm","PHI",3.6563032782744,"21618",41169,"3B",3.03297428222753,0.623328996046879,"Alec Bohm",151
"105","Lane Thomas","WSN",3.6301246323828,"16939",36409,"RF",1.01938213796651,2.61074249441629,"Lane Thomas",147
"106","Ryan McMahon","COL",3.6072488903393,"15112",33247,"2B",1.59559610679458,2.01165278354471,"Ryan McMahon",278
"107","Ryan McMahon","COL",3.6072488903393,"15112",33247,"3B",3.03297428222753,0.57427460811177,"Ryan McMahon",278
"108","Ezequiel Tovar","COL",3.59518858209359,"24064",4905919,"SS",2.70406583783264,0.891122744260946,"Ezequiel Tovar",241
"109","Oneil Cruz","PIT",3.49912172587755,"21711",39712,"SS",2.70406583783264,0.795055888044905,"Oneil Cruz",141
"110","Nico Hoerner","CHC",3.33821838584385,"21479",41219,"2B",1.59559610679458,1.74262227904927,"Nico Hoerner",61
"111","Nico Hoerner","CHC",3.33821838584385,"21479",41219,"SS",2.70406583783264,0.634152548011211,"Nico Hoerner",61
"112","Jazz Chisholm Jr.","MIA",3.26730321443326,"20454",41433,"CF",-0.104121754941005,3.37142496937426,"Jazz Chisholm Jr.",157
"113","Josh Bell","MIA",3.23597889359344,"13145",32517,"1B",4.0712619963038,-0.835283102710366,"Josh Bell",196
"114","Josh Bell","MIA",3.23597889359344,"13145",32517,"DH",4.96976368634212,-1.73378479274868,"Josh Bell",196
"115","Spencer Steer","CIN",3.21351692840457,"26323",4722857,"1B",4.0712619963038,-0.857745067899231,"Spencer Steer",112
"116","Spencer Steer","CIN",3.21351692840457,"26323",4722857,"3B",3.03297428222753,0.180542646177047,"Spencer Steer",112
"117","Spencer Steer","CIN",3.21351692840457,"26323",4722857,"LF",1.01938213796651,2.19413479043806,"Spencer Steer",112
"118","Carlos Correa","MIN",3.20631023661819,"14162",32653,"SS",2.70406583783264,0.50224439878555,"Carlos Correa",181
"119","Eugenio Suárez","ARI",3.03297428222753,"12552",32367,"3B",3.03297428222753,0,"Eugenio Suarez",261
"120","Nolan Gorman","STL",2.96756328169534,"22263",41174,"2B",1.59559610679458,1.37196717490076,"Nolan Gorman",223
"121","Nolan Gorman","STL",2.96756328169534,"22263",41174,"DH",4.96976368634212,-2.00220040464678,"Nolan Gorman",223
"122","Salvador Perez","KCR",2.92298870069095,"7304",31127,"C",-0.568436073401782,3.49142477409273,"Salvador Perez",155
"123","Salvador Perez","KCR",2.92298870069095,"7304",31127,"1B",4.0712619963038,-1.14827329561286,"Salvador Perez",155
"124","Salvador Perez","KCR",2.92298870069095,"7304",31127,"DH",4.96976368634212,-2.04677498565117,"Salvador Perez",155
"125","José Abreu","HOU",2.84827374268047,"15676",33095,"1B",4.0712619963038,-1.22298825362333,"Jose Abreu",282
"126","Andrés Giménez","CLE",2.8275309973998,"19950",37729,"2B",1.59559610679458,1.23193489060521,"Andres Gimenez",156
"127","Taylor Ward","LAA",2.76241244495292,"17548",34923,"LF",1.01938213796651,1.7430303069864,"Taylor Ward",247
"128","Christopher Morel","CHC",2.75779756273388,"21897",42927,"CF",-0.104121754941005,2.86191931767489,"Christopher Morel",231
"129","Christopher Morel","CHC",2.75779756273388,"21897",42927,"DH",4.96976368634212,-2.21196612360824,"Christopher Morel",231
"130","Elly De La Cruz","CIN",2.70406583783264,"26668",4917694,"3B",3.03297428222753,-0.328908444394885,"Elly De La Cruz",72
"131","Elly De La Cruz","CIN",2.70406583783264,"26668",4917694,"SS",2.70406583783264,0,"Elly De La Cruz",72
"132","CJ Abrams","WSN",2.7021774577564,"25768",42402,"SS",2.70406583783264,-0.00188838007624526,"CJ Abrams",125
"133","Will Smith","LAD",2.57606721835671,"19197",38309,"C",-0.568436073401782,3.14450329175849,"Will Smith",44
"134","Will Smith","LAD",2.57606721835671,"19197",38309,"C",-0.568436073401782,3.14450329175849,"Will Smith",281
"135","Ke'Bryan Hayes","PIT",2.5648026663496,"18577",35020,"3B",3.03297428222753,-0.468171615877925,"Ke'Bryan Hayes",175
"136","Kerry Carpenter","DET",2.56414801272655,"25961",42714,"RF",1.01938213796651,1.54476587476004,"Kerry Carpenter",255
"137","Kerry Carpenter","DET",2.56414801272655,"25961",42714,"DH",4.96976368634212,-2.40561567361557,"Kerry Carpenter",255
"138","Eloy Jiménez","CHW",2.43397864419664,"17484",33867,"DH",4.96976368634212,-2.53578504214548,"Eloy Jimenez",191
"139","Isaac Paredes","TBR",2.42838200568458,"20036",39706,"1B",4.0712619963038,-1.64287999061923,"Isaac Paredes",132
"140","Isaac Paredes","TBR",2.42838200568458,"20036",39706,"3B",3.03297428222753,-0.60459227654295,"Isaac Paredes",132
"141","Bryan De La Cruz","MIA",2.40178050635747,"19600",40787,"LF",1.01938213796651,1.38239836839096,"Bryan De La Cruz",294
"142","Jeimer Candelario","CIN",2.25687557833512,"13621",32531,"1B",4.0712619963038,-1.81438641796868,"Jeimer Candelario",220
"143","Jeimer Candelario","CIN",2.25687557833512,"13621",32531,"3B",3.03297428222753,-0.776098703892406,"Jeimer Candelario",220
"144","Matt Chapman","",2.16892882162918,"16505",33857,"3B",3.03297428222753,-0.864045460598341,"Matt Chapman",215
"145","Brandon Drury","LAA",2.15706399824519,"11615",32269,"1B",4.0712619963038,-1.91419799805862,"Brandon Drury",236
"146","Brandon Drury","LAA",2.15706399824519,"11615",32269,"2B",1.59559610679458,0.561467891450606,"Brandon Drury",236
"147","Ty France","SEA",2.14246592878961,"17982",35591,"1B",4.0712619963038,-1.92879606751419,"Ty France",252
"148","Jeremy Peña","HOU",2.12157748288154,"21636",41273,"SS",2.70406583783264,-0.582488354951102,"Jeremy Pena",233
"149","J.P. Crawford","SEA",2.03649285769038,"15491",33210,"SS",2.70406583783264,-0.667572980142258,"J.P. Crawford",146
"150","Lourdes Gurriel Jr.","ARI",2.0203063056619,"19238",36040,"LF",1.01938213796651,1.00092416769539,"Lourdes Gurriel Jr.",148
"151","Lourdes Gurriel Jr.","ARI",2.0203063056619,"19238",36040,"DH",4.96976368634212,-2.94945738068022,"Lourdes Gurriel Jr.",148
"152","Zack Gelof","OAK",1.99874380383403,"29766",4414531,"2B",1.59559610679458,0.403147697039448,"Zack Gelof",194
"153","Ryan Mountcastle","BAL",1.95325998548123,"18373",34940,"1B",4.0712619963038,-2.11800201082258,"Ryan Mountcastle",311
"154","Ryan Mountcastle","BAL",1.95325998548123,"18373",34940,"DH",4.96976368634212,-3.0165037008609,"Ryan Mountcastle",311
"155","Jung Hoo Lee","SFG",1.92633947724798,"sa3012640",NA,"CF",-0.104121754941005,2.03046123218898,"Jung Hoo Lee",171
"156","Cedric Mullins","BAL",1.7207043609836,"17929",35578,"CF",-0.104121754941005,1.8248261159246,"Cedric Mullins II",143
"157","J.T. Realmuto","PHI",1.70020368866141,"11739",32177,"C",-0.568436073401782,2.26863976206319,"J.T. Realmuto",79
"158","Josh Lowe","TBR",1.6525575023888,"19953",40557,"RF",1.01938213796651,0.633175364422289,"Josh Lowe",167
"159","Josh Lowe","TBR",1.6525575023888,"19953",40557,"DH",4.96976368634212,-3.31720618395332,"Josh Lowe",167
"160","Bryson Stott","PHI",1.59559610679458,"26294",42417,"2B",1.59559610679458,0,"Bryson Stott",121
"161","Daulton Varsho","TOR",1.58283394655545,"19918",40963,"LF",1.01938213796651,0.56345180858894,"Daulton Varsho",183
"162","Daulton Varsho","TOR",1.58283394655545,"19918",40963,"CF",-0.104121754941005,1.68695570149646,"Daulton Varsho",183
"163","MJ Melendez","KCR",1.54198381341367,"22197",40948,"LF",1.01938213796651,0.522601675447154,"MJ Melendez",289
"164","MJ Melendez","KCR",1.54198381341367,"22197",40948,"RF",1.01938213796651,0.522601675447154,"MJ Melendez",289
"165","Evan Carter","TEX",1.52915904869491,"27790",NA,"LF",1.01938213796651,0.509776910728398,"Evan Carter",96
"166","Jordan Walker","STL",1.50819201087134,"27475",4684778,"RF",1.01938213796651,0.488809872904824,"Jordan Walker",188
"167","Anthony Volpe","NYY",1.41139620712807,"27647",42547,"SS",2.70406583783264,-1.29266963070457,"Anthony Volpe",185
"168","Jake Cronenworth","SDP",1.37436819096089,"18036",36364,"1B",4.0712619963038,-2.69689380534292,"Jake Cronenworth",165
"169","Jake Cronenworth","SDP",1.37436819096089,"18036",36364,"2B",1.59559610679458,-0.221227915833695,"Jake Cronenworth",165
"170","Austin Hays","BAL",1.31226850632277,"19363",36928,"LF",1.01938213796651,0.292886368356258,"Austin Hays",272
"171","J.D. Martinez","",1.30064968498148,"6184",31065,"DH",4.96976368634212,-3.66911400136064,"J.D. Martinez",263
"172","Jorge Polanco","SEA",1.26744219624722,"13152",32525,"2B",1.59559610679458,-0.328153910547367,"Jorge Polanco",274
"173","Tyler O'Neill","BOS",1.23772375231094,"15711",34168,"LF",1.01938213796651,0.218341614344426,"Tyler O'Neill",319
"174","Ha-Seong Kim","SDP",1.14329392937273,"27506",4089862,"2B",1.59559610679458,-0.45230217742185,"Ha-Seong Kim",92
"175","Ha-Seong Kim","SDP",1.14329392937273,"27506",4089862,"3B",3.03297428222753,-1.88968035285479,"Ha-Seong Kim",92
"176","Ha-Seong Kim","SDP",1.14329392937273,"27506",4089862,"SS",2.70406583783264,-1.56077190845991,"Ha-Seong Kim",92
"177","Thairo Estrada","SFG",1.05369228331436,"16426",36485,"2B",1.59559610679458,-0.541903823480223,"Thairo Estrada",187
"178","Thairo Estrada","SFG",1.05369228331436,"16426",36485,"SS",2.70406583783264,-1.65037355451828,"Thairo Estrada",187
"179","Chas McCormick","HOU",1.01938213796651,"19599",40574,"LF",1.01938213796651,0,"Chas McCormick",212
"180","Chas McCormick","HOU",1.01938213796651,"19599",40574,"CF",-0.104121754941005,1.12350389290752,"Chas McCormick",212
"181","Chas McCormick","HOU",1.01938213796651,"19599",40574,"RF",1.01938213796651,0,"Chas McCormick",212
"182","Steven Kwan","CLE",0.976177519608291,"24610",41998,NA,NA,NA,"Steven Kwan",75
"183","Cal Raleigh","SEA",0.948566327400841,"21534",41292,"C",-0.568436073401782,1.51700240080262,"Cal Raleigh",128
"184","Jack Suwinski","PIT",0.947549663320868,"22244",36754,"CF",-0.104121754941005,1.05167141826187,"Jack Suwinski",300
"185","Jack Suwinski","PIT",0.947549663320868,"22244",36754,"RF",1.01938213796651,-0.0718324746456458,"Jack Suwinski",300
"186","Max Kepler","MIN",0.827392618138843,"12144",31870,"RF",1.01938213796651,-0.191989519827671,"Max Kepler",254
"187","Brent Rooker","OAK",0.633449741267723,"19627",40926,"LF",1.01938213796651,-0.385932396698791,"Brent Rooker",271
"188","Brent Rooker","OAK",0.633449741267723,"19627",40926,"RF",1.01938213796651,-0.385932396698791,"Brent Rooker",271
"189","Brent Rooker","OAK",0.633449741267723,"19627",40926,"DH",4.96976368634212,-4.3363139450744,"Brent Rooker",271
"190","Jonathan India","CIN",0.633439965614501,"21523",41171,"2B",1.59559610679458,-0.962156141180082,"Jonathan India",269
"191","Joey Meneses","WSN",0.587699072708673,"14366",34534,"DH",4.96976368634212,-4.38206461363345,"Joey Meneses",284
"192","TJ Friedl","CIN",0.580004202845334,"19522",36020,"LF",1.01938213796651,-0.43937793512118,"TJ Friedl",226
"193","TJ Friedl","CIN",0.580004202845334,"19522",36020,"CF",-0.104121754941005,0.684125957786339,"TJ Friedl",226
"194","Christian Encarnacion-Strand","CIN",0.528887027162888,"30011",5012106,"1B",4.0712619963038,-3.54237496914092,"Christian Encarnacion-Strand",200
"195","Christian Encarnacion-Strand","CIN",0.528887027162888,"30011",5012106,"DH",4.96976368634212,-4.44087665917923,"Christian Encarnacion-Strand",200
"196","Zach Neto","LAA",0.450447665057814,"31347",4666100,"SS",2.70406583783264,-2.25361817277483,"Zach Neto",321
"197","Yainer Diaz","HOU",0.319129869189589,"23003",4781491,"C",-0.568436073401782,0.887565942591372,"Yainer Diaz",122
"198","Yainer Diaz","HOU",0.319129869189589,"23003",4781491,"DH",4.96976368634212,-4.65063381715253,"Yainer Diaz",122
"199","James Outman","LAD",0.302246800147271,"24770",41802,"CF",-0.104121754941005,0.406368555088276,"James Outman",209
"200","Sean Murphy","ATL",0.294748016263298,"19352",33557,"C",-0.568436073401782,0.863184089665081,"Sean Murphy",152
"201","Luis Rengifo","LAA",0.288771775653758,"19858",37237,"2B",1.59559610679458,-1.30682433114083,"Luis Rengifo",192
"202","Luis Rengifo","LAA",0.288771775653758,"19858",37237,"3B",3.03297428222753,-2.74420250657377,"Luis Rengifo",192
"203","Luis Rengifo","LAA",0.288771775653758,"19858",37237,"SS",2.70406583783264,-2.41529406217888,"Luis Rengifo",192
"204","Luis Rengifo","LAA",0.288771775653758,"19858",37237,"RF",1.01938213796651,-0.730610362312756,"Luis Rengifo",192
"205","Edouard Julien","MIN",0.282007485880506,"27534",3985190,"2B",1.59559610679458,-1.31358862091408,"Edouard Julien",273
"206","Edouard Julien","MIN",0.282007485880506,"27534",3985190,"DH",4.96976368634212,-4.68775620046162,"Edouard Julien",273
"207","Lars Nootbaar","STL",0.279624399660258,"21454",4448736,"LF",1.01938213796651,-0.739757738306256,"Lars Nootbaar",297
"208","Lars Nootbaar","STL",0.279624399660258,"21454",4448736,"CF",-0.104121754941005,0.383746154601263,"Lars Nootbaar",297
"209","Lars Nootbaar","STL",0.279624399660258,"21454",4448736,"RF",1.01938213796651,-0.739757738306256,"Lars Nootbaar",297
"210","Brendan Rodgers","COL",0.189910006985529,"17907",35073,"2B",1.59559610679458,-1.40568609980905,"Brendan Rodgers",NA
"211","Willson Contreras","STL",0.186407557787036,"11609",32532,"C",-0.568436073401782,0.754843631188818,"Willson Contreras",154
"212","Willson Contreras","STL",0.186407557787036,"11609",32532,"DH",4.96976368634212,-4.78335612855509,"Willson Contreras",154
"213","Yoán Moncada","CHW",0.176746853869118,"17232",33984,"3B",3.03297428222753,-2.85622742835841,"Yoan Moncada",NA
"214","Anthony Rizzo","NYY",0.0758002651734302,"3473",30782,"1B",4.0712619963038,-3.99546173113037,"Anthony Rizzo",238
"215","Jeff McNeil","NYM",0.0234792468567908,"15362",33900,"2B",1.59559610679458,-1.57211685993779,"Jeff McNeil",137
"216","Jeff McNeil","NYM",0.0234792468567908,"15362",33900,"LF",1.01938213796651,-0.995902891109723,"Jeff McNeil",137
"217","Jeff McNeil","NYM",0.0234792468567908,"15362",33900,"RF",1.01938213796651,-0.995902891109723,"Jeff McNeil",137
"218","Alex Verdugo","NYY",0.00106578545136568,"17027",33786,"RF",1.01938213796651,-1.01831635251515,"Alex Verdugo",242
"219","Tommy Edman","STL",-0.0341037048325367,"19470",39907,"2B",1.59559610679458,-1.62969981162712,"Tommy Edman",213
"220","Tommy Edman","STL",-0.0341037048325367,"19470",39907,"SS",2.70406583783264,-2.73816954266518,"Tommy Edman",213
"221","Tommy Edman","STL",-0.0341037048325367,"19470",39907,"CF",-0.104121754941005,0.0700180501084681,"Tommy Edman",213
"222","Vaughn Grissom","BOS",-0.071991432399108,"26031",42503,"SS",2.70406583783264,-2.77605727023175,"Vaughn Grissom",248
"223","Jarren Duran","BOS",-0.104121754941005,"24617",41610,"LF",1.01938213796651,-1.12350389290752,"Jarren Duran",201
"224","Jarren Duran","BOS",-0.104121754941005,"24617",41610,"CF",-0.104121754941005,0,"Jarren Duran",201
"225","Justin Turner","TOR",-0.112743901638905,"5235",29607,"1B",4.0712619963038,-4.18400589794271,"Justin Turner",184
"226","Justin Turner","TOR",-0.112743901638905,"5235",29607,"DH",4.96976368634212,-5.08250758798103,"Justin Turner",184
"227","Brandon Lowe","TBR",-0.15559932623694,"18882",39961,"2B",1.59559610679458,-1.75119543303152,"Brandon Lowe",323
"228","Trevor Story","BOS",-0.227957213192914,"12564",32150,"SS",2.70406583783264,-2.93202305102555,"Trevor Story",230
"229","Byron Buxton","MIN",-0.270952474214834,"14161",32655,"DH",4.96976368634212,-5.24071616055696,"Byron Buxton",239
"230","Jarred Kelenic","ATL",-0.287861167586467,"22558",41150,"LF",1.01938213796651,-1.30724330555298,"Jarred Kelenic",332
"231","Jarred Kelenic","ATL",-0.287861167586467,"22558",41150,"RF",1.01938213796651,-1.30724330555298,"Jarred Kelenic",332
"232","Francisco Alvarez","NYM",-0.568436073401782,"26121",41253,"C",-0.568436073401782,0,"Francisco Alvarez",166
"233","Kris Bryant","COL",-0.574686691087121,"15429",33172,"RF",1.01938213796651,-1.59406882905363,"Kris Bryant",240
"234","Kris Bryant","COL",-0.574686691087121,"15429",33172,"DH",4.96976368634212,-5.54445037742924,"Kris Bryant",240
"235","Sal Frelick","MIL",-0.580911675683032,"29622",4417795,"CF",-0.104121754941005,-0.476789920742027,"Sal Frelick",295
"236","Sal Frelick","MIL",-0.580911675683032,"29622",4417795,"RF",1.01938213796651,-1.60029381364955,"Sal Frelick",295
"237","Andrew Benintendi","CHW",-0.582831234778833,"17901",34986,"LF",1.01938213796651,-1.60221337274535,"Andrew Benintendi",219
"238","Orlando Arcia","ATL",-0.661812855508583,"13185",32530,"SS",2.70406583783264,-3.36587869334122,"Orlando Arcia",325
"239","Jackson Chourio","MIL",-0.711089057539083,"sa3015704",4917869,"CF",-0.104121754941005,-0.606967302598079,"Jackson Chourio",211
"240","Hunter Renfroe","KCR",-0.85058712705318,"15464",33205,"RF",1.01938213796651,-1.86996926501969,"Hunter Renfroe",304
"241","Javier Báez","DET",-0.903844802686169,"12979",32127,"SS",2.70406583783264,-3.60791064051881,"Javier Baez",337
"242","Logan O'Hoppe","LAA",-1.03840486045432,"24729",42047,"C",-0.568436073401782,-0.469968787052533,"Logan O'Hoppe",224
"243","Keibert Ruiz","WSN",-1.11873412133886,"19610",38827,"C",-0.568436073401782,-0.550298047937082,"Keibert Ruiz",118
"244","Giancarlo Stanton","NYY",-1.20665859637646,"4949",30583,"RF",1.01938213796651,-2.22604073434298,"Giancarlo Stanton",229
"245","Giancarlo Stanton","NYY",-1.20665859637646,"4949",30583,"DH",4.96976368634212,-6.17642228271858,"Giancarlo Stanton",229
"246","Jonah Heim","TEX",-1.2505378829399,"16930",33842,"C",-0.568436073401782,-0.682101809538114,"Jonah Heim",186
"247","Noelvi Marte","CIN",-1.3608710927853,"26517",41307,"3B",3.03297428222753,-4.39384537501283,"Noelvi Marte",NA
"248","Colt Keith","DET",-1.43227081383217,"sa3014474",NA,"3B",3.03297428222753,-4.46524509605969,"Colt Keith",285
"249","Colt Keith","DET",-1.43227081383217,"sa3014474",NA,"2B",1.59559610679458,-3.02786692062675,"Colt Keith",285
"250","Maikel Garcia","KCR",-1.49848666498143,"22715",4905884,"3B",3.03297428222753,-4.53146094720896,"Maikel Garcia",306
"251","Wilmer Flores","SFG",-1.56803164520958,"5827",30627,"1B",4.0712619963038,-5.63929364151339,"Wilmer Flores",372
"252","Wilmer Flores","SFG",-1.56803164520958,"5827",30627,"3B",3.03297428222753,-4.60100592743711,"Wilmer Flores",372
"253","Wilmer Flores","SFG",-1.56803164520958,"5827",30627,"DH",4.96976368634212,-6.5377953315517,"Wilmer Flores",372
"254","Mark Canha","DET",-1.59042014727569,"11445",31670,"LF",1.01938213796651,-2.6098022852422,"Mark Canha",267
"255","Mark Canha","DET",-1.59042014727569,"11445",31670,"RF",1.01938213796651,-2.6098022852422,"Mark Canha",267
"256","Mark Canha","DET",-1.59042014727569,"11445",31670,"DH",4.96976368634212,-6.56018383361781,"Mark Canha",267
"257","Joc Pederson","ARI",-1.6496033508057,"11899",31392,"LF",1.01938213796651,-2.66898548877222,"Joc Pederson",344
"258","Joc Pederson","ARI",-1.6496033508057,"11899",31392,"DH",4.96976368634212,-6.61936703714783,"Joc Pederson",344
"259","Tim Anderson","MIA",-1.68686963732163,"15172",33184,"SS",2.70406583783264,-4.39093547515427,"Tim Anderson",390
"260","Ryan Noda","OAK",-1.79428539711798,"23312",40518,"1B",4.0712619963038,-5.86554739342178,"Ryan Noda",NA
"261","Brandon Marsh","PHI",-1.98366791374328,"20202",40803,"LF",1.01938213796651,-3.0030500517098,"Brandon Marsh",330
"262","Brandon Marsh","PHI",-1.98366791374328,"20202",40803,"CF",-0.104121754941005,-1.87954615880228,"Brandon Marsh",330
"263","Tommy Pham","",-2.02623598972812,"2967",31208,"LF",1.01938213796651,-3.04561812769464,"Tommy Pham",NA
"264","Tommy Pham","",-2.02623598972812,"2967",31208,"DH",4.96976368634212,-6.99599967607024,"Tommy Pham",NA
"265","Seth Brown","OAK",-2.05795187352503,"18171",35676,"LF",1.01938213796651,-3.07733401149154,"Seth Brown",NA
"266","Seth Brown","OAK",-2.05795187352503,"18171",35676,"RF",1.01938213796651,-3.07733401149154,"Seth Brown",NA
"267","Matt Wallner","MIN",-2.09392489024275,"26466",42427,"LF",1.01938213796651,-3.11330702820927,"Matt Wallner",NA
"268","Matt Wallner","MIN",-2.09392489024275,"26466",42427,"RF",1.01938213796651,-3.11330702820927,"Matt Wallner",NA
"269","Gabriel Moreno","ARI",-2.17024579938808,"22664",42464,"C",-0.568436073401782,-1.6018097259863,"Gabriel Moreno",133
"270","Mike Yastrzemski","SFG",-2.25254631701296,"14854",33341,"CF",-0.104121754941005,-2.14842456207195,"Mike Yastrzemski",406
"271","Mike Yastrzemski","SFG",-2.25254631701296,"14854",33341,"RF",1.01938213796651,-3.27192845497947,"Mike Yastrzemski",406
"272","Charlie Blackmon","COL",-2.28297013912401,"7859",31084,"RF",1.01938213796651,-3.30235227709052,"Charlie Blackmon",334
"273","Charlie Blackmon","COL",-2.28297013912401,"7859",31084,"DH",4.96976368634212,-7.25273382546613,"Charlie Blackmon",334
"274","LaMonte Wade Jr.","SFG",-2.30636715165387,"18126",37798,"1B",4.0712619963038,-6.37762914795767,"LaMonte Wade Jr.",368
"275","LaMonte Wade Jr.","SFG",-2.30636715165387,"18126",37798,"LF",1.01938213796651,-3.32574928962038,"LaMonte Wade Jr.",368
"276","Michael Conforto","SFG",-2.31722429769733,"16376",33711,"RF",1.01938213796651,-3.33660643566385,"Michael Conforto",NA
"277","Jose Siri","TBR",-2.32933270496324,"17452",33954,"CF",-0.104121754941005,-2.22521095002224,"Jose Siri",436
"278","Nelson Velázquez","KCR",-2.36276864665334,"23359",41047,"RF",1.01938213796651,-3.38215078461985,"Nelson Velazquez",365
"279","Jesús Sánchez","MIA",-2.3632084832949,"19913",39957,"RF",1.01938213796651,-3.38259062126142,"Jesus Sanchez",NA
"280","Leody Taveras","TEX",-2.39080963425688,"18900",34951,"CF",-0.104121754941005,-2.28668787931587,"Leody Taveras",405
"281","DJ LeMahieu","NYY",-2.48798849340416,"9874",30765,"1B",4.0712619963038,-6.55925048970796,"DJ LeMahieu",293
"282","DJ LeMahieu","NYY",-2.48798849340416,"9874",30765,"3B",3.03297428222753,-5.52096277563168,"DJ LeMahieu",293
"283","Mitch Haniger","SEA",-2.54692583887771,"14274",32771,"LF",1.01938213796651,-3.56630797684422,"Mitch Haniger",331
"284","Alek Thomas","ARI",-2.60756187873525,"23792",41215,"CF",-0.104121754941005,-2.50344012379424,"Alek Thomas",441
"285","Shea Langeliers","OAK",-2.67939060325282,"25816",42598,"C",-0.568436073401782,-2.11095452985104,"Shea Langeliers",401
"286","Brendan Donovan","STL",-2.69277239777511,"24679",41773,"2B",1.59559610679458,-4.2883685045697,"Brendan Donovan",366
"287","Brendan Donovan","STL",-2.69277239777511,"24679",41773,"LF",1.01938213796651,-3.71215453574163,"Brendan Donovan",366
"288","Wyatt Langford","TEX",-2.73717778805045,"sa3022654",NA,"LF",1.01938213796651,-3.75655992601696,"Wyatt Langford",136
"289","Parker Meadows","DET",-2.74534279547262,"23800",NA,NA,NA,NA,"Parker Meadows",348
"290","Luis García Jr.","WSN",-2.81335047634075,"20391",40459,"2B",1.59559610679458,-4.40894658313533,"Luis Garcia",NA
"291","Luis García Jr.","WSN",-2.81335047634075,"20391",40459,"2B",1.59559610679458,-4.40894658313533,"Luis Garcia",NA
"292","Jackson Holliday","BAL",-2.8572328076758,"sa3020241",NA,"SS",2.70406583783264,-5.56129864550844,"Jackson Holliday",170
"293","Jackson Holliday","BAL",-2.8572328076758,"sa3020241",NA,"2B",1.59559610679458,-4.45282891447038,"Jackson Holliday",170
"294","Carlos Santana","MIN",-2.86016366504569,"2396",30280,"1B",4.0712619963038,-6.93142566134949,"Carlos Santana",336
"295","Nolan Schanuel","LAA",-2.93836716779873,"33189",NA,NA,NA,NA,"Nolan Schanuel",NA
"296","Mitch Garver","SEA",-2.99985302305606,"15161",33667,"C",-0.568436073401782,-2.43141694965428,"Mitch Garver",218
"297","Mitch Garver","SEA",-2.99985302305606,"15161",33667,"DH",4.96976368634212,-7.96961670939818,"Mitch Garver",218
"298","Luis Campusano","SDP",-3.11296872728815,"22217",40521,"C",-0.568436073401782,-2.54453265388636,"Luis Campusano",315
"299","Starling Marte","NYM",-3.13314741203703,"9241",30830,"RF",1.01938213796651,-4.15252955000354,"Starling Marte",245
"300","Brenton Doyle","COL",-3.24789299709781,"25479",42462,"CF",-0.104121754941005,-3.14377124215681,"Brenton Doyle",NA
"301","Gavin Lux","LAD",-3.52380811797025,"19955",40423,"2B",1.59559610679458,-5.11940422476484,"Gavin Lux",246
"302","Gavin Lux","LAD",-3.52380811797025,"19955",40423,"LF",1.01938213796651,-4.54319025593677,"Gavin Lux",246
"303","Rowdy Tellez","PIT",-3.56976414522466,"15679",34287,"1B",4.0712619963038,-7.64102614152847,"Rowdy Tellez",419
"304","Rowdy Tellez","PIT",-3.56976414522466,"15679",34287,"DH",4.96976368634212,-8.53952783156679,"Rowdy Tellez",419
"305","Bo Naylor","CLE",-3.573411887239,"21865",41183,"C",-0.568436073401782,-3.00497581383722,"Bo Naylor",280
"306","Michael Massey","KCR",-3.62678565625399,"27684",4109223,NA,NA,NA,"Michael Massey",NA
"307","Elehuris Montero","COL",-3.63801951888455,"20543",41222,NA,NA,NA,"Elehuris Montero",NA
"308","Masyn Winn","STL",-3.64057310339176,"27479",4683365,"SS",2.70406583783264,-6.3446389412244,"Masyn Winn",NA
"309","Henry Davis","PIT",-3.64108834769545,"29617",4418683,"RF",1.01938213796651,-4.66047048566196,"Henry Davis",327
"310","Andrew McCutchen","PIT",-3.68233703280806,"9847",28701,"DH",4.96976368634212,-8.65210071915018,"Andrew McCutchen",433
"311","Elias Díaz","COL",-3.70359482837978,"11680",33594,"C",-0.568436073401782,-3.135158754978,"Elias Diaz",398
"312","Ramón Laureano","CLE",-3.87617202822236,"17128",35142,NA,NA,NA,"Ramon Laureano",NA
"313","J.D. Davis","SFG",-3.87703223472921,"16219",33796,"3B",3.03297428222753,-6.91000651695673,"J.D. Davis",NA
"314","Ryan O'Hearn","BAL",-3.93558988724105,"16442",35183,"1B",4.0712619963038,-8.00685188354486,"Ryan O'Hearn",NA
"315","Ryan O'Hearn","BAL",-3.93558988724105,"16442",35183,"RF",1.01938213796651,-4.95497202520757,"Ryan O'Hearn",NA
"316","Jordan Westburg","BAL",-3.94892838574434,"27815",4298641,"2B",1.59559610679458,-5.54452449253892,"Jordan Westburg",349
"317","Jordan Westburg","BAL",-3.94892838574434,"27815",4298641,"3B",3.03297428222753,-6.98190266797186,"Jordan Westburg",349
"318","Wilyer Abreu","BOS",-3.95024502141611,"23772",NA,NA,NA,NA,"Wilyer Abreu",NA
"319","Anthony Rendon","LAA",-3.98154918242118,"12861",32098,"3B",3.03297428222753,-7.01452346464871,"Anthony Rendon",402
"320","Esteury Ruiz","OAK",-4.02310875338525,"21780",39680,"CF",-0.104121754941005,-3.91898699844424,"Esteury Ruiz",202
"321","Alex Kirilloff","MIN",-4.13580959900059,"20325",40636,"1B",4.0712619963038,-8.20707159530439,"Alex Kirilloff",NA
"322","Alex Kirilloff","MIN",-4.13580959900059,"20325",40636,"RF",1.01938213796651,-5.1551917369671,"Alex Kirilloff",NA
"323","Tyler Stephenson","CIN",-4.23605593648808,"17988",34975,"C",-0.568436073401782,-3.6676198630863,"Tyler Stephenson",335
"324","Tyler Stephenson","CIN",-4.23605593648808,"17988",34975,"DH",4.96976368634212,-9.2058196228302,"Tyler Stephenson",335
"325","Davis Schneider","TOR",-4.25391600438919,"23565",NA,NA,NA,NA,"Davis Schneider",386
"326","Chris Taylor","LAD",-4.26612369347776,"13757",32900,"3B",3.03297428222753,-7.29909797570528,"Chris Taylor",313
"327","Chris Taylor","LAD",-4.26612369347776,"13757",32900,"SS",2.70406583783264,-6.9701895313104,"Chris Taylor",313
"328","Chris Taylor","LAD",-4.26612369347776,"13757",32900,"LF",1.01938213796651,-5.28550583144427,"Chris Taylor",313
"329","Adam Duvall","",-4.32480367220436,"10950",32664,"CF",-0.104121754941005,-4.22068191726336,"Adam Duvall",352
"330","Adam Duvall","",-4.32480367220436,"10950",32664,"RF",1.01938213796651,-5.34418581017087,"Adam Duvall",352
"331","Joey Gallo","WSN",-4.52492634718281,"14128",32818,"1B",4.0712619963038,-8.59618834348661,"Joey Gallo",360
"332","Joey Gallo","WSN",-4.52492634718281,"14128",32818,"LF",1.01938213796651,-5.54430848514932,"Joey Gallo",360
"333","JJ Bleday","OAK",-4.57035587762321,"26368",42410,NA,NA,NA,"JJ Bleday",NA
"334","Luke Raley","SEA",-4.58109089559177,"19354",40422,"1B",4.0712619963038,-8.65235289189557,"Luke Raley",NA
"335","Luke Raley","SEA",-4.58109089559177,"19354",40422,"RF",1.01938213796651,-5.60047303355828,"Luke Raley",NA
"336","Willi Castro","MIN",-4.68338104880938,"17338",34230,"3B",3.03297428222753,-7.71635533103691,"Willi Castro",410
"337","Willi Castro","MIN",-4.68338104880938,"17338",34230,"LF",1.01938213796651,-5.7027631867759,"Willi Castro",410
"338","Willi Castro","MIN",-4.68338104880938,"17338",34230,"CF",-0.104121754941005,-4.57925929386838,"Willi Castro",410
"339","Danny Jansen","TOR",-4.69987343674952,"16535",35004,"C",-0.568436073401782,-4.13143736334774,"Danny Jansen",NA
"340","Whit Merrifield","PHI",-4.78081723560918,"11281",32422,"2B",1.59559610679458,-6.37641334240376,"Whit Merrifield",287
"341","Whit Merrifield","PHI",-4.78081723560918,"11281",32422,"LF",1.01938213796651,-5.8001993735757,"Whit Merrifield",287
"342","Amed Rosario","TBR",-4.80061027859615,"15518",33215,"2B",1.59559610679458,-6.39620638539074,"Amed Rosario",NA
"343","Amed Rosario","TBR",-4.80061027859615,"15518",33215,"SS",2.70406583783264,-7.5046761164288,"Amed Rosario",NA
"344","Brett Baty","NYM",-4.82810898341318,"26123",42414,"3B",3.03297428222753,-7.8610832656407,"Brett Baty",404
"345","Jake Fraley","CIN",-4.85625346294383,"19260",37974,"LF",1.01938213796651,-5.87563560091034,"Jake Fraley",NA
"346","Jake Fraley","CIN",-4.85625346294383,"19260",37974,"RF",1.01938213796651,-5.87563560091034,"Jake Fraley",NA
"347","Jake Fraley","CIN",-4.85625346294383,"19260",37974,"DH",4.96976368634212,-9.82601714928595,"Jake Fraley",NA
"348","Ryan Jeffers","MIN",-4.88036644192153,"24618",41587,"C",-0.568436073401782,-4.31193036851974,"Ryan Jeffers",424
"349","Marco Luciano","SFG",-5.0860516243772,"25616",NA,NA,NA,NA,"Marco Luciano",NA
"350","Jurickson Profar","SDP",-5.13957458255835,"10815",31117,"LF",1.01938213796651,-6.15895672052486,"Jurickson Profar",NA
"351","Will Benson","CIN",-5.20690067893923,"21853",39216,"LF",1.01938213796651,-6.22628281690575,"Will Benson",392
"352","Will Benson","CIN",-5.20690067893923,"21853",39216,"RF",1.01938213796651,-6.22628281690575,"Will Benson",392
"353","Mark Vientos","NYM",-5.41133533350613,"22184",41034,NA,NA,NA,"Mark Vientos",NA
"354","Harrison Bader","NYM",-5.4127483399639,"18030",35062,"CF",-0.104121754941005,-5.3086265850229,"Harrison Bader",394
"355","Brice Turang","MIL",-5.42920801627181,"22186",41179,"2B",1.59559610679458,-7.02480412306639,"Brice Turang",NA
"356","Brice Turang","MIL",-5.42920801627181,"22186",41179,"SS",2.70406583783264,-8.13327385410445,"Brice Turang",NA
"357","Patrick Wisdom","CHC",-5.51125097458249,"13602",32861,NA,NA,NA,"Patrick Wisdom",NA
"358","Michael Busch","CHC",-5.57999786838027,"26319",42415,"3B",3.03297428222753,-8.6129721506078,"Michael Busch",397
"359","C.J. Cron","",-5.61027178340392,"12546",32155,NA,NA,NA,"C.J. Cron",NA
"360","Mickey Moniak","LAA",-5.79262588878261,"19956",36181,"CF",-0.104121754941005,-5.6885041338416,"Mickey Moniak",488
"361","Kyle Manzardo","CLE",-5.84902553558798,"sa3017342",4917927,"1B",4.0712619963038,-9.92028753189179,"Kyle Manzardo",NA
"362","Matt Vierling","DET",-5.90158319907723,"21558",41636,"3B",3.03297428222753,-8.93455748130476,"Matt Vierling",NA
"363","Matt Vierling","DET",-5.90158319907723,"21558",41636,"LF",1.01938213796651,-6.92096533704375,"Matt Vierling",NA
"364","Matt Vierling","DET",-5.90158319907723,"21558",41636,"CF",-0.104121754941005,-5.79746144413623,"Matt Vierling",NA
"365","Matt Vierling","DET",-5.90158319907723,"21558",41636,"RF",1.01938213796651,-6.92096533704375,"Matt Vierling",NA
"366","Geraldo Perdomo","ARI",-6.02397877299947,"22799",41355,"2B",1.59559610679458,-7.61957487979406,"Geraldo Perdomo",481
"367","Geraldo Perdomo","ARI",-6.02397877299947,"22799",41355,"SS",2.70406583783264,-8.72804461083211,"Geraldo Perdomo",481
"368","Sean Bouchard","COL",-6.0852099730179,"21270",41989,NA,NA,NA,"Sean Bouchard",NA
"369","Liover Peguero","PIT",-6.23447702784153,"24273",42451,"2B",1.59559610679458,-7.83007313463611,"Liover Peguero",NA
"370","Liover Peguero","PIT",-6.23447702784153,"24273",42451,"SS",2.70406583783264,-8.93854286567417,"Liover Peguero",NA
"371","Eddie Rosario","",-6.42272091479104,"12155",31944,"LF",1.01938213796651,-7.44210305275756,"Eddie Rosario",NA
"372","Jake Rogers","DET",-6.50665646590114,"19452",39900,"C",-0.568436073401782,-5.93822039249936,"Jake Rogers",NA
"373","Michael A. Taylor","",-6.52679112929996,"11489",32219,NA,NA,NA,"Michael A. Taylor",NA
"374","Alejandro Kirk","TOR",-6.69172309333849,"22581",42081,"C",-0.568436073401782,-6.12328701993671,"Alejandro Kirk",291
"375","Kevin Kiermaier","TOR",-6.73003726783655,"11038",31446,"CF",-0.104121754941005,-6.62591551289554,"Kevin Kiermaier",395
"376","Brayan Rocchio","CLE",-6.75287880018421,"23690",41217,"3B",3.03297428222753,-9.78585308241174,"Brayan Rocchio",NA
"377","Brayan Rocchio","CLE",-6.75287880018421,"23690",41217,"SS",2.70406583783264,-9.45694463801685,"Brayan Rocchio",NA
"378","Trent Grisham","NYY",-6.78930673233455,"18564",34995,NA,NA,NA,"Trent Grisham",426
"379","Jason Heyward","LAD",-6.81448452774473,"4940",29551,"CF",-0.104121754941005,-6.71036277280372,"Jason Heyward",403
"380","Jason Heyward","LAD",-6.81448452774473,"4940",29551,"RF",1.01938213796651,-7.83386666571124,"Jason Heyward",403
"381","Dylan Carlson","STL",-6.85414416740744,"20126",39226,"CF",-0.104121754941005,-6.75002241246643,"Dylan Carlson",NA
"382","Dylan Carlson","STL",-6.85414416740744,"20126",39226,"RF",1.01938213796651,-7.87352630537395,"Dylan Carlson",NA
"383","Pete Crow-Armstrong","CHC",-6.8921384998032,"27769",NA,NA,NA,NA,"Pete Crow-Armstrong",NA
"384","Patrick Bailey","SFG",-6.99053983544006,"27478",4345843,"C",-0.568436073401782,-6.42210376203828,"Patrick Bailey",346
"385","Garrett Cooper","",-6.99731007489352,"15279",33398,NA,NA,NA,"Garrett Cooper",NA
"386","Kyle Isbel","KCR",-7.02143016247874,"21614",41263,NA,NA,NA,"Kyle Isbel",NA
"387","Yan Gomes","CHC",-7.02308943487679,"9627",32108,"C",-0.568436073401782,-6.45465336147501,"Yan Gomes",428
"388","Myles Straw","CLE",-7.08475892583647,"17620",39105,NA,NA,NA,"Myles Straw",NA
"389","Austin Wells","NYY",-7.11387230029962,"27562",4683349,"C",-0.568436073401782,-6.54543622689783,"Austin Wells",318
"390","René Pinto","TBR",-7.14159381327583,"19859",37637,NA,NA,NA,"Rene Pinto",NA
"391","Jon Berti","MIA",-7.23812692317565,"12037",32273,"3B",3.03297428222753,-10.2711012054032,"Jon Berti",NA
"392","Jon Berti","MIA",-7.23812692317565,"12037",32273,"SS",2.70406583783264,-9.94219276100829,"Jon Berti",NA
"393","Brandon Belt","",-7.23934437543575,"10264",30901,NA,NA,NA,"Brandon Belt",NA
"394","Robbie Grossman","",-7.31113281221891,"5254",31385,NA,NA,NA,"Robbie Grossman",NA
"395","Junior Caminero","TBR",-7.36432382283134,"28163",NA,NA,NA,NA,"Junior Caminero",217
"396","Dominic Fletcher","CHW",-7.38999005479912,"26149",42984,NA,NA,NA,"Dominic Fletcher",NA
"397","Hunter Goodman","COL",-7.39101335020756,"29715",NA,NA,NA,NA,"Hunter Goodman",NA
"398","Connor Wong","BOS",-7.41579026907447,"19896",40086,"C",-0.568436073401782,-6.84735419567268,"Connor Wong",375
"399","Connor Joe","PIT",-7.52240661694281,"16572",35440,NA,NA,NA,"Connor Joe",NA
"400","Aaron Hicks","LAA",-7.67738998732424,"5297",31253,NA,NA,NA,"Aaron Hicks",498
"401","Nick Senzel","WSN",-7.70047267900925,"19293",36180,"3B",3.03297428222753,-10.7334469612368,"Nick Senzel",NA
"402","Nick Senzel","WSN",-7.70047267900925,"19293",36180,"LF",1.01938213796651,-8.71985481697577,"Nick Senzel",NA
"403","Travis d'Arnaud","ATL",-7.76356237216971,"7739",29951,"C",-0.568436073401782,-7.19512629876793,"Travis d'Arnaud",326
"404","Jake Meyers","HOU",-7.82420662301808,"20308",40719,NA,NA,NA,"Jake Meyers",NA
"405","Joshua Palacios","PIT",-7.86100594542639,"19818",NA,NA,NA,NA,"Joshua Palacios",NA
"406","Cavan Biggio","TOR",-7.92782983989101,"19252",37639,"1B",4.0712619963038,-11.9990918361948,"Cavan Biggio",347
"407","Cavan Biggio","TOR",-7.92782983989101,"19252",37639,"2B",1.59559610679458,-9.52342594668559,"Cavan Biggio",347
"408","Cavan Biggio","TOR",-7.92782983989101,"19252",37639,"RF",1.01938213796651,-8.94721197785752,"Cavan Biggio",347
"409","Stone Garrett","WSN",-7.96235074911319,"19273",35063,NA,NA,NA,"Stone Garrett",NA
"410","Mike Tauchman","CHC",-8.11238217022936,"15274",33956,NA,NA,NA,"Mike Tauchman",NA
"411","Edward Olivares","PIT",-8.14357755702949,"19698",36463,NA,NA,NA,"Edward Olivares",NA
"412","Zach McKinstry","DET",-8.30389159394006,"19392",38420,"2B",1.59559610679458,-9.89948770073465,"Zach McKinstry",381
"413","Zach McKinstry","DET",-8.30389159394006,"19392",38420,"3B",3.03297428222753,-11.3368658761676,"Zach McKinstry",381
"414","Zach McKinstry","DET",-8.30389159394006,"19392",38420,"SS",2.70406583783264,-11.0079574317727,"Zach McKinstry",381
"415","Zach McKinstry","DET",-8.30389159394006,"19392",38420,"LF",1.01938213796651,-9.32327373190658,"Zach McKinstry",381
"416","Zach McKinstry","DET",-8.30389159394006,"19392",38420,"RF",1.01938213796651,-9.32327373190658,"Zach McKinstry",381
"417","Tyrone Taylor","NYM",-8.34700857794137,"13675",32783,NA,NA,NA,"Tyrone Taylor",NA
"418","Ezequiel Duran","TEX",-8.36319910520532,"23733",42457,"3B",3.03297428222753,-11.3961733874328,"Ezequiel Duran",351
"419","Ezequiel Duran","TEX",-8.36319910520532,"23733",42457,"SS",2.70406583783264,-11.067264943038,"Ezequiel Duran",351
"420","Ezequiel Duran","TEX",-8.36319910520532,"23733",42457,"LF",1.01938213796651,-9.38258124317183,"Ezequiel Duran",351
"421","Ezequiel Duran","TEX",-8.36319910520532,"23733",42457,"DH",4.96976368634212,-13.3329627915474,"Ezequiel Duran",351
"422","Harold Ramírez","TBR",-8.36971870050196,"14387",33259,"DH",4.96976368634212,-13.3394823868441,"Harold Ramirez",NA
"423","Gio Urshela","DET",-8.39493729253487,"10681",32721,"1B",4.0712619963038,-12.4661992888387,"Gio Urshela",407
"424","Gio Urshela","DET",-8.39493729253487,"10681",32721,"3B",3.03297428222753,-11.4279115747624,"Gio Urshela",407
"425","Paul DeJong","CHW",-8.45584996671339,"18015",35185,NA,NA,NA,"Paul DeJong",NA
"426","Luis Urías","SEA",-8.49823781717424,"16622",35383,"2B",1.59559610679458,-10.0938339239688,"Luis Urias",389
"427","Luis Urías","SEA",-8.49823781717424,"16622",35383,"3B",3.03297428222753,-11.5312120994018,"Luis Urias",389
"428","Enrique Hernández","LAD",-8.53016120581404,"10472",31358,"2B",1.59559610679458,-10.1257573126086,"Kike Hernandez",341
"429","Enrique Hernández","LAD",-8.53016120581404,"10472",31358,"SS",2.70406583783264,-11.2342270436467,"Kike Hernandez",341
"430","Enrique Hernández","LAD",-8.53016120581404,"10472",31358,"CF",-0.104121754941005,-8.42603945087304,"Kike Hernandez",341
"431","Mauricio Dubón","HOU",-8.58489356050769,"16530",35304,"2B",1.59559610679458,-10.1804896673023,"Mauricio Dubon",371
"432","Mauricio Dubón","HOU",-8.58489356050769,"16530",35304,"CF",-0.104121754941005,-8.48077180556668,"Mauricio Dubon",371
"433","Joey Votto","",-8.66147601218148,"4314",28670,NA,NA,NA,"Joey Votto",383
"434","Garrett Mitchell","MIL",-8.69240757730642,"27555",4313442,"CF",-0.104121754941005,-8.58828582236541,"Garrett Mitchell",NA
"435","Drew Waters","KCR",-8.69630451313973,"20505",41076,NA,NA,NA,"Drew Waters",NA
"436","Joey Ortiz","MIL",-8.93684471888171,"25493",4311644,NA,NA,NA,"Joey Ortiz",NA
"437","Victor Robles","WSN",-8.96608587032316,"18363",35042,NA,NA,NA,"Victor Robles",NA
"438","Avisaíl García","MIA",-9.07991920579355,"5760",30729,NA,NA,NA,"Avisail Garcia",NA
"439","Jonny DeLuca","TBR",-9.19546935169131,"26365",5005912,NA,NA,NA,"Jonny Deluca",NA
"440","Spencer Strider","ATL",11.7870481310525,"27498",4307825,"SP",3.99508454828887,7.79196358276361,"Spencer Strider",4
"441","Corbin Burnes","BAL",10.8665929484835,"19361",39878,"SP",3.99508454828887,6.87150840019466,"Corbin Burnes",15
"442","Zack Wheeler","PHI",10.856329722403,"10310",31267,"SP",3.99508454828887,6.8612451741141,"Zack Wheeler",13
"443","Kevin Gausman","TOR",10.6085652277253,"14107",32667,"SP",3.99508454828887,6.6134806794364,"Kevin Gausman",27
"444","Luis Castillo","SEA",10.5665638767819,"15689",35124,"SP",3.99508454828887,6.57147932849304,"Luis Castillo",17
"445","Logan Webb","SFG",10.5158798509815,"17995",41216,"SP",3.99508454828887,6.52079530269258,"Logan Webb",28
"446","Pablo López","MIN",10.4701684099569,"17085",39671,"SP",3.99508454828887,6.47508386166804,"Pablo Lopez",25
"447","Zac Gallen","ARI",10.1731985226661,"19291",39910,"SP",3.99508454828887,6.17811397437718,"Zac Gallen",23
"448","Framber Valdez","HOU",10.1512161355286,"17295",36581,"SP",3.99508454828887,6.1561315872397,"Framber Valdez",33
"449","George Kirby","SEA",9.84384570452645,"25436",42406,"SP",3.99508454828887,5.84876115623758,"George Kirby",36
"450","Aaron Nola","PHI",9.83998901876553,"16149",33709,"SP",3.99508454828887,5.84490447047666,"Aaron Nola",39
"451","Logan Gilbert","SEA",9.43142034509102,"22250",41221,"SP",3.99508454828887,5.43633579680214,"Logan Gilbert",46
"452","Freddy Peralta","MIL",8.09625787211662,"18679",39825,"SP",3.99508454828887,4.10117332382775,"Freddy Peralta",42
"453","Chris Bassitt","TOR",8.01027205634596,"12304",33148,"SP",3.99508454828887,4.01518750805709,"Chris Bassitt",86
"454","Zach Eflin","TBR",8.00313089130522,"13774",32804,"SP",3.99508454828887,4.00804634301635,"Zach Eflin",74
"455","Jesús Luzardo","MIA",7.93189206458085,"19959",39667,"SP",3.99508454828887,3.93680751629197,"Jesus Luzardo",57
"456","Yoshinobu Yamamoto","LAD",7.79971780405883,"sa3023345",NA,"SP",3.99508454828887,3.80463325576996,"Yoshinobu Yamamoto",31
"457","Max Fried","ATL",7.64039573705151,"13743",32685,"SP",3.99508454828887,3.64531118876264,"Max Fried",45
"458","Tarik Skubal","DET",7.6359195611906,"22267",42409,"SP",3.99508454828887,3.64083501290173,"Tarik Skubal",49
"459","Merrill Kelly","ARI",7.55058888572205,"11156",32968,"SP",3.99508454828887,3.55550433743318,"Merrill Kelly",85
"460","Blake Snell","",7.48235288437136,"13543",33748,"SP",3.99508454828887,3.48726833608248,"Blake Snell",77
"461","Justin Steele","CHC",7.47906440958421,"17312",41022,"SP",3.99508454828887,3.48397986129534,"Justin Steele",73
"462","Dylan Cease","CHW",7.36136565527149,"18525",34943,"SP",3.99508454828887,3.36628110698262,"Dylan Cease",56
"463","Joe Ryan","MIN",7.3486806528944,"21390",42450,"SP",3.99508454828887,3.35359610460553,"Joe Ryan",69
"464","Mitch Keller","PIT",7.21595876809519,"17594",33722,"SP",3.99508454828887,3.22087421980631,"Mitch Keller",98
"465","Shane Bieber","CLE",7.18389295318079,"19427",40912,"SP",3.99508454828887,3.18880840489192,"Shane Bieber",101
"466","Joe Musgrove","SDP",7.11508256148302,"12970",34848,"SP",3.99508454828887,3.11999801319415,"Joe Musgrove",88
"467","José Berríos","TOR",6.9218418530139,"14168",32811,"SP",3.99508454828887,2.92675730472503,"Jose Berrios",109
"468","Tanner Bibee","CLE",6.87074919806564,"30134",4345278,"SP",3.99508454828887,2.87566464977677,"Tanner Bibee",111
"469","Jordan Montgomery","",6.64882548184729,"16511",38173,"SP",3.99508454828887,2.65374093355842,"Jordan Montgomery",164
"470","Sonny Gray","STL",6.62169525248173,"12768",32082,"SP",3.99508454828887,2.62661070419286,"Sonny Gray",134
"471","Grayson Rodriguez","BAL",6.55801833897907,"24492",41196,"SP",3.99508454828887,2.5629337906902,"Grayson Rodriguez",63
"472","Tyler Glasnow","LAD",6.39120072805901,"14374",33190,"SP",3.99508454828887,2.39611617977014,"Tyler Glasnow",37
"473","Eduardo Rodriguez","ARI",5.79189086982328,"13164",32675,"SP",3.99508454828887,1.7968063215344,"Eduardo Rodriguez",177
"474","Bobby Miller","LAD",5.76298863033694,"27483",4326703,"SP",3.99508454828887,1.76790408204807,"Bobby Miller",91
"475","Cole Ragans","KCR",5.73172207537261,"21846",41054,"SP",3.99508454828887,1.73663752708374,"Cole Ragans",87
"476","Cole Ragans","KCR",5.73172207537261,"21846",41054,"RP",-0.777577739227631,6.50929981460024,"Cole Ragans",87
"477","Nick Pivetta","BOS",5.46790307883401,"15454",36071,"SP",3.99508454828887,1.47281853054514,"Nick Pivetta",113
"478","Nick Pivetta","BOS",5.46790307883401,"15454",36071,"RP",-0.777577739227631,6.24548081806164,"Nick Pivetta",113
"479","Bailey Ober","MIN",5.32501304245638,"21224",3107919,"SP",3.99508454828887,1.32992849416751,"Bailey Ober",120
"480","Braxton Garrett","MIA",5.28730610256527,"21844",40971,"SP",3.99508454828887,1.29222155427639,"Braxton Garrett",193
"481","Lucas Giolito","BOS",5.28406013804205,"15474",32697,"SP",3.99508454828887,1.28897558975317,"Lucas Giolito",431
"482","Hunter Greene","CIN",5.22830722863309,"22182",39635,"SP",3.99508454828887,1.23322268034422,"Hunter Greene",105
"483","Justin Verlander","HOU",5.17144659219711,"8700",6341,"SP",3.99508454828887,1.17636204390824,"Justin Verlander",172
"484","Kodai Senga","NYM",5.13719563790775,"31838",4142421,"SP",3.99508454828887,1.14211108961888,"Kodai Senga",176
"485","Cristian Javier","HOU",5.06809703736293,"17606",41261,"SP",3.99508454828887,1.07301248907406,"Cristian Javier",119
"486","Miles Mikolas","STL",4.90721252518859,"9803",32116,"SP",3.99508454828887,0.912127976899713,"Miles Mikolas",302
"487","Hunter Brown","HOU",4.82125816949329,"25880",4717803,"SP",3.99508454828887,0.82617362120442,"Hunter Brown",115
"488","Yu Darvish","SDP",4.79428937739981,"13074",32055,"SP",3.99508454828887,0.79920482911094,"Yu Darvish",142
"489","Kyle Gibson","STL",4.66832298032566,"10123",31053,"SP",3.99508454828887,0.673238432036785,"Kyle Gibson",279
"490","JP Sears","OAK",4.57331005688418,"23429",39818,"SP",3.99508454828887,0.578225508595306,"JP Sears",364
"491","Lance Lynn","STL",4.53438134925072,"2520",30820,"SP",3.99508454828887,0.539296800961846,"Lance Lynn",197
"492","Jon Gray","TEX",4.29995417467425,"14916",33203,"SP",3.99508454828887,0.304869626385376,"Jon Gray",222
"493","Carlos Rodón","NYY",4.29989189626569,"16137",33696,"SP",3.99508454828887,0.304807347976813,"Carlos Rodon",159
"494","Nathan Eovaldi","TEX",4.28540940093242,"9132",31174,"SP",3.99508454828887,0.290324852643543,"Nathan Eovaldi",161
"495","Shota Imanaga","CHC",4.20492835355636,"sa3023346",NA,"SP",3.99508454828887,0.209843805267492,"Shota Imanaga",205
"496","Marcus Stroman","NYY",4.19657139843304,"13431",32815,"SP",3.99508454828887,0.201486850144163,"Marcus Stroman",198
"497","Michael King","SDP",4.15566672674956,"19853",40429,"SP",3.99508454828887,0.160582178460687,"Michael King",145
"498","Michael King","SDP",4.15566672674956,"19853",40429,"RP",-0.777577739227631,4.93324446597719,"Michael King",145
"499","Reid Detmers","LAA",4.12462413346555,"27468",4326697,"SP",3.99508454828887,0.12953958517668,"Reid Detmers",162
"500","Eury Pérez","MIA",4.02015276380834,"27768",4917854,"SP",3.99508454828887,0.0250682155194646,"Eury Perez",182
"501","Brayan Bello","BOS",3.99508454828887,"23920",4720856,"SP",3.99508454828887,0,"Brayan Bello",228
"502","Charlie Morton","ATL",3.95366043759479,"4676",29155,"SP",3.99508454828887,-0.0414241106940842,"Charlie Morton",150
"503","Triston McKenzie","CLE",3.92194246484308,"18000",34954,"SP",3.99508454828887,-0.0731420834457897,"Triston McKenzie",204
"504","Yusei Kikuchi","TOR",3.84421926153983,"20633",41415,"SP",3.99508454828887,-0.150865286749042,"Yusei Kikuchi",227
"505","Gavin Williams","CLE",3.84410711307568,"30122",4345076,"SP",3.99508454828887,-0.150977435213192,"Gavin Williams",234
"506","Dean Kremer","BAL",3.76121134669693,"19350",38295,"SP",3.99508454828887,-0.233873201591939,"Dean Kremer",249
"507","Aaron Civale","TBR",3.76084275591629,"19479",40934,"SP",3.99508454828887,-0.234241792372579,"Aaron Civale",288
"508","Brady Singer","KCR",3.7127924248292,"25377",41172,"SP",3.99508454828887,-0.282292123459676,"Brady Singer",308
"509","Bryce Miller","SEA",3.49011510563571,"29837",4654313,"SP",3.99508454828887,-0.504969442653165,"Bryce Miller",160
"510","Ranger Suárez","PHI",3.44672074320898,"17277",39817,"SP",3.99508454828887,-0.548363805079888,"Ranger Suarez",292
"511","Bryan Woo","SEA",3.3737651223287,"30279",4629089,"SP",3.99508454828887,-0.621319425960171,"Bryan Woo",214
"512","Griffin Canning","LAA",3.3519724430766,"19867",41065,"SP",3.99508454828887,-0.64311210521227,"Griffin Canning",283
"513","Chris Sale","ATL",3.32218143922683,"10603",30948,"SP",3.99508454828887,-0.672903109062041,"Chris Sale",94
"514","Ryan Pepiot","TBR",3.24086108899178,"26221",4208281,"RP",-0.777577739227631,4.01843882821941,"Ryan Pepiot",179
"515","Nestor Cortes","NYY",3.22506593760703,"17874",36480,"SP",3.99508454828887,-0.770018610681839,"Nestor Cortes Jr.",221
"516","Dane Dunning","TEX",3.04210313145622,"19409",36080,"SP",3.99508454828887,-0.95298141683265,"Dane Dunning",258
"517","Dane Dunning","TEX",3.04210313145622,"19409",36080,"RP",-0.777577739227631,3.81968087068385,"Dane Dunning",258
"518","Sean Manaea","NYM",3.00908375527524,"15873",33244,"SP",3.99508454828887,-0.986000793013631,"Sean Manaea",270
"519","Sean Manaea","NYM",3.00908375527524,"15873",33244,"RP",-0.777577739227631,3.78666149450287,"Sean Manaea",270
"520","Brandon Pfaadt","ARI",2.98406384332452,"27782",4721302,"SP",3.99508454828887,-1.01102070496435,"Brandon Pfaadt",250
"521","Taijuan Walker","PHI",2.94072675361742,"11836",31864,"SP",3.99508454828887,-1.05435779467145,"Taijuan Walker",350
"522","Jose Quintana","NYM",2.89834567403711,"11423",32106,"SP",3.99508454828887,-1.09673887425176,"Jose Quintana",358
"523","Patrick Sandoval","LAA",2.77958911669464,"19447",40975,"SP",3.99508454828887,-1.21549543159423,"Patrick Sandoval",408
"524","Seth Lugo","KCR",2.70933819451934,"12447",34873,"SP",3.99508454828887,-1.28574635376953,"Seth Lugo",317
"525","Jameson Taillon","CHC",2.69177828198624,"11674",31258,"SP",3.99508454828887,-1.30330626630264,"Jameson Taillon",NA
"526","Edwin Díaz","NYM",2.65639555356965,"14710",35394,"RP",-0.777577739227631,3.43397329279729,"Edwin Diaz",55
"527","Kenta Maeda","DET",2.55358021405993,"18498",34892,"SP",3.99508454828887,-1.44150433422895,"Kenta Maeda",206
"528","Kyle Harrison","SFG",2.54412635127511,"27758",4683375,"SP",3.99508454828887,-1.45095819701376,"Kyle Harrison",190
"529","Logan Allen","CLE",2.52586831309854,"27589",4683350,"SP",3.99508454828887,-1.46921623519033,"Logan Allen",391
"530","MacKenzie Gore","WSN",2.49676391385483,"22201",39636,"SP",3.99508454828887,-1.49832063443404,"MacKenzie Gore",290
"531","Josiah Gray","WSN",2.44451907048593,"24580",41165,"SP",3.99508454828887,-1.55056547780294,"Josiah Gray",244
"532","Cristopher Sánchez","PHI",2.28106489088143,"20778",NA,"SP",3.99508454828887,-1.71401965740744,"Cristopher Sanchez",309
"533","Clarke Schmidt","NYY",2.13953866020896,"19899",41085,"SP",3.99508454828887,-1.85554588807991,"Clarke Schmidt",301
"534","Tyler Anderson","LAA",2.03405227714628,"12880",32151,"SP",3.99508454828887,-1.96103227114259,"Tyler Anderson",NA
"535","Walker Buehler","LAD",1.9331722413775,"19374",39251,"SP",3.99508454828887,-2.06191230691138,"Walker Buehler",139
"536","Taj Bradley","TBR",1.91252701578794,"22543",42480,"SP",3.99508454828887,-2.08255753250093,"Taj Bradley",NA
"537","Andrew Abbott","CIN",1.83582204105627,"29911",4414528,"SP",3.99508454828887,-2.1592625072326,"Andrew Abbott",298
"538","Jhoan Duran","MIN",1.7233380675227,"21029",41109,"RP",-0.777577739227631,2.50091580675033,"Jhoan Duran",99
"539","Kutter Crawford","BOS",1.68073861221507,"20531",41277,"SP",3.99508454828887,-2.3143459360738,"Kutter Crawford",203
"540","Kutter Crawford","BOS",1.68073861221507,"20531",41277,"RP",-0.777577739227631,2.4583163514427,"Kutter Crawford",203
"541","Reese Olson","DET",1.66491698116964,"24968",4734319,"SP",3.99508454828887,-2.33016756711924,"Reese Olson",NA
"542","Edward Cabrera","MIA",1.6212351835787,"21690",40944,"SP",3.99508454828887,-2.37384936471018,"Edward Cabrera",NA
"543","Emmanuel Clase","CLE",1.58063529950975,"21032",41743,"RP",-0.777577739227631,2.35821303873738,"Emmanuel Clase",58
"544","Devin Williams","MIL",1.45372409725245,"15816",33224,"RP",-0.777577739227631,2.23130183648008,"Devin Williams",266
"545","Martín Pérez","PIT",1.45250435732975,"6902",31098,"SP",3.99508454828887,-2.54258019095913,"Martin Perez",416
"546","Martín Pérez","PIT",1.45250435732975,"6902",31098,"RP",-0.777577739227631,2.23008209655738,"Martin Perez",416
"547","Michael Wacha","KCR",1.28845174959884,"14078",32640,"SP",3.99508454828887,-2.70663279869004,"Michael Wacha",353
"548","Kyle Hendricks","CHC",1.23979173145941,"12049",33173,"SP",3.99508454828887,-2.75529281682947,"Kyle Hendricks",373
"549","Louie Varland","MIN",1.11752817019541,"27691",4917888,"SP",3.99508454828887,-2.87755637809346,"Louie Varland",251
"550","Louie Varland","MIN",1.11752817019541,"27691",4917888,"RP",-0.777577739227631,1.89510590942304,"Louie Varland",251
"551","Gerrit Cole","NYY",1.10301377249142,"13125",32081,"SP",3.99508454828887,-2.89207077579745,"Gerrit Cole",90
"552","Jack Flaherty","DET",1.05598379872032,"17479",33837,"SP",3.99508454828887,-2.93910074956855,"Jack Flaherty",333
"553","Graham Ashcraft","CIN",1.04235341127932,"27552",4084179,"SP",3.99508454828887,-2.95273113700956,"Graham Ashcraft",486
"554","Frankie Montas","CIN",0.936180741727812,"14309",33249,"SP",3.99508454828887,-3.05890380656106,"Frankie Montas",316
"555","Andrew Heaney","TEX",0.922118531896395,"15423",32672,"SP",3.99508454828887,-3.07296601639248,"Andrew Heaney",286
"556","Patrick Corbin","WSN",0.889808188180953,"9323",31313,"SP",3.99508454828887,-3.10527636010792,"Patrick Corbin",NA
"557","Josh Hader","HOU",0.853502642298434,"14212",32760,"RP",-0.777577739227631,1.63108038152607,"Josh Hader",53
"558","Keaton Winn","SFG",0.843039570739896,"23499",NA,"SP",3.99508454828887,-3.15204497754898,"Keaton Winn",NA
"559","Zack Littell","TBR",0.82674075774908,"15823",36052,"SP",3.99508454828887,-3.16834379053979,"Zack Littell",NA
"560","Zack Littell","TBR",0.82674075774908,"15823",36052,"RP",-0.777577739227631,1.60431849697671,"Zack Littell",NA
"561","Nick Lodolo","CIN",0.813329370493211,"26378",42433,"SP",3.99508454828887,-3.18175517779566,"Nick Lodolo",310
"562","Pete Fairbanks","TBR",0.798189491248811,"17998",42180,"RP",-0.777577739227631,1.57576723047644,"Pete Fairbanks",123
"563","Kyle Bradish","BAL",0.505585799614305,"24586",4311625,"SP",3.99508454828887,-3.48949874867457,"Kyle Bradish",207
"564","Evan Phillips","LAD",0.496954890504258,"17734",37911,"RP",-0.777577739227631,1.27453262973189,"Evan Phillips",124
"565","Colin Rea","",0.488608357453445,"12317",33950,NA,NA,NA,"Colin Rea",NA
"566","Andrés Muñoz","SEA",0.472309481204166,"20373",40939,"RP",-0.777577739227631,1.2498872204318,"Andres Munoz",107
"567","Steven Matz","STL",0.364639632827733,"13361",33106,"SP",3.99508454828887,-3.63044491546114,"Steven Matz",NA
"568","Steven Matz","STL",0.364639632827733,"13361",33106,"RP",-0.777577739227631,1.14221737205536,"Steven Matz",NA
"569","Tanner Houck","BOS",0.338286937148425,"19879",41009,"SP",3.99508454828887,-3.65679761114045,"Tanner Houck",367
"570","Kyle Freeland","COL",0.29996483898684,"16256",33839,"SP",3.99508454828887,-3.69511970930203,"Kyle Freeland",440
"571","Erick Fedde","CHW",0.237561502066203,"17425",33793,"SP",3.99508454828887,-3.75752304622267,"Erick Fedde",NA
"572","Ross Stripling","OAK",0.225027056668063,"13273",32789,"SP",3.99508454828887,-3.77005749162081,"Ross Stripling",NA
"573","Ross Stripling","OAK",0.225027056668063,"13273",32789,"RP",-0.777577739227631,1.00260479589569,"Ross Stripling",NA
"574","David Bednar","PIT",0.216352610095154,"19569",38303,"RP",-0.777577739227631,0.993930349322785,"David Bednar",100
"575","Raisel Iglesias","ATL",0.203727682924123,"17130",33618,"RP",-0.777577739227631,0.981305422151754,"Raisel Iglesias",83
"576","Bryce Elder","ATL",0.144783936793409,"27779",4301067,"SP",3.99508454828887,-3.85030061149546,"Bryce Elder",362
"577","Tanner Scott","MIA",0.141001880841758,"17586",35135,"RP",-0.777577739227631,0.918579620069389,"Tanner Scott",127
"578","Wade Miley","MIL",0.129293472183262,"8779",31094,"SP",3.99508454828887,-3.86579107610561,"Wade Miley",NA
"579","John Means","BAL",0.0940408139101735,"16269",39948,"SP",3.99508454828887,-3.9010437343787,"John Means",NA
"580","Paul Blackburn","OAK",-0.0413068133825201,"14739",32776,NA,NA,NA,"Paul Blackburn",NA
"581","DL Hall","MIL",-0.0443435091795927,"22207",41018,"RP",-0.777577739227631,0.733234230048038,"DL Hall",357
"582","Ryan Helsley","STL",-0.0505895978278073,"18138",39909,"RP",-0.777577739227631,0.726988141399824,"Ryan Helsley",131
"583","Trevor Rogers","MIA",-0.0694270617035617,"22286",39640,"SP",3.99508454828887,-4.06451160999243,"Trevor Rogers",NA
"584","José Alvarado","PHI",-0.19999617819772,"17780",36063,"RP",-0.777577739227631,0.577581561029911,"Jose Alvarado",163
"585","Chris Paddack","MIN",-0.302933757618164,"20099",35999,"SP",3.99508454828887,-4.29801830590704,"Chris Paddack",NA
"586","Luis Severino","NYM",-0.361566459639915,"15890",33263,"SP",3.99508454828887,-4.35665100792879,"Luis Severino",303
"587","Jason Adam","TBR",-0.462079859181772,"11861",32145,"RP",-0.777577739227631,0.315497880045859,"Jason Adam",259
"588","Camilo Doval","SFG",-0.483074817970708,"21992",41337,"RP",-0.777577739227631,0.294502921256923,"Camilo Doval",51
"589","Bryan Abreu","HOU",-0.489017944922662,"16609",41208,"RP",-0.777577739227631,0.288559794304969,"Bryan Abreu",256
"590","Alek Manoah","TOR",-0.583440450672895,"26410",42436,"SP",3.99508454828887,-4.57852499896177,"Alek Manoah",NA
"591","J.P. France","HOU",-0.626575613934654,"21212",3662290,"SP",3.99508454828887,-4.62166016222353,"J.P. France",494
"592","Clay Holmes","NYY",-0.777577739227631,"13649",32827,"RP",-0.777577739227631,0,"Clay Holmes",103
"593","Adbert Alzolay","CHC",-0.847551543383895,"17859",39802,"RP",-0.777577739227631,-0.0699738041562641,"Adbert Alzolay",149
"594","Jordan Romano","TOR",-0.847645275830248,"16122",36380,"RP",-0.777577739227631,-0.0700675366026169,"Jordan Romano",82
"595","Cal Quantrill","COL",-0.867913383173427,"19312",39875,NA,NA,NA,"Cal Quantrill",NA
"596","Paul Sewald","ARI",-0.876487467369925,"13892",35009,"RP",-0.777577739227631,-0.0989097281422935,"Paul Sewald",116
"597","Chase Silseth","LAA",-0.882128166231631,"30074",4413990,"SP",3.99508454828887,-4.8772127145205,"Chase Silseth",NA
"598","Chase Silseth","LAA",-0.882128166231631,"30074",4413990,"RP",-0.777577739227631,-0.104550427004,"Chase Silseth",NA
"599","Ryan Pressly","HOU",-1.08606812888678,"7005",33072,"RP",-0.777577739227631,-0.308490389659151,"Ryan Pressly",243
"600","Anthony DeSclafani","MIN",-1.12172043920902,"13050",33180,NA,NA,NA,"Anthony DeSclafani",NA
"601","Marco Gonzales","PIT",-1.13564322276866,"15467",33158,NA,NA,NA,"Marco Gonzales",NA
"602","Hunter Harvey","WSN",-1.20873758181577,"15507",33191,"RP",-0.777577739227631,-0.431159842588138,"Hunter Harvey",314
"603","Mason Miller","OAK",-1.30453341530617,"31757",4730225,"SP",3.99508454828887,-5.29961796359504,"Mason Miller",277
"604","Mike Clevinger","",-1.31388721194035,"12808",32769,"SP",3.99508454828887,-5.30897176022922,"Mike Clevinger",NA
"605","Garrett Whitlock","BOS",-1.33248755190579,"20191",39674,"SP",3.99508454828887,-5.32757210019466,"Garrett Whitlock",276
"606","Garrett Whitlock","BOS",-1.33248755190579,"20191",39674,"RP",-0.777577739227631,-0.554909812678161,"Garrett Whitlock",276
"607","Jordan Lyles","KCR",-1.34042449980375,"7593",31061,NA,NA,NA,"Jordan Lyles",NA
"608","Alex Wood","OAK",-1.351650301022,"13781",32620,"SP",3.99508454828887,-5.34673484931087,"Alex Wood",NA
"609","Alex Wood","OAK",-1.351650301022,"13781",32620,"RP",-0.777577739227631,-0.574072561794366,"Alex Wood",NA
"610","Shane Baz","TBR",-1.36045141661424,"22264",39639,"SP",3.99508454828887,-5.35553596490311,"Shane Baz",356
"611","Jordan Wicks","CHC",-1.36341142140728,"30094",NA,NA,NA,NA,"Jordan Wicks",385
"612","A.J. Minter","ATL",-1.3771777937049,"18655",36133,"RP",-0.777577739227631,-0.599600054477271,"A.J. Minter",264
"613","Jakob Junis","MIL",-1.40124413462912,"13619",36056,NA,NA,NA,"Jakob Junis",NA
"614","Craig Kimbrel","BAL",-1.40544161274234,"6655",30653,"RP",-0.777577739227631,-0.627863873514709,"Craig Kimbrel",140
"615","Jordan Hicks","SFG",-1.44475728358936,"19618",37909,"RP",-0.777577739227631,-0.667179544361733,"Jordan Hicks",305
"616","Matt Brash","SEA",-1.47293169266739,"25756",4894467,"RP",-0.777577739227631,-0.695353953439754,"Matt Brash",338
"617","Adrian Houser","NYM",-1.54082351110022,"12718",32157,"SP",3.99508454828887,-5.53590805938909,"Adrian Houser",NA
"618","Austin Gomber","COL",-1.55678874744042,"16561",34897,NA,NA,NA,"Austin Gomber",NA
"619","Robert Stephenson","LAA",-1.58315484658953,"13594",32134,"RP",-0.777577739227631,-0.805577107361899,"Robert Stephenson",296
"620","Emmet Sheehan","LAD",-1.58438152992493,"29839",4417806,"SP",3.99508454828887,-5.5794660782138,"Emmet Sheehan",NA
"621","Alexis Díaz","CIN",-1.62989929652758,"21132",4905920,"RP",-0.777577739227631,-0.852321557299951,"Alexis Diaz",80
"622","Erik Swanson","TOR",-1.64162863057114,"16587",36013,"RP",-0.777577739227631,-0.864050891343507,"Erik Swanson",339
"623","Jake Irvin","WSN",-1.68287189008241,"21504",41290,NA,NA,NA,"Jake Irvin",NA
"624","Michael Kopech","CHW",-1.68616346157344,"17282",33763,"SP",3.99508454828887,-5.68124800986231,"Michael Kopech",NA
"625","Michael Soroka","CHW",-1.7087428377981,"18383",34984,"SP",3.99508454828887,-5.70382738608697,"Michael Soroka",475
"626","Brusdar Graterol","LAD",-1.70957037958013,"20367",40965,"RP",-0.777577739227631,-0.931992640352499,"Brusdar Graterol",NA
"627","José Urquidy","HOU",-1.80683864950965,"18413",35759,"SP",3.99508454828887,-5.80192319779852,"Jose Urquidy",NA
"628","José Urquidy","HOU",-1.80683864950965,"18413",35759,"RP",-0.777577739227631,-1.02926091028202,"Jose Urquidy",NA
"629","Luis Medina","OAK",-1.8215955689518,"21649",40949,NA,NA,NA,"Luis Medina",NA
"630","Alex Cobb","SFG",-1.87259810311982,"6562",31086,"SP",3.99508454828887,-5.8676826514087,"Alex Cobb",NA
"631","Nick Martinez","CIN",-1.92147780980035,"12730",33372,"SP",3.99508454828887,-5.91656235808922,"Nick Martinez",480
"632","Nick Martinez","CIN",-1.92147780980035,"12730",33372,"RP",-0.777577739227631,-1.14390007057272,"Nick Martinez",480
"633","Matt Manning","DET",-1.9576711488298,"20369",40920,"SP",3.99508454828887,-5.95275569711868,"Matt Manning",NA
"634","Max Scherzer","TEX",-1.98471858484282,"3137",28976,"SP",3.99508454828887,-5.97980313313169,"Max Scherzer",237
"635","Robert Suarez","SDP",-2.01871902315813,"30115",4148749,"RP",-0.777577739227631,-1.2411412839305,"Robert Suarez",216
"636","Reynaldo López","ATL",-2.08442369443583,"16400",33860,"RP",-0.777577739227631,-1.3068459552082,"Reynaldo Lopez",322
"637","Tyler Wells","BAL",-2.10393118225238,"20000",4717904,"SP",3.99508454828887,-6.09901573054126,"Tyler Wells",411
"638","Yuki Matsui","SDP",-2.12984028036822,"sa3023348",NA,NA,NA,NA,"Yuki Matsui",235
"639","Matt Strahm","PHI",-2.13160330722504,"13799",34862,"SP",3.99508454828887,-6.12668785551391,"Matt Strahm",260
"640","Matt Strahm","PHI",-2.13160330722504,"13799",34862,"RP",-0.777577739227631,-1.35402556799741,"Matt Strahm",260
"641","Chris Martin","BOS",-2.31238402650524,"11847",32903,"RP",-0.777577739227631,-1.53480628727761,"Chris Martin",NA
"642","Michael Lorenzen","",-2.36998481343635,"14843",33252,"SP",3.99508454828887,-6.36506936172522,"Michael Lorenzen",NA
"643","A.J. Puk","MIA",-2.37107528142919,"19343",36201,"RP",-0.777577739227631,-1.59349754220155,"A.J. Puk",174
"644","Héctor Neris","CHC",-2.42948852848651,"11804",32377,"RP",-0.777577739227631,-1.65191078925887,"Hector Neris",262
"645","Randy Vásquez","SDP",-2.43119385950893,"24719",4722847,NA,NA,NA,"Randy Vasquez",NA
"646","Giovanny Gallegos","STL",-2.45959414531234,"14986",36050,"RP",-0.777577739227631,-1.68201640608471,"Giovanny Gallegos",NA
"647","Kevin Ginkel","ARI",-2.50422363058234,"19876",41432,"RP",-0.777577739227631,-1.72664589135471,"Kevin Ginkel",NA
"648","Jhony Brito","SDP",-2.55256569802375,"25386",42864,"SP",3.99508454828887,-6.54765024631262,"Jhony Brito",NA
"649","Jhony Brito","SDP",-2.55256569802375,"25386",42864,"RP",-0.777577739227631,-1.77498795879612,"Jhony Brito",NA
"650","Yennier Cano","BAL",-2.55641739086561,"25911",35536,"RP",-0.777577739227631,-1.77883965163798,"Yennier Cano",180
"651","Joel Payamps","MIL",-2.57011210839193,"14332",NA,NA,NA,NA,"Joel Payamps",253
"652","Ryne Nelson","ARI",-2.58569016878214,"26253",4916269,"SP",3.99508454828887,-6.58077471707101,"Ryne Nelson",NA
"653","Kenley Jansen","BOS",-2.60336428060429,"3096",29630,"RP",-0.777577739227631,-1.82578654137666,"Kenley Jansen",169
"654","Andrew Nardi","MIA",-2.63270897354799,"25942",NA,NA,NA,NA,"Andrew Nardi",NA
"655","Javier Assad","CHC",-2.65620569024566,"21741",5002950,"SP",3.99508454828887,-6.65129023853453,"Javier Assad",NA
"656","Javier Assad","CHC",-2.65620569024566,"21741",5002950,"RP",-0.777577739227631,-1.87862795101803,"Javier Assad",NA
"657","Casey Mize","DET",-2.70303940495397,"20492",41167,"SP",3.99508454828887,-6.69812395324284,"Casey Mize",369
"658","Aroldis Chapman","PIT",-2.78876981071814,"10233",30442,"RP",-0.777577739227631,-2.01119207149051,"Aroldis Chapman",268
"659","Jacob deGrom","TEX",-2.80927240737193,"10954",32796,"SP",3.99508454828887,-6.8043569556608,"Jacob DeGrom",NA
"660","Yimi García","TOR",-2.81421615333079,"12095",32888,"RP",-0.777577739227631,-2.03663841410316,"Yimi Garcia",NA
"661","Tristan Beck","SFG",-2.90507653390278,"21584",NA,NA,NA,NA,"Tristan Beck",NA
"662","Domingo Germán","",-2.93821838795096,"17149",33660,"SP",3.99508454828887,-6.93330293623984,"Domingo German",NA
"663","Tim Mayza","TOR",-2.96726653799849,"15042",35773,"RP",-0.777577739227631,-2.18968879877086,"Tim Mayza",NA
"664","Scott Barlow","CLE",-2.97797311062716,"14993",32156,"RP",-0.777577739227631,-2.20039537139953,"Scott Barlow",NA
"665","Bailey Falter","PIT",-3.03783719826242,"20070",4705677,NA,NA,NA,"Bailey Falter",NA
"666","Shawn Armstrong","TBR",-3.12331149146713,"12857",33499,NA,NA,NA,"Shawn Armstrong",NA
"667","Joe Jiménez","ATL",-3.13296977678965,"15761",33760,"RP",-0.777577739227631,-2.35539203756202,"Joe Jimenez",NA
"668","Colin Poche","TBR",-3.21179127806077,"19403",40364,"RP",-0.777577739227631,-2.43421353883313,"Colin Poche",NA
"669","Julian Merryweather","CHC",-3.30545939717361,"16703",39816,"RP",-0.777577739227631,-2.52788165794598,"Julian Merryweather",NA
"670","Kyle Finnegan","WSN",-3.30862573127794,"15009",36543,"RP",-0.777577739227631,-2.53104799205031,"Kyle Finnegan",232
"671","Griffin Jax","MIN",-3.32559170835564,"20253",42604,"RP",-0.777577739227631,-2.54801396912801,"Griffin Jax",429
"672","José Leclerc","TEX",-3.32939705182357,"14524",33926,"RP",-0.777577739227631,-2.55181931259594,"Jose Leclerc",178
"673","Gabe Speier","SEA",-3.35566975875416,"17170",NA,NA,NA,NA,"Gabe Speier",NA
"674","Trevor Stephan","CLE",-3.42223210835753,"19932",41003,NA,NA,NA,"Trevor Stephan",NA
"675","Caleb Thielbar","MIN",-3.43614739565928,"10078",32440,NA,NA,NA,"Caleb Thielbar",NA
"676","Zack Greinke","",-3.46986150473931,"1943",5883,NA,NA,NA,"Zack Greinke",456
"677","Brock Stewart","MIN",-3.4814196276407,"16727",35997,"RP",-0.777577739227631,-2.70384188841306,"Brock Stewart",NA
"678","James Paxton","LAD",-3.48188327388252,"11828",31980,"SP",3.99508454828887,-7.47696782217139,"James Paxton",388
"679","Alex Vesia","LAD",-3.54056406493375,"25007",42622,"RP",-0.777577739227631,-2.76298632570612,"Alex Vesia",NA
"680","Taylor Rogers","SFG",-3.55248127959035,"13449",33671,"RP",-0.777577739227631,-2.77490354036272,"Taylor Rogers",NA
"681","Hoby Milner","MIL",-3.58901673876452,"13346",NA,NA,NA,NA,NA,NA
"682","Tyler Holton","DET",-3.6360789040214,"26231",NA,NA,NA,NA,"Tyler Holton",NA
"683","John Schreiber","KCR",-3.66917276514931,"20020",39949,NA,NA,NA,"John Schreiber",NA
"684","Jeff Hoffman","PHI",-3.68136412708903,"17432",33841,"RP",-0.777577739227631,-2.9037863878614,"Jeff Hoffman",460
"685","Tyler Rogers","SFG",-3.76799121451386,"15541",34026,"RP",-0.777577739227631,-2.99041347528622,"Tyler Rogers",328
"686","Brooks Raley","NYM",-3.80043603451186,"10061",32005,"RP",-0.777577739227631,-3.02285829528423,"Brooks Raley",NA
"687","Aaron Ashby","MIL",-3.80270385200018,"23550",41325,"SP",3.99508454828887,-7.79778840028905,"Aaron Ashby",NA
"688","David Robertson","TEX",-3.81251336968249,"8241",29172,"RP",-0.777577739227631,-3.03493563045486,"David Robertson",320
"689","Alex Lange","DET",-3.83182216331979,"19883",40976,"RP",-0.777577739227631,-3.05424442409216,"Alex Lange",168
"690","Robert Gasser","MIL",-3.85754865335716,"sa3017310",4918251,NA,NA,NA,"Robert Gasser",NA
"691","Brock Burke","TEX",-3.88994632904319,"17968",39945,NA,NA,NA,"Brock Burke",NA
"692","Gregory Soto","PHI",-3.89314113894413,"19677",39804,"RP",-0.777577739227631,-3.1155633997165,"Gregory Soto",NA
"693","Caleb Ferguson","NYY",-3.90807501204801,"19349",41017,"SP",3.99508454828887,-7.90315956033689,"Caleb Ferguson",NA
"694","Caleb Ferguson","NYY",-3.90807501204801,"19349",41017,"RP",-0.777577739227631,-3.13049727282038,"Caleb Ferguson",NA
"695","Tylor Megill","NYM",-3.94547518924746,"21318",3332018,"SP",3.99508454828887,-7.94055973753633,"Tylor Megill",NA
"696","Tommy Kahnle","NYY",-3.96865277018492,"11384",31867,NA,NA,NA,"Tommy Kahnle",NA
"697","Mark Leiter Jr.","CHC",-3.97195692552123,"15551",36202,"RP",-0.777577739227631,-3.1943791862936,"Mark Leiter Jr.",NA
"698","Sam Hentges","CLE",-3.97601984509848,"18548",41225,NA,NA,NA,"Sam Hentges",NA
"699","Trevor Williams","WSN",-3.98152350733684,"16977",33305,NA,NA,NA,"Trevor Williams",NA
"700","Jason Foley","DET",-3.99366986802546,"19531",42698,"RP",-0.777577739227631,-3.21609212879782,"Jason Foley",324
"701","Joe Kelly","LAD",-4.0502704111916,"9761",31992,"RP",-0.777577739227631,-3.27269267196397,"Joe Kelly",342
"702","Clayton Kershaw","LAD",-4.05973295811658,"2036",28963,"SP",3.99508454828887,-8.05481750640545,"Clayton Kershaw",312
"703","Abner Uribe","MIL",-4.07202535314535,"25327",NA,NA,NA,NA,"Abner Uribe",379
"704","Ian Hamilton","NYY",-4.09126371411765,"19261",41127,NA,NA,NA,"Ian Hamilton",NA
"705","Will Vest","DET",-4.11888155513449,"19769",41606,NA,NA,NA,"Will Vest",NA
"706","JoJo Romero","STL",-4.12609310605914,"19574",NA,NA,NA,NA,"JoJo Romero",NA
"707","Gregory Santos","SEA",-4.15638576233854,"21894",39682,NA,NA,NA,"Gregory Santos",NA
"708","Chad Green","TOR",-4.18818278445473,"15552",33325,NA,NA,NA,"Chad Green",NA
"709","Danny Coulombe","BAL",-4.19436616724609,"13293",33638,"RP",-0.777577739227631,-3.41678842801846,"Danny Coulombe",NA
"710","Enyel De Los Santos","SDP",-4.21357389367991,"18403",35026,NA,NA,NA,"Enyel De Los Santos",NA
"711","Phil Maton","TBR",-4.22305785896107,"18064",36161,NA,NA,NA,"Phil Maton",NA
"712","Joe Boyle","OAK",-4.25623805551284,"29608",NA,NA,NA,NA,"Joe Boyle",NA
"713","John Brebbia","CHW",-4.27936830219712,"12777",39085,"SP",3.99508454828887,-8.27445285048599,"John Brebbia",NA
"714","John Brebbia","CHW",-4.27936830219712,"12777",39085,"RP",-0.777577739227631,-3.50179056296949,"John Brebbia",NA
"715","Adam Ottavino","NYM",-4.28747640763414,"1247",29705,"RP",-0.777577739227631,-3.50989866840651,"Adam Ottavino",NA
"716","James McArthur","KCR",-4.34806065200699,"21527",NA,NA,NA,NA,"James McArthur",NA
"717","Pierce Johnson","ATL",-4.40157326723367,"13435",32777,NA,NA,NA,"Pierce Johnson",NA
"718","Aaron Bummer","ATL",-4.43441384447117,"16258",36131,NA,NA,NA,"Aaron Bummer",NA
"719","Carlos Estévez","LAA",-4.46462650508488,"14542",34861,"RP",-0.777577739227631,-3.68704876585725,"Carlos Estevez",199
"720","Orion Kerkering","PHI",-4.47738284410348,"31776",NA,NA,NA,NA,"Orion Kerkering",NA
"721","Andrew Kittredge","STL",-4.48479604810048,"12828",35872,NA,NA,NA,"Andrew Kittredge",NA
"722","Trevor Megill","MIL",-4.48941949173793,"17722",NA,NA,NA,NA,"",NA
"723","Drew Rasmussen","TBR",-4.49863180445856,"25385",42584,"SP",3.99508454828887,-8.49371635274743,"Drew Rasmussen",NA
"724","Josh Sborz","TEX",-4.50305142170063,"18323",36178,"RP",-0.777577739227631,-3.725473682473,"Josh Sborz",NA
"725","Ryan Brasier","LAD",-4.51165243371342,"5615",30189,NA,NA,NA,"Ryan Brasier",NA
"726","Seranthony Domínguez","PHI",-4.5213165408792,"19249",37793,NA,NA,NA,"Seranthony Dominguez",442
"727","Joe Ross","MIL",-4.5407739813543,"12972",32684,NA,NA,NA,"Joe Ross",NA
"728","Jonathan Loáisiga","NYY",-4.61461449389753,"19753",39807,"RP",-0.777577739227631,-3.8370367546699,"Jonathan Loaisiga",434
"729","David Peterson","NYM",-4.65368116835879,"20302",40921,NA,NA,NA,"David Peterson",NA
"730","Emilio Pagán","CIN",-4.67265472167172,"14771",33403,NA,NA,NA,"Emilio Pagan",NA
"731","Garrett Crochet","CHW",-4.72444371572878,"27463",4297835,"RP",-0.777577739227631,-3.94686597650115,"Garrett Crochet",329
"732","Max Meyer","MIA",-4.73687107319352,"27474",4345164,"SP",3.99508454828887,-8.73195562148239,"Max Meyer",NA
"733","Eli Morgan","CLE",-4.774794269562,"20203",41324,NA,NA,NA,"Eli Morgan",NA
"734","Tom Cosgrove","SDP",-4.79168363508598,"23443",NA,NA,NA,NA,NA,NA
"735","Colin Holderman","PIT",-4.80326776527283,"22361",NA,NA,NA,NA,"",NA
"736","Andrew Chafin","DET",-4.81569934344908,"12988",32810,NA,NA,NA,"Andrew Chafin",NA
"737","Cole Irvin","BAL",-4.83246546535075,"19244",39869,NA,NA,NA,"Cole Irvin",NA
"738","Dauri Moreta","PIT",-4.89111067331496,"21101",41874,NA,NA,NA,"Dauri Moreta",NA
"739","Sawyer Gipson-Long","DET",-4.99985666518897,"26048",NA,NA,NA,NA,"Sawyer Gipson-Long",NA
"740","Nick Sandlin","CLE",-5.0974781763757,"20517",41385,NA,NA,NA,"Nick Sandlin",NA
"741","Josh Winckowski","BOS",-5.11641040145459,"22387",4713488,"RP",-0.777577739227631,-4.33883266222696,"Josh Winckowski",NA
"742","Matt Moore","LAA",-5.15327749284627,"1890",31099,NA,NA,NA,"Matt Moore",NA
"743","Luis L. Ortiz","PIT",-5.19950856940585,"27646",5101355,NA,NA,NA,"Luis L. Ortiz",NA
"744","Matt Waldron","SDP",-5.21214701122881,"25550",4020158,NA,NA,NA,"Matt Waldron",415
"745","Dakota Hudson","COL",-5.22447927199105,"19206",38680,NA,NA,NA,"Dakota Hudson",NA
"746","Daniel Lynch IV","KCR",-5.25326137612827,"21537",41227,NA,NA,NA,"Daniel Lynch IV",NA
"747","José Soriano","LAA",-5.26702768951507,"22100",NA,NA,NA,NA,"Jose Soriano",NA
"748","Wandy Peralta","SDP",-5.29349822232831,"14295",36036,NA,NA,NA,"Wandy Peralta",NA
"749","Chris Flexen","CHW",-5.32480390183808,"13896",36067,NA,NA,NA,"Chris Flexen",NA
"750","Luke Jackson","SFG",-5.33546381574332,"11752",31749,NA,NA,NA,"Luke Jackson",NA
"751","Kirby Yates","TEX",-5.35362892970135,"9073",32623,"RP",-0.777577739227631,-4.57605119047372,"Kirby Yates",NA
"752","Steven Wilson","SDP",-5.38593316699683,"20353",41828,NA,NA,NA,"Steven Wilson",NA
"753","Lucas Erceg","OAK",-5.44129610225727,"19360",NA,NA,NA,NA,"Lucas Erceg",NA
"754","Woo-Suk Go","SDP",-5.44515506920007,"sa3012630",NA,NA,NA,NA,"",NA
"755","Justin Topa","MIN",-5.44671362258397,"15145",NA,NA,NA,NA,"Justin Topa",NA
"756","Trevor Gott","OAK",-5.50572473319818,"15046",33614,NA,NA,NA,"Trevor Gott",NA
"757","Dany Jiménez","OAK",-5.63139514617892,"21170",42380,"RP",-0.777577739227631,-4.85381740695128,"Dany Jimenez",NA
"758","Ryan Feltner","COL",-5.67781127045628,"21446",4019484,NA,NA,NA,"Ryan Feltner",NA
"759","Justin Lawrence","COL",-6.25950699189245,"17639",NA,NA,NA,NA,"Justin Lawrence",NA
