"","Name","Team","PlayerId","AB","AVG","OPS","R","HR","RBI","RC","wAVG","wOPS","pr"
"1","Aaron Judge","NYY","15640",516.446,0.282626,1.0135,2.38420891972243,3.89978206653191,3.07398836653197,3.69262107505257,1.22541906274725,2.2402342193923,16.5162537099784
"2","Shohei Ohtani","LAD","19755",554.884,0.286395,0.960655,2.90318355796804,3.26294282522711,2.53651618588222,3.04355541711539,1.6836939920926,2.35181984642685,15.7817118247122
"3","Juan Soto","NYM","20123",537.01,0.274936,0.942169,2.56335874090754,2.34311648187464,2.06112468631591,3.223221313803,1.2849301560939,2.03796097024241,13.5137123492374
"4","Bobby Witt Jr.","KCR","25764",606.313,0.294046,0.876849,2.43213149688945,1.7848818488745,2.04573255188301,2.35437988371816,2.36882491357366,2.33552177358122,13.32147246852
"5","Vladimir Guerrero Jr.","TOR","19611",586.856,0.294952,0.885376,1.74116183344231,1.88788778744024,2.20419081829622,2.66524752191753,2.18524655191542,2.19587590841142,12.8796104214231
"6","Yordan Alvarez","HOU","19556",503.336,0.298015,0.975334,1.54406343954722,2.56889120268552,2.10638257164665,2.941570258037,1.36835382146262,1.86383742148655,12.3930987148655
"7","Gunnar Henderson","BAL","26289",583.55,0.269993,0.854177,2.31713970541626,1.91807080069263,1.65193884852555,2.16914843236532,1.63552843889987,1.95110239624639,11.642928622146
"8","José Ramírez","CLE","13510",589.622,0.273804,0.838777,1.84689381853299,1.67329536714211,2.13043104208069,1.90041985128704,1.77300972002052,1.90600497860946,11.2300547776728
"9","Kyle Tucker","CHC","18345",550.887,0.277059,0.878499,1.83368151922059,1.84862490385376,1.9226121767465,2.24093673251015,1.46126588046547,1.78314242996151,11.090263642758
"11","Mookie Betts","LAD","13611",564.748,0.278524,0.86053,2.21261698161857,1.43854589750608,1.74775975629897,2.19553434196599,1.62638259163806,1.80664216729546,11.0274817363231
"10","Matt Olson","ATL","14344",575.11,0.249629,0.821625,1.57041525855717,2.20072939802488,2.31996861646456,1.86190246005434,1.14062865503494,1.65076805347578,10.7444124416117
"13","Austin Riley","ATL","18360",579.394,0.267875,0.828257,1.6735159806492,1.97209011609558,1.84474968694072,1.84510486110079,1.55242488766817,1.73604211080213,10.6239276432566
"12","Pete Alonso","NYM","19251",573.572,0.240752,0.804903,1.50161053035826,2.50567375525093,2.31228646618702,1.62073669046852,0.946934357239241,1.52504191223796,10.4122837117419
"14","Fernando Tatis Jr.","SDP","19709",565.982,0.271652,0.840322,1.90992096499868,2.01939479511543,1.56824237792929,1.71639249882103,1.50095402724741,1.68646932341903,10.4013739875309
"15","Rafael Devers","BOS","17350",560.864,0.26829,0.849542,1.51190604664449,1.87808520673223,1.93818801477299,1.9671462879015,1.38506916002426,1.69655062197029,10.3769453380458
"17","Freddie Freeman","LAD","5361",561.795,0.290073,0.859389,1.80874610348439,0.810536862951647,1.6597100672121,2.2380743023937,1.82680374905723,1.76978519703834,10.1136562821374
"16","Kyle Schwarber","PHI","16478",551.106,0.221668,0.805816,1.99488276769572,2.64979534399809,1.91744064224807,1.57982974003989,0.383557936312072,1.32142574510786,9.8469321754017
"18","Francisco Lindor","NYM","12916",595.919,0.256899,0.791292,2.06732647663745,1.55746460448655,1.55398029893576,1.51492609325495,1.47763700096005,1.63943101062512,9.81076548489987
"20","Ketel Marte","ARI","13613",536.896,0.275863,0.859166,1.56903244587489,1.52473239464253,1.62751183735319,1.88184107135423,1.30142742362086,1.52055912069852,9.42510429354423
"21","Bryce Harper","PHI","11579",532.649,0.277123,0.870416,1.4847872424626,1.40815264123582,1.59651603101598,2.02542862521375,1.28372414834743,1.5477015855423,9.34631027381787
"19","Marcell Ozuna","ATL","10324",556.697,0.261133,0.817445,1.21901848273449,2.05233724797732,1.8419050646278,1.54170793193338,1.20457958407045,1.44859061075147,9.30813892209491
"23","Julio Rodríguez","SEA","23697",584.015,0.273875,0.80046,1.54677867902456,1.37163605707021,1.36351863980836,1.40629983547393,1.72016885745674,1.59234519155306,9.00074726038686
"22","Brent Rooker","ATH","19627",533.44,0.252701,0.831535,1.04775125368152,2.396505068224,1.79271703574928,1.44249355847313,0.830630478564026,1.31544920255971,8.82554659725166
"25","Manny Machado","SDP","11493",574.777,0.263614,0.787944,1.02600694413518,1.66592372132818,1.97241811771256,1.25433991978871,1.42203773276862,1.4233746762366,8.76410111196986
"24","Anthony Santander","TOR","14551",567.439,0.240121,0.782353,1.06852143607517,2.19613033200906,1.91293155404168,1.1981853136195,0.882036716523516,1.31966025695155,8.57746560922048
"26","Corbin Carroll","ARI","25878",566.871,0.257395,0.806515,2.55423329689092,0.838249520744113,0.868159116296006,1.50420704594242,1.22360413114484,1.47315439504004,8.46160750605834
"28","Jackson Merrill","SDP","29490",581.592,0.276513,0.793471,0.999627132965675,1.08297239354016,1.51745111768849,1.25900248382005,1.75096736905518,1.522801439655,8.13282193672456
"27","Teoscar Hernández","LAD","13066",565.706,0.258997,0.781606,1.10870698033976,1.54847671547277,1.78652121454718,1.12014055302553,1.24505510625577,1.29906211571734,8.10796268535834
"30","Elly De La Cruz","CIN","26668",580.018,0.253782,0.784585,2.02369229831505,1.01884827309103,0.97697287823449,1.12443238051122,1.26917952502032,1.44863975910119,7.86176511427329
"33","Trea Turner","PHI","16252",587.059,0.277161,0.772072,1.67800032461073,0.605786443927374,0.942447736190059,1.14269108943533,1.81789992245639,1.4275411869544,7.61436670357429
"32","Jackson Chourio","MIL","28806",582.07,0.268945,0.772299,1.32833906268079,0.840693595826805,1.36016187414361,1.05252943657968,1.59981433649415,1.38445770236915,7.56599600809419
"29","Corey Seager","TEX","13624",485.901,0.281508,0.881682,0.859067302950222,1.74950846111854,1.30361456797023,1.58913617908578,0.900820548505164,1.13981525731149,7.54196231694143
"34","William Contreras","MIL","20503",545.695,0.269968,0.806055,1.10553266944563,0.834662249251774,1.34037198701559,1.41620403333523,1.27349733045989,1.27243393996528,7.2427022094734
"31","Christian Walker","HOU","13419",546.86,0.238632,0.772716,0.951833319732636,1.7257641402883,1.68960921876332,1.03566710559904,0.678430593946322,1.07214284300148,7.1534472213311
"36","Jarren Duran","BOS","24617",587.409,0.268036,0.781728,1.65008654309733,0.237506377569184,0.540376237569765,1.2549566819603,1.63172014211788,1.49636666138184,6.8110126436963
"35","Bryan Reynolds","PIT","19326",572.581,0.26388,0.776528,0.981650568096132,0.678964154333366,1.0733894309932,1.26903150477961,1.40694731396768,1.32762402315534,6.73760699532533
"39","Alex Bregman","BOS","17678",555.083,0.258494,0.775841,1.05436860020155,0.751458574931295,1.17612984079198,1.18643331163536,1.13785142845288,1.16582914555146,6.47207090156453
"41","Ozzie Albies","ATL","16556",570.513,0.261066,0.757324,1.13587617040886,0.623801642520768,1.20602899234319,0.926265041123737,1.33085216625353,1.1821260152869,6.40495002793699
"37","Willy Adames","SFG","15986",571.239,0.24014,0.744782,1.08103393139857,1.07575842998964,1.32691709047877,0.86819397186342,0.914698503245812,1.10551235214925,6.37211427912546
"44","Marcus Semien","TEX","12533",589.991,0.247127,0.729825,1.69743808020932,0.567614195996074,0.757580686503912,0.846618590736735,1.21981710288184,1.16506507516391,6.25413373149179
"42","Taylor Ward","LAA","17548",562.172,0.250996,0.764544,1.09103273079346,0.992410213594374,0.816343569351543,1.09631990794808,1.05356444702863,1.1559734472336,6.20564431594969
"46","Ezequiel Tovar","COL","24064",604.224,0.259461,0.733191,0.90856303948452,0.702721615352227,0.920169500385188,0.750539243045712,1.60787078638366,1.30893489475068,6.19879907940199
"47","Michael Harris II","ATL","25931",547.864,0.27956,0.788666,1.26561982997026,0.620240651405663,0.64633981041977,0.974950558846328,1.48010843128641,1.18234054695056,6.169599828879
"43","Matt Chapman","SFG","16505",548.789,0.240317,0.768634,1.11895211073878,1.18359995796629,0.99067827967167,1.01173004279443,0.727425417072592,1.06346082053444,6.0958466287782
"40","Mark Vientos","NYM","22184",550.699,0.241624,0.750816,0.559651967430787,1.60011765673612,1.45861586675854,0.737320405086957,0.769123833006717,0.966814221089802,6.09164395010892
"38","Jake Burger","TEX","22275",531.648,0.244181,0.772873,0.550319381433425,1.91202631392898,1.24814721625615,0.762272899304481,0.654377488914568,0.93696364719188,6.06410694702948
"48","Josh Naylor","ARI","18839",534.906,0.263022,0.772555,0.686070158436441,0.684535594306816,1.7550633658382,0.907574104774068,1.03902984782091,0.964158196674286,6.03643126785072
"50","Vinnie Pasquantino","KCR","27676",530.428,0.266311,0.795593,0.555061253262918,0.777541849335298,1.38728877146423,1.15385436382,1.05907890644286,1.0656257978081,5.9984509421334
"45","Jazz Chisholm Jr.","NYY","20454",544.372,0.247056,0.762127,1.19607051032706,1.33144022009195,0.943087915379855,0.679215406999986,0.819648359688873,0.983110412687322,5.95257282517505
"51","Ian Happ","CHC","17919",559.483,0.242185,0.75813,1.25389111511455,0.667348227596268,0.992888289570354,1.07062060708077,0.855306659567927,1.09059794955197,5.93065284848184
"52","Jose Altuve","HOU","5417",569.64,0.269609,0.762368,1.45113506823936,0.366569310161689,0.38117759000662,1.02761474372873,1.49493782565633,1.20774767699114,5.92918221478386
"49","Oneil Cruz","PIT","21711",541.108,0.251355,0.774205,0.939029705949813,1.07365599981098,1.12508250887527,0.86995678571614,0.873411738842631,1.02999503908223,5.91113177827706
"53","Riley Greene","DET","25976",533.049,0.264723,0.798993,0.966893101576009,0.673892041527348,0.7278485382196,1.20953901634458,1.05382647033059,1.11076954269281,5.74276871069094
"54","Wyatt Langford","TEX","33333",536.478,0.260648,0.782119,1.12048048265077,0.581371973477682,0.921433158438088,0.988951119477075,1.00860320695827,1.03765236905245,5.65849231005433
"56","Nick Castellanos","PHI","11737",573.842,0.253631,0.72751,0.677812471366189,0.621922595548591,1.23988055454445,0.633893875629808,1.21066975726055,1.01316898906484,5.39734824341443
"55","Triston Casas","BOS","22514",496.797,0.242355,0.800147,0.660009457885919,1.29198023367622,1.0136022614419,1.02217342255096,0.321251769183963,0.781924475502486,5.09094162024146
"57","Adolis García","TEX","19287",549.042,0.23171,0.716702,0.813283326773603,1.14147251326138,1.35538558071018,0.378728562571176,0.562410100869972,0.735465968154124,4.98674605234044
"60","Adley Rutschman","BAL","26288",536.2,0.257257,0.767566,0.850781623720411,0.444911114694016,0.736154167360247,1.00649531684774,0.941720052654846,0.944752863098798,4.92481513837606
"58","Salvador Perez","KCR","7304",538.764,0.255432,0.744065,0.0571087268469991,1.02519498419286,1.47779897535014,0.598179012335993,0.930271529496994,0.820897009481338,4.90945023770432
"66","Yandy Díaz","TBR","16578",542.927,0.28324,0.788723,0.576212129026585,-0.0357307045249477,0.459424187326278,1.26343015136055,1.50196224471485,1.13760124382891,4.90289925173223
"67","Alec Bohm","PHI","21618",557.817,0.273162,0.748029,0.50911492256085,-0.078738541867166,1.18087273357203,0.814914466965858,1.45228803465147,1.01070772069738,4.88915933658042
"59","Ronald Acuña Jr.","ATL","18401",452.312,0.283868,0.864871,1.6346740600435,0.638282130376291,0.194612673773625,1.07972691688565,0.604094789111639,0.70873416327003,4.86012473346074
"61","Seiya Suzuki","CHC","30116",510.714,0.262822,0.795379,0.766995491724901,0.599702536597876,0.818887585784033,0.968077238991005,0.810327382761379,0.882697856238503,4.8466880920977
"62","Paul Goldschmidt","NYY","9218",544.194,0.246884,0.744199,0.692491559839544,0.808316171075437,0.855338832173413,0.709888197826267,0.814781624414164,0.868537677599101,4.74935406292792
"63","Eugenio Suárez","ARI","12552",532.793,0.23469,0.733057,0.593679236592133,0.978297651020118,1.2922917464742,0.581573872510407,0.485387955212717,0.701507978760368,4.63273844056994
"68","James Wood","WSN","29518",518.46,0.25985,0.784539,0.882334385976638,0.329750501657901,0.743357574939333,0.907908655044483,0.827836227912794,0.888962768549863,4.58015011408101
"65","Lawrence Butler","ATH","22542",533.697,0.249902,0.752711,0.850372938190832,0.97731213687387,0.512536792977021,0.576568849032319,0.780084723972856,0.830674488054654,4.52754992910155
"69","Andrew Vaughn","CHW","26197",546.797,0.252114,0.74145,0.142014545224916,0.737477414243204,0.992175742298234,0.67105697122329,0.93867697386575,0.873564497512596,4.35496614436799
"71","Dansby Swanson","CHC","18314",559.719,0.244461,0.714969,0.907695282538155,0.355820635873288,0.802955474121479,0.495661723258278,0.902392867347515,0.812862276200074,4.27738825933879
"70","Jordan Westburg","BAL","27815",516.621,0.26295,0.776558,0.522064095573386,0.544579445351128,0.757886859159901,0.733628993203228,0.867585219579395,0.824496064823219,4.25024067769026
"64","Cal Raleigh","SEA","21534",506.763,0.219174,0.739673,0.372563569794414,1.64478115784403,1.30559634007081,0.386081930446684,-0.00886215565841391,0.519331543778681,4.2194923862762
"75","Bo Bichette","TOR","19612",558.975,0.273926,0.737086,0.582930247321026,-0.0804861869531772,0.655630758835144,0.614064114468527,1.4785847086105,0.949892641593597,4.20061628387561
"72","Randy Arozarena","SEA","19290",534.989,0.237026,0.743473,0.993866346528192,0.563409335638753,0.582433226951524,0.68599547635893,0.547828038719278,0.78469553728525,4.15822796148193
"88","Luis Arraez","SDP","18568",593.485,0.305226,0.742946,0.883901946912008,-1.45794456523804,-0.059788969475402,1.00116395338333,2.47010718775708,1.28479379191032,4.12223334524929
"73","Isaac Paredes","HOU","20036",509.801,0.237298,0.756751,0.518587469356013,0.768238595794727,0.924350148833329,0.76363451972731,0.341539803603162,0.646199452711137,3.96254999002568
"84","Jeremy Peña","HOU","21636",586.081,0.260976,0.701579,0.85237717681534,-0.211888073119442,0.41170022042094,0.448133792235476,1.4727581396814,0.940273169608057,3.91335442564177
"80","Nolan Arenado","STL","9777",555.884,0.252768,0.715615,0.357598961293546,0.256861875401474,0.903073932629877,0.485152184541263,1.03257898097686,0.785263675571039,3.82052961041405
"79","Brenton Doyle","COL","25479",543.936,0.247038,0.724384,0.867795258301084,0.579466646128271,0.465002096440841,0.348431174178899,0.815491594022592,0.741477649896265,3.81766441896795
"74","Luis Robert Jr.","CHW","20043",528.758,0.245689,0.734837,0.716139336235978,0.950755815679668,0.496565713885523,0.311982079777469,0.657620767519638,0.678149802350109,3.81121351544839
"77","Cody Bellinger","NYY","15998",512.679,0.253407,0.746505,0.647894451228277,0.576733486896012,0.859430412212538,0.448375805011686,0.657847981423113,0.610583809109603,3.80086594588123
"78","Junior Caminero","TBR","28163",515.263,0.261729,0.752414,0.196212964565324,0.711486121159517,0.877600367651593,0.47499342904965,0.832698059957586,0.668190704139063,3.76118164652273
"83","Brandon Nimmo","NYM","12927",521.039,0.24662,0.753703,0.958372288205893,0.180977286140456,0.456139789743851,0.786122885342581,0.607693631036185,0.726306119194339,3.7156119996633
"82","Yainer Diaz","HOU","23003",508.846,0.279449,0.767527,0.145995030314373,0.411889820700433,0.802905373141408,0.543646424581527,1.09224942878287,0.701338941060322,3.69802501858093
"81","Ryan McMahon","COL","15112",547.846,0.23925,0.724741,0.536228128310834,0.467735622321096,0.586586041521847,0.583485584397321,0.698730628011595,0.776548258265737,3.64931426282843
"86","Gleyber Torres","DET","16997",556.405,0.255714,0.72463,0.774732524627333,-0.021394758744208,0.301784236920896,0.6323685539602,1.09522238723472,0.847679218166208,3.63039216216515
"76","Jorge Soler","LAA","14221",475.091,0.234142,0.77893,0.485786256783402,1.32701197652815,0.64436360509475,0.592770340902592,-0.00286676646697738,0.464010807343567,3.51107622018549
"85","Spencer Steer","CIN","26323",519.58,0.243461,0.747949,0.508375929548461,0.302510890655635,0.820028774774538,0.610469006458085,0.536903094796906,0.678942026609525,3.45722972284315
"100","Steven Kwan","CLE","24610",566.802,0.276143,0.735013,1.29767645109857,-1.05864839766916,-0.255873071921873,0.838337295535267,1.59888004304697,1.00310440495883,3.42347672504861
"91","Lourdes Gurriel Jr.","ARI","19238",518.248,0.271325,0.748679,0.28001589185657,0.032256631377478,0.745055441486181,0.488931605097436,1.03625622434821,0.671784717106377,3.25430051127226
"93","Jurickson Profar","ATL","10815",521.787,0.254215,0.745517,0.854778904105604,-0.114335312829607,0.335101388668061,0.721427557321697,0.754407564618574,0.683363462459538,3.23474356434387
"92","CJ Abrams","WSN","25768",540.596,0.24838,0.720971,1.01597455414882,0.153277768536608,0.234198014805219,0.295670436730455,0.811967331396325,0.69208454428801,3.20317264990543
"89","Michael Busch","CHC","26319",507.328,0.238358,0.742684,0.574476615133854,0.53284525691648,0.689382119076257,0.518701697962983,0.339803965125991,0.541864869143359,3.19707452335892
"97","Xander Bogaerts","SDP","12161",544.755,0.264755,0.72733,0.549429230759411,-0.129722473699677,0.275932131204299,0.531810395086341,1.16406343440032,0.766937139680633,3.15844985743133
"95","George Springer","TOR","12856",536.978,0.241639,0.713149,0.862695086829221,0.296532104835069,0.25702736139087,0.373084318710705,0.652130733377792,0.613223285437871,3.05469289058153
"101","Nathaniel Lowe","WSN","19566",519.916,0.260413,0.746882,0.391749395956957,-0.182256947788949,0.533356533584271,0.714678401401796,0.85157446683311,0.675427468927667,2.98452931891485
"90","Willson Contreras","STL","11609",474.224,0.247008,0.781632,0.48957639518785,0.642776074883177,0.462235408985813,0.702125985587179,0.205785190392614,0.47102998410487,2.9735290391415
"96","Heliot Ramos","SFG","22515",515.854,0.251138,0.739938,0.267581774579941,0.544566305162511,0.51106159745271,0.385272794534217,0.644904241845786,0.598799182477537,2.9521858960527
"94","JJ Bleday","ATH","26368",521.735,0.232034,0.737898,0.539973479259985,0.518614432644674,0.347804770503822,0.560195444504822,0.344564372663065,0.636873263650121,2.94802576322649
"87","Mike Trout","LAA","10155",399.109,0.256929,0.878943,0.316025005914776,1.44112137447493,0.437652528097679,0.772366962063701,-0.310486638570023,0.240834517212301,2.89751374919337
"102","Luis García Jr.","WSN","20391",525.652,0.273473,0.74104,0.195473971552934,-0.00724277560410112,0.484246439563639,0.354879651447097,1.14726121210727,0.689479886865632,2.86409838593247
"99","Matt McLain","CIN","29695",480.026,0.255389,0.778055,0.575327576784484,0.383178508573105,0.484268706665893,0.504524057697092,0.398797123033125,0.503668907026811,2.84976487978051
"105","Masyn Winn","STL","27479",561.402,0.255801,0.701801,0.967525724382069,-0.415731819129168,0.036917055612609,0.32917114399644,1.14215184079606,0.741175923494982,2.80120986915299
"98","Colton Cowser","BAL","29591",484.345,0.241054,0.755883,0.690431336895916,0.570964944093313,0.46062661084798,0.45130117899359,0.1922076571351,0.418208427652325,2.78374015561822
"104","Royce Lewis","MIN","20437",453.55,0.250758,0.774447,0.175269230782401,0.889851041441605,0.654266898822102,0.238166259010687,0.0853054818613498,0.246120435628288,2.28897934754643
"103","Max Muncy","LAD","13301",435.629,0.214279,0.76663,0.587823276812145,1.05239517462927,0.869233503979749,0.326927517591406,-0.635809668786021,0.0459281931143878,2.24649799734094
"111","Jake Cronenworth","SDP","18036",528.644,0.239771,0.710358,0.421941739258559,-0.226197738522948,0.430176348515985,0.377616144051298,0.54596018542217,0.527295440307639,2.0767921190327
"106","Rhys Hoskins","MIL","16472",469.333,0.219254,0.732691,0.0816242601897987,1.04871592181662,0.916545529493391,0.141926603884136,-0.297735484367715,0.160707514143134,2.05178434515936
"109","Will Smith","LAD","19197",442.488,0.253489,0.78377,0.34124034324658,0.385622583655797,0.562498603658859,0.451898407588987,0.0299283953325256,0.194675850951685,1.96586418443443
"110","Carlos Correa","MIN","14162",453.063,0.266304,0.793249,0.284074754992794,0.17531386484669,0.239736956490838,0.58338973535185,0.330139701330886,0.340416630215971,1.95307164322903
"118","Brendan Donovan","STL","24679",505.068,0.272929,0.752041,0.302975061127824,-0.592467356022795,0.105388395042872,0.599714771226679,0.938412560270594,0.577161716226022,1.9311851478712
"115","Anthony Volpe","NYY","27647",557.824,0.236672,0.679273,0.859531972798921,-0.291635877833748,-0.0303574270715156,0.0870635134943563,0.732306948775426,0.566539939445218,1.92344906960866
"107","Matt Wallner","MIN","26466",437.666,0.235613,0.797213,0.0318877910832829,0.979664230636247,0.462953523033496,0.498490948070402,-0.290071176772265,0.219047595554505,1.90197291160567
"108","Michael Toglia","COL","25845",470.625,0.226459,0.744147,0.134725386875447,1.03574655565201,0.398718499807008,0.163439080767423,-0.16776484273469,0.234118116264027,1.79898279663122
"114","Lane Thomas","CLE","16939",510.109,0.242157,0.714436,0.571167941873842,0.0447792311291228,0.24293228566425,0.088681066036042,0.431805285174308,0.398889933339033,1.7782557432166
"116","Christian Yelich","MIL","11477",451.879,0.267991,0.793268,0.673887970595853,-0.175200666501821,0.00678409948772969,0.578823914544719,0.34595268544736,0.329637804445457,1.7598858080193
"117","Josh Bell","WSN","13145",492.456,0.245939,0.731153,-0.0689735582439329,0.267991615159757,0.427075654527151,0.296950417541831,0.34647025373451,0.34816421417149,1.6176785968908
"112","Kerry Carpenter","DET","25961",432.961,0.255552,0.790775,-0.134223282178696,0.74185309705254,0.605357208721754,0.222036257396972,-0.0239042702390143,0.143318506126158,1.55443751687971
"122","Jonathan India","KCR","21523",493.41,0.249318,0.740737,0.76946999863002,-0.398137106571506,-0.157012704690812,0.498266539869056,0.413747616700503,0.411014501122055,1.53734884505932
"123","Dylan Crews","WSN","33541",521.331,0.24385,0.702781,0.433614469795152,-0.183321303066896,0.131880679949264,0.0725642887283113,0.559157147469116,0.421374706835998,1.43526998971095
"127","Bryson Stott","PHI","26294",534.387,0.254607,0.697595,0.482964647099737,-0.582165448147359,-0.0361134730041085,0.173574883920837,0.875126327655445,0.495550453658348,1.4089373911829
"113","Shea Langeliers","ATH","25816",453.91,0.227469,0.740221,-0.165406547928729,1.22421628098028,0.603124931720816,-0.0694675914429004,-0.285449332519627,0.069410973965671,1.37642871477551
"121","Ryan Mountcastle","BAL","18373",476.25,0.259748,0.739666,-0.115071046607626,0.231593292691702,0.412312565732919,0.130663585878368,0.438120344446133,0.257882312191841,1.35550105433334
"120","Zack Gelof","ATH","29766",528.071,0.224213,0.677856,0.410582520909041,0.424596383092711,0.0359261695623173,-0.119918288411182,0.2504724816246,0.323788057902099,1.32544732467959
"130","Andrés Giménez","TOR","19950",539.494,0.256072,0.69371,0.400460556012082,-0.733277617238564,0.00242531422155934,0.16420285666969,0.949081642322635,0.51253816797377,1.29543091996117
"119","Tyler O'Neill","BAL","15711",423.815,0.234308,0.770897,0.185878259255707,1.01056995426255,0.265895234863424,0.0838091446859594,-0.42508003562902,-0.0380273899250776,1.08304516751355
"129","Connor Norby","MIA","29592",496.141,0.241476,0.708,0.3820473134534,0.0333998277871246,0.00930584881796608,-0.00337948856066958,0.300200633159982,0.246321866879715,0.967896001537518
"124","Christopher Morel","TBR","21897",463.415,0.226203,0.728572,0.0502226555951963,0.790813439838091,0.309577722709706,-0.0473172026057647,-0.229719944310238,0.0883769134545465,0.961953584681538
"128","Jesús Sánchez","MIA","19913",464.933,0.249451,0.747178,-0.104881900527723,0.291565113537985,0.261113374654432,0.138400950288525,0.164781850747918,0.20138077839793,0.952360167099067
"125","Logan O'Hoppe","LAA","24729",447.343,0.241189,0.749046,-0.084223686772315,0.776372372548419,0.184681546168455,0.033485227062102,-0.121178553362055,0.0588335867782419,0.847970492422847
"126","Brandon Lowe","TBR","18882",428.325,0.236639,0.763705,0.085408800162334,0.725283319206975,0.343401451033143,0.0444197347508916,-0.352379880608795,-0.0334380716962301,0.812695352848319
"132","Zach Neto","LAA","31347",456.047,0.249125,0.750248,0.129457262446222,0.272630101741426,0.118520418597018,0.0659877548253332,0.0811106970167461,0.140696423180256,0.808402657807001
"131","Daulton Varsho","TOR","19918",485.098,0.219165,0.695534,0.361887360138164,0.458038163122025,0.203803420228858,-0.181951767196159,-0.176989239415021,0.0857240684772561,0.750512005355124
"135","Colt Keith","DET","27899",475.925,0.26037,0.738509,-0.0549326910085498,-0.174964143106722,0.0870069021324064,0.15554301749204,0.445605854035874,0.248720209204404,0.706979148749454
"137","Luis Rengifo","LAA","19858",496.061,0.259548,0.713787,0.248440735872694,-0.329427060295166,-0.187574302534076,-0.0146476456382863,0.616643469728527,0.278915492715677,0.612350689849369
"134","Tyler Soderstrom","ATH","27467",462.52,0.229523,0.722145,-0.34451158165854,0.785097457789858,0.31339096397066,-0.0878600770206132,-0.182561621599851,0.0463943282980724,0.529949469779586
"136","Josh Jung","TEX","26299",468.907,0.24679,0.717233,-0.156146741546224,0.369828076938612,0.164579919608888,-0.157750542763129,0.155710288079077,0.0731388877091905,0.449359888026415
"140","Pete Crow-Armstrong","CHC","27769",486.628,0.246331,0.705437,0.357705331499874,-0.29528885026917,0.0530217373176293,-0.157467617785649,0.302514756187124,0.153866153521636,0.414351510471444
"138","Jasson Domínguez","NYY","28080",466.13,0.242989,0.714516,0.39690555174794,-0.0882783188028368,0.0523091900455095,-0.105929010095518,0.0687916434131034,0.0354007508793852,0.359199807187583
"133","Giancarlo Stanton","NYY","4949",409.268,0.223443,0.757968,-0.488340895910622,1.36690558916823,0.583117940345826,-0.19253236701271,-0.70295326543237,-0.229202595834844,0.336994405323508
"139","Tyler Fitzgerald","SFG","26208",490.31,0.234963,0.693932,0.32797765804697,0.0409028754872181,-0.106650086168407,-0.199252119294407,0.137426955955733,0.118613990410619,0.319019274437727
"143","Tommy Edman","LAD","19470",489.824,0.248838,0.697992,0.481889748172625,-0.417939370816762,-0.172226702305683,-0.141417097085446,0.373803749581769,0.137741564812981,0.261851892359485
"145","Joey Ortiz","MIL","25493",492.904,0.247814,0.707644,0.111626256806392,-0.593715673941374,0.068553041139616,0.0279634673371271,0.38306081956886,0.217744961484929,0.21523287239555
"144","Andrew Benintendi","CHW","17901",496.662,0.252967,0.705544,-0.074381643470958,-0.470854910375917,-0.0496017701943141,0.0487522052918778,0.506538641035178,0.236466010612669,0.196918532898536
"141","Carlos Santana","CLE","2396",481.612,0.223565,0.6918,-0.145772847213224,0.179426743883695,0.260740400691682,-0.0833594470481412,-0.12905377710191,0.0368119333230773,0.118793006535179
"155","Jung Hoo Lee","SFG","33824",472.292,0.281219,0.753366,0.136544877246858,-1.02254310140726,-0.38884663980567,0.260719018509878,0.76047082280526,0.298916465502616,0.045261442851687
"146","Parker Meadows","DET","23800",484.576,0.236251,0.706224,0.368723045502758,-0.199089529406848,-0.369797133827592,-0.0868504715715004,0.111846069656089,0.141517052047326,-0.0336509675997675
"149","Matt Vierling","DET","21558",481.639,0.252866,0.712599,0.283632478871744,-0.465743377004049,-0.372491453200295,-0.0219223330641776,0.370383132595349,0.153056234818538,-0.0530853169828902
"156","Nolan Schanuel","LAA","33189",483.168,0.253347,0.7156,0.25775652657432,-0.792960353935281,-0.395142662967916,0.222308406695027,0.392281244926213,0.182470330139931,-0.133286508567706
"142","Byron Buxton","MIN","14161",393.342,0.241033,0.783763,0.010568962362255,0.684075687705234,0.0916885603812561,-0.146315102877146,-0.584083039494601,-0.251500354009989,-0.19556528593299
"147","Lars Nootbaar","STL","21454",426.306,0.246771,0.771594,-0.0366258186561967,0.0860525635739465,-0.224470890968531,0.204752950614583,-0.216486516239618,-0.0123441167920238,-0.19912182846784
"150","Alec Burleson","STL","27615",445.807,0.265709,0.736325,-0.255558097008223,-0.149787541717265,0.0632423372520982,-0.102179729953109,0.252402128940706,-0.0201774383961165,-0.21205834088191
"154","Jordan Walker","STL","27475",470.391,0.249881,0.719383,-0.313714607710438,-0.17866967629661,-0.0361635739841795,-0.056203050671026,0.220099558277738,0.0971806419134068,-0.267470708471109
"152","Josh Lowe","TBR","19953",457.572,0.245821,0.72207,-0.0329924363452861,-0.117475817908981,-0.00463892396844094,-0.168963087131801,0.0410701726758452,0.00461092126880235,-0.278389171409861
"148","Jeimer Candelario","CIN","13621",448.756,0.238085,0.724217,-0.220265582234756,0.141070533311762,0.139039553323843,-0.155094190138287,-0.15839747347474,-0.0579605609422474,-0.311607720154426
"159","Willi Castro","MIN","17338",487.326,0.244306,0.696853,0.550532121846082,-0.674041646954812,-0.476935296321482,-0.0966872360954034,0.273688179304627,0.111117700968289,-0.312326177252698
"165","Xavier Edwards","MIA","22266",514.135,0.282268,0.712084,0.433188988969837,-1.71139252327553,-0.912585585140423,0.196920904092082,1.19580317710115,0.418198648690127,-0.379866389562756
"158","Cedric Mullins","BAL","17929",465.716,0.237116,0.697463,0.217755730562833,-0.218366186107439,-0.00851896653615612,-0.297890679999168,-0.0315216266196172,-0.0600111732069622,-0.39855290190651
"151","Francisco Alvarez","NYM","26121",414.252,0.233426,0.740187,-0.301823538329277,0.550308567587977,0.213734547834028,-0.221767310953769,-0.517268132517157,-0.270761431020401,-0.547577297398599
"157","Trevor Larnach","MIN","21501",415.561,0.243938,0.753719,-0.0899340873225902,0.142936440095322,-0.000497242949244688,-0.0615180377930115,-0.35192993259849,-0.19440705239858,-0.555349912966594
"153","Joc Pederson","TEX","11899",366.306,0.247222,0.819288,-0.230482720474219,0.578507412359257,0.00725727541062164,0.0895505463436982,-0.734407168991463,-0.346207271855173,-0.635781927207279
"160","TJ Friedl","CIN","19522",444.115,0.243963,0.719709,0.0592921152926923,-0.263883799475433,-0.0961233135779488,-0.160433150880549,-0.105139137473233,-0.120078841560535,-0.686366127675007
"168","Nico Hoerner","CHC","21479",491.095,0.272726,0.700501,0.308982178569436,-1.36935735564132,-0.600200407622646,-0.0718709609992094,0.799980331368303,0.162288204682873,-0.770178009642569
"161","Michael Conforto","LAD","16376",408.692,0.236655,0.74378,-0.282996011809104,0.251080192410158,0.0959304433605944,-0.184614122861024,-0.516496334010432,-0.301420151618502,-0.938515984528309
"164","Nolan Jones","COL","20529",427.495,0.248893,0.752109,-0.166632604517465,-0.292437429339362,-0.231729966303251,0.0209103256836942,-0.17401742890243,-0.0981965099890333,-0.942103613367847
"162","Tyler Stephenson","CIN","17988",418.213,0.254167,0.745398,-0.275846814257436,-0.187000555879552,-0.00153266320404375,-0.101542792481042,-0.177716525816955,-0.211561600874076,-0.955200952513105
"167","J.P. Crawford","SEA","15491",479.283,0.235485,0.69137,0.124373886270095,-0.688574695564801,-0.493312750029111,-0.0261169622185158,0.0546239512561722,0.015763309024314,-1.01324326126185
"163","Wilyer Abreu","BOS","23772",410.889,0.241798,0.749373,-0.0959915906514118,-0.0349422932079501,-0.0559757282144483,-0.173666578218748,-0.423350453917872,-0.255875991777324,-1.03980263598775
"166","Brandon Marsh","PHI","20202",432.875,0.245436,0.732518,-0.0980686088907768,-0.312055730943986,-0.215469414882454,-0.14054788330399,-0.179585542264384,-0.149554117966683,-1.09528129825227
"171","Jake McCarthy","ARI","21622",465.176,0.261528,0.707109,0.309334879779894,-1.12402477809346,-0.451584200405594,-0.187736301317252,0.3656578562236,-0.0124022092445664,-1.10075475305738
"173","Brice Turang","MIL","22186",514.987,0.24616,0.657731,0.200534954001414,-1.17526888566058,-0.481065843789551,-0.296293517851885,0.5465155443681,0.101021663848088,-1.10455608508442
"170","J.T. Realmuto","PHI","11739",409.665,0.251148,0.741211,-0.297725486169667,-0.115465369050637,-0.18216896346198,-0.30142769322257,-0.298322424502165,-0.305227650625168,-1.50033758703219
"181","Maikel Garcia","KCR","22715",487.763,0.255293,0.671456,0.20531041642238,-1.2724143001033,-0.590124543852827,-0.366298503908465,0.467038840201622,-0.0288346607793855,-1.58532275201998
"169","Luke Raley","SEA","19354",405.124,0.229492,0.725529,-0.28975331912693,0.318423659070369,-0.170434200574257,-0.411890973999427,-0.649019565781934,-0.41779692105466,-1.62047132146684
"172","Austin Wells","NYY","27562",410.688,0.232328,0.731037,-0.637124822404854,0.156168610032265,-0.0254196971467477,-0.277311200486156,-0.56264891890266,-0.344840394314348,-1.6911764232225
"176","Matt Shaw","CHC","sa3022615",424.942,0.248138,0.718943,-0.269716531313758,-0.275788810362097,-0.32326445689283,-0.35288329928486,-0.207844513109955,-0.283674287340239,-1.71317189830374
"174","MJ Melendez","KCR","22197",426.469,0.227319,0.715245,-0.380795018880437,0.0353971364568518,-0.231295757809303,-0.360892155485291,-0.508519326958878,-0.289225226559776,-1.73533034923683
"179","Jose Miranda","MIN","20538",441.181,0.259188,0.714711,-0.613997700176239,-0.546713219259701,-0.28498174134308,-0.283287154808932,0.107150327418853,-0.170075994055803,-1.7919054822249
"183","Ke'Bryan Hayes","PIT","18577",479.319,0.250641,0.675274,-0.28917668063999,-0.827400788299459,-0.54731047299444,-0.384832896523185,0.311904277905123,-0.0733080009503422,-1.81012456150229
"180","Masataka Yoshida","BOS","31837",402.55,0.275829,0.761465,-0.544453978964945,-0.689139723675315,-0.237591780971549,-0.103004004642678,-0.0100758495500369,-0.271875766449849,-1.85614110425437
"177","Michael Massey","KCR","27684",425.713,0.248623,0.711283,-0.50839447901953,-0.237853085825896,-0.165162464115683,-0.445121388698163,-0.193773043669689,-0.31502386522421,-1.86532832655317
"175","Jo Adell","LAA","20220",400.854,0.223069,0.719378,-0.443631818661114,0.486420970533939,-0.141264296621852,-0.589325056921396,-0.774762482291926,-0.482237475915495,-1.94480015987784
"178","Mike Yastrzemski","SFG","14854",422.389,0.220623,0.705999,-0.235476521739755,-0.0199099174305294,-0.310182534318755,-0.411203914233661,-0.641378263560119,-0.368258985564124,-1.98641013684694
"184","Thairo Estrada","COL","16426",432.635,0.25858,0.699788,-0.334277648123341,-0.639496091081701,-0.413540856205072,-0.509992752632264,0.0194899929339815,-0.31559879700442,-2.19341615211282
"182","Kyle Manzardo","CLE","29794",391.37,0.235416,0.743813,-0.520604659019678,0.0439251188690422,-0.276514675711094,-0.318836611384462,-0.678661914132549,-0.450495388213457,-2.2011881295922
"185","Keibert Ruiz","WSN","19610",449.492,0.243487,0.671049,-0.794373577950083,-0.404680920502586,-0.153210596980986,-0.575931672577003,-0.0663038734501048,-0.328589897692984,-2.32309053915375
"188","Nick Gonzales","PIT","27490",423.876,0.260832,0.727109,-0.438033386749079,-0.895660126106249,-0.445677851532789,-0.272770107253336,-0.0268624535935956,-0.252459972762816,-2.33146389799786
"196","Jacob Wilson","ATH","33266",449.711,0.275498,0.708432,-0.280599882950753,-1.36227873603355,-0.803682754792924,-0.253794914459387,0.444823681449414,-0.13216970151411,-2.38770230830131
"190","Gabriel Moreno","ARI","22664",400.188,0.276967,0.751366,-0.560706226805582,-1.0286598592083,-0.327311502727448,-0.173845120865026,-0.0170125904710555,-0.339517895332635,-2.44705319541004
"187","Orlando Arcia","ATL","13185",452.377,0.230137,0.65687,-0.517973396021021,-0.310767992459556,-0.450359509781638,-0.607811369852639,-0.255089773427177,-0.380459093468761,-2.52246113501079
"193","Jeff McNeil","NYM","15362",442.805,0.256212,0.694079,-0.368674413790882,-1.01083913540643,-0.61399487746884,-0.344028174588223,0.0754240902583582,-0.262448667769505,-2.52456117876552
"194","Ceddanne Rafaela","BOS","24262",433.343,0.244747,0.673698,-0.326932505454752,-0.599996684100121,-0.354789106908568,-0.770778522875917,-0.186084173902378,-0.440809970062828,-2.67939096330456
"186","Christian Encarnacion-Strand","CIN","30011",361.976,0.257214,0.760242,-0.800134364387566,0.0168169097529419,-0.11009035346661,-0.527352213848806,-0.644329684823341,-0.634849382869782,-2.69993908964316
"191","Max Kepler","PHI","12144",404.378,0.241299,0.709623,-0.497309583833701,-0.358782241664709,-0.386686730887056,-0.489548816551032,-0.486180289036188,-0.498564250353097,-2.71707191232578
"200","Victor Robles","SEA","18363",441.25,0.252023,0.690573,0.111486296008591,-1.17353306674433,-0.996482459656967,-0.411514683152694,-0.00405564016482882,-0.292867701967096,-2.76696725567732
"195","Evan Carter","TEX","27790",391.077,0.241803,0.737759,-0.210647476209881,-0.522390730130325,-0.627694712130456,-0.358066010153574,-0.592743097259972,-0.480441883920825,-2.79198390980503
"189","Sean Murphy","ATL","19352",373.546,0.233345,0.744695,-0.624690705128225,0.0212845738825948,-0.349561904654502,-0.385505325603143,-0.85446166385218,-0.600235609642444,-2.7931706349979
"197","Trevor Story","BOS","12564",422.766,0.230152,0.68414,-0.430313149142383,-0.43933159788463,-0.375469678126733,-0.634333923270055,-0.495928330996269,-0.472211954217084,-2.84758863363715
"192","Jorge Polanco","SEA","13152",416.558,0.221844,0.682438,-0.66237375032813,-0.087778991635405,-0.326515453821876,-0.581259282281286,-0.668893834546049,-0.52961575011797,-2.85643706273072
"199","Jackson Holliday","BAL","31781",407.078,0.233006,0.703557,0.0604957781537799,-0.705328436050999,-0.693738937415062,-0.452017687980242,-0.582554357590867,-0.504973406558386,-2.87811704744178
"198","Garrett Mitchell","MIL","27555",399.262,0.239422,0.715324,-0.261010969690544,-0.491156501788604,-0.58432953049129,-0.519949592325076,-0.556359859459464,-0.514249583245827,-2.92705603700081
"208","Brayan Rocchio","CLE","23690",459.187,0.234515,0.652196,-0.236277097503175,-1.12477376884461,-0.68116359141726,-0.592022226629865,-0.128535450738322,-0.353506331955386,-3.11627846708862
"205","Tommy Pham","PIT","2967",426.59,0.24472,0.690251,-0.391264086555942,-0.7812787262551,-0.799802712225209,-0.513914849345457,-0.244957827090292,-0.411716584012548,-3.14293478548455
"206","Alex Verdugo","","17027",409.751,0.255285,0.704964,-0.50798019505804,-0.842420023888263,-0.602532886583726,-0.497215994110042,-0.237593581961746,-0.476513973406087,-3.1642566550079
"202","Andrew McCutchen","PIT","9847",395.417,0.230553,0.708584,-0.503574229143268,-0.350254259252519,-0.622829350288014,-0.475074750528419,-0.712981740242906,-0.576974432320631,-3.24168876177576
"204","Ryan O'Hearn","BAL","16442",364.442,0.262608,0.752743,-0.722075428238067,-0.441999056173805,-0.430903629187429,-0.502374950777035,-0.5523526959865,-0.644789326362932,-3.29449508672577
"203","Jonathan Aranda","TBR","21837",352.278,0.249817,0.765131,-0.594196046503373,-0.199115809784081,-0.621253952803561,-0.421275162706516,-0.824749108779696,-0.700296193340347,-3.36088627391757
"207","Austin Hays","CIN","19363",388.392,0.252223,0.72384,-0.691972659847057,-0.442905729188352,-0.617913887465499,-0.569973567230165,-0.472547351038734,-0.566000041934733,-3.36131323670454
"201","Ryan Jeffers","MIN","24618",361.601,0.233893,0.737546,-0.710710611456637,0.0226117329328742,-0.438351974891306,-0.575189206136218,-0.946051612925045,-0.733206971515623,-3.38089864399196
"210","Isiah Kiner-Falefa","PIT","16512",453.082,0.260357,0.658702,-0.405400127133829,-1.35770200833838,-0.871497214706701,-0.64606312219448,0.235002739803814,-0.365481433989044,-3.41114116655862
"209","J.D. Martinez","","6184",357.437,0.239565,0.73697,-0.943935686480087,-0.187289640029117,-0.317686547778267,-0.627521090319741,-0.908786223221904,-0.771162788024258,-3.75638197585337
"211","Spencer Horwitz","PIT","26477",367.528,0.261815,0.759988,-0.719617716628684,-0.886062532340665,-0.770243133983363,-0.292220991310337,-0.533994773669516,-0.587042895024843,-3.78918204295741
"212","Ha-Seong Kim","TBR","27506",396.768,0.241145,0.701264,-0.443928535552451,-0.813511608931685,-0.86200029559548,-0.586464786668988,-0.553299508908652,-0.599525883249074,-3.85873061890633
"215","Justin Turner","CHC","5235",379.169,0.251635,0.71257,-0.631509595197083,-0.912109014216542,-0.563342786617136,-0.548014177185893,-0.562724279023208,-0.692818180114056,-3.91051803235392
"213","LaMonte Wade Jr.","SFG","18126",366.145,0.239174,0.734592,-0.553836950849515,-0.610508834993423,-0.903717711667869,-0.411797134406216,-0.840054572889223,-0.706917047204554,-4.0268322520108
"216","Gavin Lux","CIN","19955",370.541,0.253932,0.72829,-0.525917570904199,-0.826388993775979,-0.839337952276731,-0.579224201671253,-0.609417758600191,-0.696561026107401,-4.07684750333575
"214","Deyvison De Los Santos","MIA","sa3015168",372.684,0.24683,0.701368,-1.03012354576586,-0.245342993337373,-0.510519653295692,-0.853687759935576,-0.683797172745972,-0.794694913813331,-4.1181660388938
"217","Yoán Moncada","LAA","17232",394.229,0.243744,0.700224,-0.784895432723008,-0.764814069918467,-0.787511271781142,-0.61958560044922,-0.538713381869317,-0.624897216261691,-4.12041697300285
"218","Kyle Isbel","KCR","21614",409.38,0.233677,0.663176,-0.28903671984219,-0.987210448236009,-0.84285058765726,-0.855031595315168,-0.553862993528418,-0.677685351502855,-4.2056776960819
"225","Sal Frelick","MIL","29622",413.608,0.256992,0.67953,-0.372291000806056,-1.53401048910196,-1.07165063009004,-0.654257963000847,-0.177787148791063,-0.566864332649838,-4.37686156443981
"223","Geraldo Perdomo","ARI","22799",407.272,0.241684,0.671063,-0.129548591532147,-1.40906700564077,-1.05931465544147,-0.682273679095832,-0.455930844985982,-0.656672802140158,-4.39280757883636
"219","Chas McCormick","HOU","19599",370.52,0.236189,0.690952,-0.669696499269071,-0.48805541727508,-0.721043971553716,-0.857873665428199,-0.842163459826824,-0.856974596967419,-4.43580761032031
"220","Jonny DeLuca","TBR","26365",400.637,0.22912,0.667543,-0.753762552860184,-0.704027557377953,-0.741668875016246,-0.876817845139875,-0.69071792883112,-0.724577461205163,-4.49157222043054
"226","Otto Lopez","MIA","19608",403.478,0.26982,0.700446,-0.737370344221746,-1.36912477430281,-1.11437006576385,-0.64247190335051,-0.0867866051398669,-0.548847829362872,-4.49897152214166
"224","Gio Urshela","ATH","10681",407.6,0.259847,0.675473,-1.1339744577341,-1.07422609127417,-0.746294865509462,-0.756152869812133,-0.191240438661811,-0.633303866734528,-4.53519258972621
"221","Jonah Bride","MIA","24703",375.604,0.239207,0.701751,-0.857591071100777,-0.901320919362292,-0.663850919414974,-0.608045209853782,-0.759586623217774,-0.769308020587922,-4.55970276353752
"230","Hyeseong Kim","LAD","sa3012639",401.483,0.265019,0.67782,-0.493155547354972,-1.50253973736514,-0.98433575537755,-0.771061735045396,-0.174013532679606,-0.670246946979629,-4.5953532548023
"229","Jake Meyers","HOU","20308",378.252,0.233253,0.675776,-0.830169951595632,-0.714855072798053,-0.779367079131835,-0.906828239066857,-0.816847121262599,-0.861583366886892,-4.90965083074187
"222","Jose Siri","NYM","17452",359.954,0.207558,0.662462,-0.640769401579589,-0.00511406504820792,-0.713851697525756,-1.19461214731345,-1.29500768818392,-1.06031159666674,-4.90966659631767
"233","Brooks Lee","MIN","31595",392.864,0.243402,0.66514,-0.989529315971697,-1.03666880417013,-0.642402133169055,-0.901823625206638,-0.555235770981149,-0.795610742871596,-4.92127039237026
"227","Heston Kjerstad","BAL","31166",332.824,0.25148,0.746303,-0.945699192532378,-0.514756280544066,-0.826985277301467,-0.722385459446284,-0.977087933491458,-0.945278643194253,-4.93219278650991
"232","Alejandro Kirk","TOR","22581",365.703,0.258401,0.715496,-1.29063537792857,-1.01739083345068,-0.626097047543751,-0.625339674373988,-0.595062638817987,-0.791563010033879,-4.94608858214885
"228","Hunter Renfroe","KCR","15464",356.517,0.230352,0.694582,-1.05765663390925,-0.365812242574605,-0.671276998016597,-0.922271442104083,-1.03277367238114,-0.954049517075892,-5.00384050606156
"234","Jake Fraley","CIN","19260",361.188,0.251997,0.710084,-0.791255251375079,-0.936689051042803,-0.933126986969502,-0.801643499306767,-0.718156440232746,-0.851620230171031,-5.03249145909793
"241","Jacob Young","WSN","29931",434.392,0.24725,0.630064,-0.275589286389482,-1.77575710917635,-1.30961915187581,-0.930423422646799,-0.138539983421972,-0.652160403994777,-5.08208935750519
"238","Connor Wong","BOS","19896",367.779,0.244761,0.688697,-0.899204215502931,-0.780766258899052,-0.936812192392496,-0.934422295374573,-0.753542890080389,-0.888516263739178,-5.19326411598862
"236","Jesse Winker","NYM","13590",345.865,0.233743,0.716361,-0.769550130852121,-0.807480262356654,-0.899921170733606,-0.702117052415333,-1.07808426156053,-0.952498559957784,-5.20965143787602
"231","Jhonkensy Noel","CLE","24257",333.426,0.223886,0.707355,-1.1302067130573,-0.0428921073210088,-0.642229563126588,-1.01916160025215,-1.29719804078193,-1.09048720557252,-5.2221752301115
"239","Lenyn Sosa","CHW","22896",383.077,0.245103,0.6659,-1.26441792128451,-0.686958452364955,-0.901819441200738,-1.02008929202975,-0.61645358810641,-0.86763689945304,-5.3573755944394
"235","Danny Jansen","TBR","16535",325.422,0.223003,0.722965,-1.04333584507826,-0.1984193797874,-0.785874639765492,-0.871891396774627,-1.37075342895167,-1.09722621638436,-5.36750090674182
"242","Patrick Bailey","SFG","27478",388.148,0.231285,0.648615,-0.991012900428387,-0.994921110916245,-0.832218046331097,-0.980020971287228,-0.762214804826305,-0.906233616747467,-5.46662145053673
"237","Nolan Gorman","STL","22263",316.979,0.218489,0.711042,-1.09623542821508,0.0135712831646353,-0.656692046040395,-1.0935995705826,-1.4879725471783,-1.21169894294079,-5.53262725179253
"240","Bo Naylor","CLE","21865",349.78,0.212716,0.674906,-0.976753694348435,-0.390870582266511,-0.83852520304447,-1.05414604914428,-1.30588641590369,-1.08796140328198,-5.65414334798935
"243","Miguel Vargas","CHW","20178",352.456,0.22027,0.684008,-0.887587469285459,-0.727009747268433,-1.02300257844118,-0.944025427610124,-1.19156719280665,-1.02988605831466,-5.8030784737265
"246","Jonah Heim","TEX","16930",356.668,0.227103,0.655014,-1.23207578012869,-0.641309437110795,-0.728998893833866,-1.16309658595828,-1.07253576076449,-1.11629296454037,-5.95430942233649
"244","Kyle Stowers","MIA","26151",354.367,0.215556,0.662149,-1.19266281946796,-0.591021935274966,-0.74365064711683,-1.10267168403406,-1.23576945438736,-1.10446477085063,-5.97024131113181
"245","Joey Bart","PIT","21524",328.412,0.236936,0.697184,-1.13368333927468,-0.651164578573265,-0.806827982986265,-1.02643198015656,-1.18530085754485,-1.17025468791884,-5.97366342645445
"250","Iván Herrera","STL","20599",319.829,0.260012,0.744787,-0.973361044609741,-1.03630350692659,-1.1611031466189,-0.759232345284328,-0.996161942241202,-1.0632230103444,-5.98938499602515
"249","Leody Taveras","TEX","18900",347.508,0.243653,0.688587,-0.88778341440238,-0.890061091736704,-1.17280450885324,-1.06270036423865,-0.942676031515891,-1.05065599341993,-6.00668140416679
"248","Wilmer Flores","SFG","5827",328.578,0.237794,0.704188,-1.21355056893176,-0.635422632610547,-0.912017774032952,-0.976010116251845,-1.17393673988411,-1.14225895222571,-6.05319678393692
"251","Mike Tauchman","CHW","15274",333.609,0.239716,0.705138,-0.65648419995667,-1.10128830973011,-1.27906868758367,-0.870682361097299,-1.1089346704423,-1.097554382694,-6.11401261150405
"247","Seth Brown","ATH","18171",322.677,0.228923,0.70254,-1.3535001698688,-0.265578883806978,-0.843457366193674,-1.13280031884767,-1.32483357285405,-1.19654780357484,-6.11671811514602
"253","Kris Bryant","COL","15429",334.969,0.243193,0.705654,-1.19956008758359,-0.880555479291437,-1.09844908765243,-0.900419177565034,-1.05620180600203,-1.08444505567923,-6.21963069377374
"254","José Tena","WSN","23691",354.231,0.247588,0.672722,-1.17187584177858,-1.04332168166673,-1.07653269225918,-1.12567784189268,-0.835421194201116,-1.06212841149786,-6.31495766329614
"252","Hunter Goodman","COL","29715",298.844,0.232632,0.72158,-1.40991556824638,-0.295157448383004,-0.726610747117152,-1.20466293467042,-1.4786247297108,-1.3245755509462,-6.43954697907397
"257","Josh Smith","TEX","26396",329.498,0.239319,0.700565,-0.971166459300224,-1.04647401291586,-1.22178656703591,-0.967177058140013,-1.14842267694362,-1.14858199613812,-6.50360877047375
"258","Ty France","MIN","17982",321.725,0.252408,0.718019,-1.29134078034948,-0.981154135302606,-1.15683899653731,-0.909034163088143,-1.06526307340561,-1.14661418805918,-6.55024533674233
"255","Andy Pages","LAD","24816",286.192,0.244813,0.751422,-1.04579355668765,-0.565096343134362,-1.11255529693017,-1.05113030272609,-1.45942184740047,-1.33139629291556,-6.56539363979429
"256","Dylan Moore","SEA","18042",333.631,0.203971,0.67535,-0.758011762681418,-0.762330574269925,-1.21291869356336,-1.12348744195476,-1.53061217238872,-1.21248291235441,-6.5998435572126
"259","Roman Anthony","BOS","sa3020211",310.97,0.24475,0.723266,-0.963255875008519,-1.07607097375595,-1.25086183580374,-1.00159761019325,-1.24553373191807,-1.21715835452803,-6.75447838120756
"261","Colson Montgomery","CHW","sa3017170",360.456,0.210476,0.638628,-1.22197620895937,-0.888225407386962,-1.21419905194295,-1.14748049898866,-1.25411455031985,-1.15596545169526,-6.88196116929306
"262","Brendan Rodgers","HOU","17907",325.685,0.250014,0.68634,-1.22746827066508,-1.05620432258647,-1.20130083296247,-1.14879996323236,-1.05748612923518,-1.23318127399726,-6.92444079267881
"260","Mickey Moniak","LAA","19956",313.696,0.22773,0.680362,-1.28250645479229,-0.513783906586435,-1.07703370205989,-1.35550662395104,-1.41080067173175,-1.35020758190964,-6.98983894103105
"263","Wenceel Pérez","DET","22857",332.011,0.237788,0.681279,-0.9887399370721,-1.17365527049846,-1.36200250992774,-1.16225098814401,-1.14512931392975,-1.20235495833333,-7.03413297790539
"264","Josh Rojas","CHW","19734",343.848,0.235216,0.661716,-1.01447033013981,-1.23880958173514,-1.37078688176684,-1.14860534557323,-1.07684514536505,-1.18686232769753,-7.0363796122776
"265","Mark Canha","","11445",311.392,0.244746,0.705606,-1.14287596447424,-1.28654920099821,-1.32533415929139,-0.999656363296598,-1.24192415141451,-1.27731692728814,-7.27365676676307
"268","Mauricio Dubón","HOU","16530",340.34,0.255104,0.650478,-1.21355616736367,-1.43112806830922,-1.31927194070281,-1.3010326194992,-0.866594990673913,-1.25804822736766,-7.38963201391647
"269","Ernie Clement","TOR","20352",316.417,0.259445,0.680141,-1.40924935484884,-1.21035450328584,-1.2887326099618,-1.31507716531096,-1.03389134586311,-1.32957542647993,-7.58688040575047
"267","Anthony Rizzo","","3473",307.6,0.225686,0.674674,-1.36882867644395,-0.876781617120742,-1.2505946305767,-1.24494695265021,-1.48215029129026,-1.41851033160988,-7.64181249969174
"266","Jake Rogers","DET","19452",307.189,0.208381,0.649796,-1.31871711239933,-0.567527278028437,-1.14384057559668,-1.44717652943408,-1.67347925422798,-1.51023759764073,-7.66097834732725
"274","Victor Scott II","STL","31349",358.801,0.226003,0.613681,-1.03146157099284,-1.35640112966533,-1.54492118816669,-1.40898995895429,-1.06936161728029,-1.27188138898421,-7.68301685404364
"271","Jordan Beck","COL","31431",312.568,0.236425,0.680217,-1.35403761933236,-1.06848908492415,-1.36652829846082,-1.2698833472361,-1.32374748494705,-1.35962141701649,-7.74230725191697
"270","Miguel Amaya","CHC","21693",294.676,0.236534,0.695076,-1.56876547531845,-0.946659826165099,-1.13344740561975,-1.22342390537735,-1.47224968621693,-1.44986976029009,-7.79441605898767
"273","Edouard Julien","MIN","27534",295.862,0.226707,0.698465,-1.10471705256181,-0.997972262713026,-1.55782497392273,-1.15717882815064,-1.56517530276069,-1.42870829372048,-7.81157671382937
"275","Jace Jung","DET","31437",308.85,0.221529,0.673305,-1.34927335377522,-1.06505555363863,-1.31293138333605,-1.23009965192979,-1.51758786913107,-1.41363962152721,-7.88858743333797
"272","Pavin Smith","ARI","19892",263.375,0.24038,0.736735,-1.42989077330852,-0.827545330374242,-1.12806990042547,-1.23534944333561,-1.69832168121805,-1.57478171114312,-7.89395883980501
"276","Oswaldo Cabrera","NYY","21707",306.448,0.232486,0.659724,-1.23439912937218,-1.03904455027202,-1.34774599770978,-1.4156902267658,-1.4176322157685,-1.48057603428356,-7.93508815417183
"279","Tirso Ornelas","SDP","sa3004048",314.235,0.233881,0.65593,-1.44674205336374,-1.15507898585114,-1.34613719957195,-1.37522892812667,-1.33808455218064,-1.43488273528194,-8.09615445437608
"282","Donovan Solano","SEA","8623",314.973,0.253278,0.676526,-1.57870269196231,-1.41602473551327,-1.4554742384134,-1.20669225385479,-1.1158568864348,-1.35413881232237,-8.12688961850094
"283","DJ LeMahieu","NYY","9874",316.165,0.23881,0.656539,-1.37552440101075,-1.37134021010357,-1.46187603031135,-1.29193330716924,-1.26698994292111,-1.41798992819249,-8.18565381970851
"281","Luis Campusano","SDP","22217",282.19,0.247681,0.688964,-1.52367570469892,-0.997681864544598,-1.23379410192625,-1.40021406221656,-1.46545040185242,-1.57036684163351,-8.19118297687226
"277","Mitch Garver","SEA","15161",275.07,0.204306,0.689425,-1.58079650549741,-0.514138691679084,-1.17205856092774,-1.35023615083312,-1.94989237479325,-1.62571468715011,-8.19283697088072
"278","Jason Heyward","SDP","4940",279.736,0.229535,0.69148,-1.4122501143537,-0.875275751505276,-1.29011317030153,-1.38252821814241,-1.66651571365994,-1.58179753372253,-8.20848050168538
"280","Griffin Conine","MIA","21626",304.432,0.20843,0.638665,-1.52196818296575,-0.806783832359972,-1.18914299513193,-1.48233975494602,-1.69327446771762,-1.57023582013764,-8.26374505325893
"284","Ramón Urías","BAL","18795",269.312,0.248511,0.716143,-1.48273437212621,-1.02025802260682,-1.38277214955492,-1.32442843946015,-1.57037507753488,-1.58835254264024,-8.36892060392323
"289","Starling Marte","NYM","9241",281.696,0.258534,0.69424,-1.30286235322445,-1.39444460374819,-1.57247672720569,-1.3903372219609,-1.36162993132561,-1.55709480279689,-8.57884564026173
"290","Nick Fortes","MIA","21538",324.733,0.225312,0.614193,-1.53249323496038,-1.21864202024634,-1.47739063380664,-1.53373137714505,-1.34966456205189,-1.51210755262615,-8.62402938083645
"288","Alek Thomas","ARI","23792",278.415,0.248294,0.690932,-1.41090649069481,-1.26061572474443,-1.4309915594854,-1.44358862841228,-1.49248813299203,-1.59414456296654,-8.6327350992955
"286","Mitch Haniger","SEA","14274",297.808,0.213751,0.641857,-1.60130356159119,-0.883760371295032,-1.39052666791479,-1.4868317238014,-1.68605820091404,-1.60822509319555,-8.656705618712
"287","Tyrone Taylor","NYM","13675",273.713,0.232168,0.681666,-1.36825203795702,-0.996227245664738,-1.43158720447069,-1.5206452276477,-1.68992669094624,-1.6611485940506,-8.66778700073699
"291","Javier Báez","DET","12979",300.852,0.22632,0.630473,-1.56605583427302,-1.08507068893947,-1.33250416621709,-1.61105178675467,-1.52927586584135,-1.62526380464334,-8.74922214666896
"285","Kyle Higashioka","TEX","5517",265.665,0.213168,0.6642,-1.75748861507313,-0.463404423430289,-1.16166539095081,-1.66111415147707,-1.93458137796382,-1.77843374439021,-8.75668770328533
"292","Kristian Campbell","BOS","sa3023011",252.111,0.261971,0.74844,-1.43496295262082,-1.28399343431227,-1.54797178117545,-1.27606328592181,-1.60154796074312,-1.63672002753817,-8.78125944231164
"297","Will Wagner","TOR","29634",275.097,0.260695,0.713108,-1.52391083883923,-1.48036041299914,-1.57830514122061,-1.2716915733024,-1.40095160909972,-1.55003833652275,-8.80525791198385
"294","Elias Díaz","SDP","11680",300.418,0.231934,0.639013,-1.77058334731538,-1.15000161696967,-1.31302601852063,-1.52544608626364,-1.47308963958058,-1.59871758795568,-8.83086429660559
"295","Thomas Saggese","STL","27883",277.268,0.239594,0.67286,-1.54992115350254,-1.15154033305668,-1.41601693321976,-1.52459638260082,-1.58789415116442,-1.66136054476179,-8.89132949830601
"298","Miguel Andujar","ATH","15878",278.568,0.26374,0.694798,-1.68917654888249,-1.32407626566843,-1.55606030606912,-1.42064669009709,-1.33893607807814,-1.58044656280091,-8.90934245159618
"296","Connor Joe","SDP","16572",274.446,0.228885,0.690946,-1.42305508794392,-1.17385500136543,-1.6298423493869,-1.359044600746,-1.71577936409836,-1.62586258088985,-8.92743898443048
"293","Randal Grichuk","ARI","10243",242.007,0.252609,0.738084,-1.64558155958347,-0.898979337750809,-1.42170061107003,-1.4569522755246,-1.77532980394691,-1.75333698221721,-8.95188057009303
"299","Travis d'Arnaud","LAA","7739",247.465,0.233228,0.705495,-1.72848313933688,-0.807296299716021,-1.39004235844077,-1.53690366312436,-1.89621803010768,-1.80008556773274,-9.15902905845846
"300","Spencer Torkelson","DET","27465",246.652,0.224302,0.706589,-1.64449546379254,-0.859857054182527,-1.493656752003,-1.49029700883902,-1.98080670069716,-1.80360349171168,-9.27271647122593
