"","Name","Team","PlayerId","IP","SO","QS","wERA","wWHIP","ERA","WHIP","SVHD","pr","rank","pos"
"2","Tarik Skubal","DET","22267",1.71013126404804,2.45147879871766,1.90242756646593,0.543366970193905,0.929010341988924,2.05706758257049,2.63378624027712,-0.753627412948396,11.4736413513137,1,"SP"
"1","Zack Wheeler","PHI","10310",1.88661620009403,2.26403689162602,2.32401188894785,1.07130472185531,1.31752515921715,1.23314219959656,1.84961999465796,-0.753627412948396,11.1926296430465,2,"SP"
"3","Logan Gilbert","SEA","22250",1.93956168090782,2.14419359259771,1.99658120606172,1.22433524041992,1.21991690780005,1.00959055392573,2.30411178012745,-0.753627412948396,11.084663548892,3,"SP"
"4","Paul Skenes","PIT","33677",1.47455538959379,2.50544735762031,1.80423299813213,0.308364448964025,0.881261058713114,2.22697660870074,2.1243300541511,-0.753627412948396,10.5715405029268,4,"SP"
"5","Logan Webb","SFG","17995",1.989040493335,1.40773422471013,2.06421865612899,1.29040557211071,1.77841854032207,0.956905110967687,0.686971796656442,-0.753627412948396,9.42006698128264,5,"SP"
"7","Dylan Cease","SDP","18525",1.67483427683884,2.480140976295,1.61848497380798,1.12884161915509,1.44578741252903,0.766549163797671,0.797124485548556,-0.753627412948396,9.15813549502377,6,"SP"
"6","Corbin Burnes","ARI","19361",1.77687588590727,1.78546816721706,1.96375347069478,1.25300176550674,1.53460566971748,0.683315532035196,0.822647669560142,-0.753627412948396,9.06604074769027,7,"SP"
"9","Pablo López","MIN","17085",1.76044297732135,2.06622879200239,1.82820917531103,1.43462491289496,1.48748222841038,0.27810399027401,0.926867337607458,-0.753627412948396,9.02833200087319,8,"SP"
"8","Framber Valdez","HOU","17295",1.74664383627592,1.72899425357829,1.93687167332807,1.0112395825705,1.55144454500667,1.13426789516622,0.672419104018255,-0.753627412948396,9.02825347699553,9,"SP"
"10","George Kirby","SEA","25436",1.6381641287752,1.44669364010196,1.79266824493429,1.08726060758914,1.08792910791511,0.790987714841217,1.89495722941538,-0.753627412948396,8.9850332606239,10,"SP"
"11","Cole Ragans","KCR","21846",1.5804238403877,2.25132623869877,1.70386402528692,1.00120667436398,1.43685162025239,0.874995234053405,0.519951662685878,-0.753627412948396,8.61499188278065,11,"SP"
"13","Luis Castillo","SEA","15689",1.66225072081209,1.75381795188105,1.66316610013976,1.25766204360213,1.37474424402648,0.470863061629975,0.996832206060273,-0.753627412948396,8.42570891520335,12,"SP"
"12","Aaron Nola","PHI","16149",1.74824210546715,1.7731942275007,1.70055431222531,1.55803269758472,1.50654005263549,-0.00100462810248181,0.826005983245879,-0.753627412948396,8.35793733760837,13,"SP"
"19","Garrett Crochet","BOS","27463",1.00986424995126,2.12702386793831,1.17232795609536,0.340256600881545,0.568532127442755,1.37802207636638,1.79286449336903,-0.753627412948396,7.63526395909625,14,"SP"
"14","Kevin Gausman","TOR","14107",1.66864379757702,1.74214161971642,1.73176567609704,1.4775902696383,1.64771196152198,0.0159190684951739,0.0964683069146721,-0.753627412948396,7.6266132870122,15,"SP"
"15","Gerrit Cole","NYY","13125",1.47079608036934,1.67934685697278,1.56150787860194,1.1908504848846,1.18463130137268,0.254439326680177,1.03813946439482,-0.753627412948396,7.62608398032794,16,"SP"
"18","Chris Sale","ATL","10603",1.04671448468434,1.80015552204619,1.32630658353159,0.312267712542896,0.6131199641115,1.51730145185539,1.74372116976778,-0.753627412948396,7.60595947559128,17,"SP"
"16","Shota Imanaga","CHC","33829",1.42314064547019,1.47455134597505,1.39236614713926,1.0269202420806,1.0449479041908,0.529617411430499,1.38035162897123,-0.753627412948396,7.51826791230922,18,"SP"
"20","Blake Snell","LAD","13543",1.09349199707,2.21604440824069,1.43414165328323,0.515744572152224,0.900599453383556,1.10011502008286,0.777198491013193,-0.753627412948396,7.28370818227735,19,"SP"
"21","Bailey Ober","MIN","21224",1.42147484377792,1.60485277715868,1.35218776997269,1.31654383575642,1.03143111761606,-0.12741303337522,1.42344998793817,-0.753627412948396,7.26889988589632,20,"SP"
"23","Tanner Bibee","CLE","30134",1.40324106849765,1.68490920418507,1.17661903756478,1.05392276362503,1.12413187289137,0.430030315928051,1.02996756775953,-0.753627412948396,7.14919441750309,21,"SP"
"17","Seth Lugo","KCR","12447",1.68971393790088,1.25559713298241,1.67167129300739,1.54798862932884,1.66028184071229,-0.0922622507909211,0.124790085664374,-0.730857268862864,7.1269233999424,22,"SP"
"26","Bryce Miller","SEA","29837",1.41211033696731,1.28490288792317,1.27084964723176,1.13160693031784,1.03226525121036,0.271505581492253,1.39009073865986,-0.753627412948396,7.03970396085416,23,"SP"
"24","Michael King","SDP","19853",1.36263152454013,1.80626950699854,1.22726534441458,0.891242213877916,1.25130764943384,0.722844888348131,0.428941361802455,-0.709621043511769,6.98088144590383,24,"SP"
"28","Sonny Gray","STL","12768",1.26945918394136,1.59432569028584,1.33675527069703,0.820502070392884,1.0251646678201,0.707978103129975,0.935039234242746,-0.753627412948396,6.93559680756154,25,"SP"
"27","Freddy Peralta","MIL","18679",1.34174147088571,1.96130269686158,1.23863767243443,1.10178323061204,1.16709803454312,0.19766042642234,0.663015825698197,-0.753627412948396,6.91761194450903,26,"SP"
"31","Joe Ryan","MIN","21390",1.19368771777672,1.61264466023705,1.25129924914688,1.00162341554355,0.741466212751914,0.122695171096264,1.74640782071637,-0.753627412948396,6.91619683432035,27,"SP"
"25","Justin Steele","CHC","17312",1.34910251349885,1.29595862763023,1.46369816062415,0.818914134814952,1.15935267485814,0.863509115062938,0.717084676038535,-0.753627412948396,6.9139924895794,28,"SP"
"29","Max Fried","NYY","13743",1.32956310986519,1.18275796638849,1.50378032520171,0.754222801670948,1.14619530899675,0.976476317261727,0.697046737713646,-0.753627412948396,6.83641515415007,29,"SP"
"22","José Berríos","TOR","14168",1.74164643119911,1.21537354776961,1.60738204103733,1.87483334249161,1.75791775508029,-0.67381830379049,-0.027453468088955,-0.753627412948396,6.74225393275011,30,"SP"
"30","Zac Gallen","ARI","19291",1.42831813721643,1.50346635751659,1.44376291218327,1.17431211410998,1.33895259487686,0.207374750462149,0.343976025553355,-0.753627412948396,6.68653547897024,31,"SP"
"32","Yusei Kikuchi","LAA","20633",1.41148003362429,1.92625071546186,1.14105886467023,1.2990395679534,1.34119349209619,-0.108717541826909,0.276585864259604,-0.753627412948396,6.53326358329027,32,"SP"
"34","Spencer Schwellenbach","ATL","31846",1.27153018063986,1.24120858192915,1.27900847477899,0.952076053254146,0.974157626955074,0.402944255188121,1.13273196654302,-0.753627412948396,6.50002972633997,33,"SP"
"35","Zach Eflin","BAL","13774",1.42158739794631,0.876644990466182,1.41337897657694,1.22595625811318,1.15943843498365,0.0773209279920816,0.964480450887693,-0.753627412948396,6.38518002401764,34,"SP"
"33","Hunter Brown","HOU","25880",1.3529743768917,1.66617650592882,1.48548069077384,1.08243292543159,1.39759537325525,0.265049730924916,-0.139845032771559,-0.753627412948396,6.35623715748616,35,"SP"
"40","Yoshinobu Yamamoto","LAD","33825",1.0121153333192,1.2762145935172,1.13139912073459,0.520213519983215,0.655729635134349,0.927721407929854,1.45065232879262,-0.753627412948396,6.22041852646264,36,"SP"
"38","Sean Manaea","NYM","15873",1.40029214928566,1.49804191973932,1.22484078717177,1.43586587264206,1.33415333262648,-0.442751803673768,0.262257059200465,-0.747502705611495,5.9651966113805,37,"SP"
"39","Cristopher Sánchez","PHI","20778",1.33291722408341,0.867634907378515,1.428388140461,0.92965589614767,1.272344080732,0.577292951424615,0.245465490771791,-0.753627412948396,5.9000712780506,38,"SP"
"36","Mitch Keller","PIT","17594",1.61022818417914,1.35050180917878,1.36436828374014,1.7694667235848,1.75625415341757,-0.726422284911722,-0.474109188291734,-0.753627412948396,5.89666026794858,39,"SP"
"37","Chris Bassitt","TOR","12304",1.53709048555498,1.29110881249885,1.39769632456988,1.56513395901718,1.68084483709849,-0.437884458924262,-0.476012232713651,-0.753627412948396,5.80435031415308,40,"SP"
"41","Carlos Rodón","NYY","16137",1.19661412615503,1.70373384206466,1.230882937761,1.25635989221279,1.065713419918,-0.481751658047426,0.520511381633502,-0.753627412948396,5.73843652874916,41,"SP"
"42","Tanner Houck","BOS","19879",1.41526185368242,1.02034662175213,1.17159674041896,1.23893414584617,1.41577120614408,0.035082965605154,0.0219137430913524,-0.72155857189472,5.59734870464554,42,"SP"
"45","Reynaldo López","ATL","16400",1.07825216266908,1.36987808479843,1.07155489037635,0.676903411873056,0.963329081814491,0.671096256513424,0.473159158664636,-0.745036400147312,5.55913664656216,43,"SP"
"43","Jack Flaherty","DET","17479",1.15667990720789,1.52918646714695,1.18622105394702,0.967400199860066,1.09997410487013,0.125261218955837,0.239756357506041,-0.753627412948396,5.55085189654553,44,"SP"
"44","Taj Bradley","TBR","22543",1.18051888007431,1.5377368521179,1.0844473773024,1.053585671281,1.0930280113216,-0.0308603912940134,0.356401786190575,-0.753627412948396,5.52123077404537,45,"SP"
"46","Grayson Rodriguez","BAL","24492",1.09297424789537,1.44184382497059,1.16170608626972,0.819882539096375,1.00300535705441,0.348487017279421,0.373529185987825,-0.753627412948396,5.48780084560531,46,"SP"
"48","Nathan Eovaldi","TEX","9132",1.14537946870086,1.06797134664409,1.28855276360783,1.00382988947156,0.973071509745495,0.0120496312466126,0.68719568423549,-0.753627412948396,5.42442288070355,47,"SP"
"49","Jared Jones","PIT","27863",1.19812235201155,1.39327671893936,1.12812789270858,1.09982267337727,1.14251830373049,-0.103117040546096,0.233487505292668,-0.724412248727068,5.36782615678675,48,"SP"
"47","MacKenzie Gore","WSN","22201",1.29397348181816,1.63080273584739,1.07074670462875,1.16462393278865,1.43068020511056,-0.0480488388613066,-0.484743848296562,-0.753627412948396,5.30440696008724,49,"SP"
"51","Hunter Greene","CIN","22182",0.975467696089238,1.64181250574278,1.02485329967556,0.863215668920971,0.792161604402273,-0.0232233440929051,0.76320551732263,-0.753627412948396,5.28386553511215,50,"SP"
"53","Tyler Glasnow","LAD","14374",0.557261427994541,1.3266204920153,1.07505702861596,0.160452601910815,0.16994856350174,0.911001365924228,1.80573802916435,-0.753627412948396,5.25245209617854,51,"SP"
"50","Erick Fedde","STL","17425",1.4443683616298,1.00786581788325,1.03982397852402,1.457341384368,1.53737177135376,-0.395870516588567,-0.307760717058317,-0.753627412948396,5.02951266716355,52,"SP"
"54","Sandy Alcantara","MIA","18684",1.11240109736064,0.701591947620084,1.13576717227521,0.840969267106258,1.02009552455377,0.338222825841132,0.380917476096443,-0.753627412948396,4.77633789790514,53,"SP"
"55","Ryan Pepiot","TBR","26221",0.966733492621656,1.21047776282657,0.980441568592979,0.829337281621285,0.808633942537819,0.0430865910719151,0.662456106750576,-0.753627412948396,4.7475393330744,54,"SP"
"52","Brady Singer","CIN","25377",1.41402375783005,1.21109835528414,1.1319763962686,1.69765499074615,1.59576838124961,-1.00504213226734,-0.629711055730797,-0.753627412948396,4.66214128043201,55,"SP"
"57","Brandon Pfaadt","ARI","27782",1.10227122220494,1.1921128230637,0.836546020483994,1.086889584865,1.00571026240937,-0.288850028477041,0.398492651051789,-0.722495602180072,4.61067693342168,56,"SP"
"56","Michael Wacha","KCR","14078",1.21709898480323,0.804081642742294,1.08177266732819,1.17803225199237,1.21667199754624,-0.247854359101494,0.0234809561446958,-0.753627412948396,4.51965672850712,57,"SP"
"63","Nick Pivetta","SDP","15454",0.852806163370539,1.37316492633296,0.851401244225654,0.822680701537618,0.655893232852748,-0.212459191006758,0.846827528097437,-0.732372065920212,4.45794253948999,58,"SP"
"59","Ranger Suárez","PHI","17277",1.10866429896987,0.820263016450756,1.01473173531272,0.825968481004689,1.14980999335438,0.367080681531719,-0.139956976561085,-0.726773170094078,4.41978805996897,59,"SP"
"66","Shane McClanahan","TBR","21483",0.592423350201664,0.911398168090039,0.999838026535458,0.187146938338129,0.370706582791632,0.915685421540908,1.02817646712714,-0.727629423980683,4.27774553064428,60,"SP"
"58","Luis Severino","ATH","15890",1.38966703578901,0.956379628810865,1.12016149033935,1.68729613268701,1.58393548995293,-1.03833965806417,-0.679414098279678,-0.753627412948396,4.26605860828692,61,"SP"
"60","Jameson Taillon","CHC","11674",1.31349037461814,0.589379637329295,1.05369783385788,1.54123792596918,1.29678180601414,-0.881281236690988,0.084490321435551,-0.753495559288733,4.24430110324447,62,"SP"
"61","Ronel Blanco","HOU","19407",1.18837516102839,1.19926112877866,0.963296485233109,1.23436049278375,1.31706351411166,-0.448006092148131,-0.469967268079327,-0.753627412948396,4.23075600875973,63,"SP"
"73","Jacob deGrom","TEX","10954",0.0570932144733836,0.729863381798222,0.700430222321579,-0.473198273640117,-0.419314984630462,1.71777903224927,2.65225696554867,-0.753627412948396,4.21128214517215,64,"SP"
"69","Bryan Woo","SEA","30279",0.656219052848901,0.548236655883061,0.805546324308067,0.40640646936396,0.250995400028286,0.44263653517468,1.82991788770165,-0.753627412948396,4.18633091236021,65,"SP"
"62","JP Sears","ATH","23429",1.44731728084179,0.758019891447181,0.919000209257329,1.94392883808801,1.50233599884063,-1.48071816287075,-0.172084844154617,-0.753627412948396,4.16417179850118,66,"SP"
"65","Kodai Senga","NYM","31838",0.926596676171401,1.33367685810691,0.935683472189997,0.678263703144501,1.02698061363484,0.340300102679833,-0.394629097729334,-0.726835818303441,4.12003650989471,67,"SP"
"68","Roki Sasaki","LAD","sa3025686",0.530135873410942,1.08702583358203,0.922271437283342,0.204878961753393,0.311519134717841,0.716327941403186,1.03410948797193,-0.753627412948396,4.05264125717428,68,"SP"
"64","Brayan Bello","BOS","23920",1.24100549017068,1.00205063670677,1.05646875642109,1.26482530286581,1.49417969125731,-0.400269455776405,-0.931063737130768,-0.753627412948396,3.97356927156609,69,"SP"
"74","Nestor Cortes","MIL","17874",0.783720414808658,0.750136068745473,0.752621703350732,0.664910736222788,0.585881157053696,0.0396855593850211,0.867761016738517,-0.726379328470671,3.71833732783421,70,"SP"
"72","Robbie Ray","SFG","11486",0.778047684721465,1.20486944580262,0.923964778849749,0.738707593706049,0.728000028206715,-0.174253589542016,0.232480011186948,-0.753627412948396,3.67818853998313,71,"SP"
"67","Miles Mikolas","STL","9803",1.33955792001881,0.271176600937307,1.13078336016499,1.80431984398672,1.36875095777975,-1.4272791979222,-0.0839850817988304,-0.753627412948396,3.64969699021816,72,"SP"
"71","Merrill Kelly","ARI","11156",1.02138979679508,0.769834133046826,1.03797669681521,1.06231650460441,1.08141070313008,-0.41918896737595,-0.220556505018727,-0.753627412948396,3.57955494904854,73,"SP"
"70","Jake Irvin","WSN","21504",1.2321587325347,0.646106384932258,1.06202984406531,1.57987161990242,1.36892790716544,-1.16835274961583,-0.49414712661662,-0.753627412948396,3.47296719941928,74,"SP"
"76","Jesús Luzardo","PHI","19959",0.79243210744256,0.924614488945673,0.917614747975724,0.825981510157605,0.76076072854177,-0.37363143513894,0.152887976835025,-0.727894175128373,3.27276594963104,75,"SP"
"75","Tyler Anderson","LAA","12880",1.37901941145869,0.666792800184555,0.89700601141184,1.86383870671427,1.74407016598348,-1.46636051413267,-1.30114990529878,-0.753627412948396,3.02958926337299,76,"SP"
"77","Luis Gil","NYY","21052",0.854539497563848,1.26276842360321,0.755173261211022,0.916718939088252,1.00763104033671,-0.45710945241185,-0.626352742045063,-0.725822064782664,2.98754690256347,77,"SP"
"78","Reese Olson","DET","24968",0.77723729470901,0.605032358203532,0.869431483404327,0.692948630622869,0.780479635245883,-0.0522441234571156,0.00288329887218604,-0.746323631146862,2.92944494645383,78,"SP"
"82","Bowden Francis","TOR","20548",0.732575800689207,0.550650070995829,0.551826030106914,0.832569460833374,0.549361300417816,-0.548611460610727,0.816938536294392,-0.727499422005908,2.7578103167209,79,"SP"
"80","Yu Darvish","SDP","13074",0.662589618780153,0.602274169503226,0.788805333821999,0.72378934706781,0.523995937569184,-0.434300138104542,0.634694046948498,-0.753627412948396,2.74822090263793,80,"SP"
"81","Kutter Crawford","BOS","20531",0.821336017886827,0.782475831256562,0.532577739551496,1.0739082966912,0.720944195793728,-0.962967093554039,0.444165717177788,-0.699232943227937,2.71320776157562,81,"SP"
"86","Brandon Woodruff","MIL","16162",0.34352106220925,0.577013757989589,0.787412175533273,0.173617864942227,0.15238919558209,0.329995180323139,0.962801294044824,-0.753627412948396,2.573123117676,82,"SP"
"84","Shane Baz","TBR","22264",0.686113439975059,0.578163003281383,0.797806983648876,0.655954023456052,0.671902846838649,-0.181992464039139,0.0786692443802759,-0.724859854914198,2.56175722262696,83,"SP"
"89","Spencer Strider","ATL","27498",0.0415157175672835,0.920270341742691,0.632548392278243,-0.237151275208056,-0.188546418376341,0.848296117038331,1.29102048493068,-0.753627412948396,2.55432594702443,84,"SP"
"87","Jeffrey Springs","ATH","17677",0.535808603498135,0.582323271237678,0.647597965449684,0.412222032727766,0.441729541187173,0.122226765534597,0.45188983865498,-0.723482056998099,2.47031596129191,85,"SP"
"85","Aaron Civale","MIL","19479",0.91543130266645,0.724645808173476,0.640866932723217,1.17448691191113,0.992335691229919,-0.974677232595738,-0.299141045264931,-0.753627412948396,2.42032095589513,86,"SP"
"83","Charlie Morton","BAL","4676",0.91952827439609,0.972193244025955,0.846879252542635,1.16191775092176,1.1859059942221,-0.931176611738226,-1.08050869614598,-0.753627412948396,2.32111179527593,87,"SP"
"79","Emmanuel Clase","CLE","21032",-0.92177463048895,-0.975759137640604,-1.12084137517557,-1.33611542793351,-1.19286913399738,2.67061777197791,2.45434034566934,2.7135322409279,2.29113065333913,88,"SP"
"90","Nick Lodolo","CIN","26378",0.52209950578742,0.819090786253127,0.661862443894882,0.510726979603608,0.474415377226596,-0.204088987274344,0.236509987609829,-0.753627412948396,2.26698868015272,89,"SP"
"88","José Soriano","LAA","22100",0.711190508693838,0.599722844955443,0.817111077505914,0.63179155839327,0.885955459130693,-0.0504723285064578,-0.752961167997278,-0.746239180990489,2.09609877118493,90,"SP"
"92","Nick Martinez","CIN","12730",0.812309173581414,0.356473586494276,0.524053304166061,0.912928067903066,0.859995552975756,-0.555983756842196,-0.185965874055655,-0.654902838938085,2.06890721528464,91,"SP"
"94","Gavin Williams","CLE","30122",0.639853676764024,0.756594827285356,0.508526516553178,0.624460675935873,0.684988442588163,-0.214801218815098,-0.188204749846145,-0.753627412948396,2.05779075751695,92,"SP"
"93","Kyle Harrison","SFG","27758",0.64473852767244,0.737425415818229,0.760307164960083,0.709190675536543,0.741761304892661,-0.441489145203186,-0.421047832057119,-0.753627412948396,1.97725869867125,93,"SP"
"91","Dean Kremer","BAL","19350",0.846300532437211,0.499393730981806,0.740460432101082,1.03861276392221,0.99203122628328,-0.801652291207437,-0.597023469189641,-0.753627412948396,1.96449551238012,94,"SP"
"105","Shohei Ohtani","LAD","19755",0.0677633496373888,0.538605980337826,0.521996279013233,-0.182566528878586,-0.131177888867561,0.732538846928738,1.10586545705714,-0.753627412948396,1.89939808227979,95,"SP"
"95","Clay Holmes","NYM","13649",0.548302116190166,0.443057726778053,0.518971355215061,0.310604871515528,0.693024197709151,0.451576971764777,-0.657920890690971,-0.456706733633631,1.85090961484813,96,"SP"
"96","Spencer Arrighetti","HOU","29921",0.756752436060813,1.02770179161962,0.618568703096486,1.04890054479598,0.953318442304583,-1.07465127182304,-0.835911516034936,-0.753627412948396,1.7410517170711,97,"SP"
"98","Jon Gray","TEX","14916",0.726565408096825,0.454894953283534,0.668093171158548,0.935025417448547,0.811342117662798,-0.846945072474808,-0.35500099623766,-0.668806641984251,1.72516835695353,98,"SP"
"100","Mason Miller","ATH","31757",-0.941935333132163,-0.270465003575899,-1.11904726439195,-1.26083797481266,-1.19170899619968,2.15970949695339,2.2887754809626,1.98253914592776,1.64702955173139,99,"SP"
"102","David Peterson","NYM","20302",0.676321227324548,0.502749527233846,0.713846105731794,0.561665767402769,0.941049568482682,0.0564056013906469,-1.1623396062884,-0.706107496884262,1.58359069439363,100,"SP"
"99","Andrew Abbott","CIN","29911",0.885739513043407,0.717336608117665,0.696999281397825,1.25052870839693,1.15945771136555,-1.25368402367621,-1.12271150479672,-0.753627412948396,1.58003888090004,101,"SP"
"112","Drew Rasmussen","TBR","25385",0.0303278332286537,0.020939931102031,0.139787920705617,-0.342491348721146,-0.206269127472461,1.18844001664608,1.33333523737094,-0.593782959016293,1.57028750384342,102,"SP"
"103","Mitchell Parker","WSN","27636",0.805038174302989,0.496037934729767,0.650761435376017,0.996142402682141,1.01636256524998,-0.798678934163804,-0.885614558583817,-0.725522241742288,1.55452677785098,103,"SP"
"108","Zack Littell","TBR","15823",0.620404316465078,0.226264094933989,0.451045267380784,0.726036637305493,0.590329391359053,-0.556167045975023,0.150984932413108,-0.698513645544961,1.51038394833752,104,"SP"
"104","Frankie Montas","NYM","14309",0.761029494459887,0.653116781212203,0.684632115207715,1.00670618496542,0.991601531679153,-0.947631902774214,-0.981998161364416,-0.753627412948396,1.41382863043735,105,"SP"
"97","Ryan Feltner","COL","21446",1.12064006248727,0.636912422597904,0.775048857846723,1.8010892634437,1.57525251291044,-1.99535331692941,-1.74870117581776,-0.753627412948396,1.41126121359047,106,"SP"
"107","Luis L. Ortiz","CLE","27646",0.887157695565205,0.347463503406609,0.465346306609802,1.12607155553726,1.12617642236262,-0.92353956453712,-0.977632353572962,-0.714602307206095,1.33644125816532,107,"SP"
"101","Edwin Díaz","NYM","14710",-0.982803751676997,-0.330285519504372,-1.12084137517557,-1.22420705612236,-1.17477056506495,1.77710361490748,1.79969306453003,2.52152843454836,1.26541684644162,108,"SP"
"109","Eduardo Rodriguez","ARI","13164",0.563902123929946,0.357369997821875,0.59485999691501,0.562950051345286,0.682758269806084,-0.242396416035102,-0.534782722214016,-0.727409461213099,1.25725184035598,109,"SP"
"110","Tobias Myers","MIL","22191",0.629341117435774,0.394789424522695,0.562234307984977,0.808700306516366,0.710838151494558,-0.766358950408716,-0.353321839394791,-0.753627412948396,1.23259510520247,110,"SP"
"118","Clarke Schmidt","NYY","19899",0.466205105761629,0.513851236752578,0.122363820837646,0.406445066360319,0.482742699999703,-0.0477026260548568,-0.0665218506330074,-0.700111868918521,1.17727158410549,111,"SP"
"114","Ryan Weathers","MIA","23796",0.660135937909105,0.380171024411073,0.561745548032855,0.83094883874743,0.859911166543853,-0.742449901304448,-0.8782262684752,-0.72373264983555,0.948503696029118,112,"SP"
"106","Ryan Helsley","STL","18138",-0.991447911809862,-0.638940626012133,-1.12084137517557,-1.29325522616855,-1.13083751905219,2.15757112373707,1.30501345862124,2.57937299760658,0.866634921746575,113,"SP"
"121","DJ Herz","WSN","26389",0.496302090390901,0.91452411528372,0.230320118451426,0.571362259536018,0.717991394902104,-0.455826428482066,-1.03416396728284,-0.700525791282596,0.739983791516669,114,"SP"
"113","Jonathan Cannon","CHW","31730",1.00700537407399,0.148575113208699,0.612784402245782,1.60930451219436,1.37410125987862,-1.83782648999456,-1.4565278851588,-0.720587469126815,0.736828817321278,115,"SP"
"132","Max Scherzer","TOR","3137",-0.0595804364866127,0.0320876104324351,0.47203308154533,-0.0908286076048759,-0.267339899081205,0.0101963744591433,1.21355538257972,-0.728725258685662,0.581398247158269,116,"SP"
"111","Raisel Iglesias","ATL","17130",-0.930661907625551,-0.793766951722652,-1.12084137517557,-1.13878476955329,-1.11601004617539,1.49516419770178,1.67812210910642,2.4997366667156,0.572957923271344,117,"SP"
"115","Austin Gomber","COL","16561",1.15168250213108,0.13315224139282,0.769849529537142,2.11189468326662,1.62996484174105,-2.66397170802161,-1.82437517753632,-0.753627412948396,0.554569499562372,118,"SP"
"120","Félix Bautista","BAL","20666",-1.1600810690685,-0.571891357198274,-1.12084137517557,-1.44916024922203,-1.31309035812744,2.46054806029943,1.61879190065843,2.0737149623542,0.53799051452023,119,"SP"
"130","Kumar Rocker","TEX","31843",0.107539992748775,0.254535529112127,0.307986768796102,0.0368855988507048,0.0347189721616371,0.0931652552519801,0.402522627474673,-0.726475382889162,0.510879361506836,120,"SP"
"126","Justin Verlander","SFG","8700",0.395948793848422,-0.0203639446850537,0.704419196261535,0.547469660146569,0.430391673343709,-0.679561363285723,-0.157196320147857,-0.753627412948396,0.467480282533206,121,"SP"
"116","Jhoan Duran","MIN","21029",-1.02488775524051,-0.696527009093358,-1.12084137517557,-1.31271747148596,-1.15429606988275,2.14099363994587,1.23650385943224,2.39700378253838,0.465231601038337,122,"SP"
"125","Walker Buehler","BOS","19374",0.689985303367905,0.267889759402776,0.515451898709426,1.00025373019317,0.942451223513698,-1.13145053754008,-1.10267356647183,-0.726952786304378,0.454955024870683,123,"SP"
"122","Ryan Walker","SFG","20423",-0.871483176965946,-0.560734483905535,-1.12084137517557,-1.14961823514984,-1.04301438242926,1.79936306181631,1.49408651912813,1.90187471812982,0.449632645448091,124,"SP"
"117","Josh Hader","HOU","14212",-1.02334351205011,-0.436250532388968,-1.12084137517557,-1.18582632921858,-1.1861173662381,1.3629720020154,1.56304389347522,2.44680957167145,0.420446352090734,125,"SP"
"119","Andrés Muñoz","SEA","20373",-1.08819722388028,-0.697365958156368,-1.12084137517557,-1.38688805003795,-1.22338094042584,2.34921009483688,1.35158207506343,2.23325043198636,0.417369054210658,126,"SP"
"123","Kyle Gibson","","10123",0.675938543151999,0.244077396956799,0.837084810982396,0.998181359660435,1.01831781315016,-1.16656058920598,-1.50802202834007,-0.73309258843583,0.365924717919917,127,"SP"
"128","Andre Pallante","STL","26108",0.685955864139303,-0.122072153008843,0.539889896315526,0.670717724245561,1.08862860385585,-0.223599097190774,-1.77041827098551,-0.674126835267367,0.19497573210374,128,"SP"
"133","Tyler Mahle","TEX","16358",0.333953957895532,0.157815045354724,0.3321072648585,0.519383779258402,0.324916991043134,-0.783975072619272,0.0553849361591802,-0.753627412948396,0.185959489001805,129,"SP"
"124","Devin Williams","NYY","15816",-1.11279030967495,-0.618176062079995,-1.12084137517557,-1.35991260478036,-1.21064755147436,2.06722994671277,0.98407061405448,2.40620575881461,0.035138416396618,130,"SP"
"127","Martín Pérez","CHW","6902",0.854156813391299,0.020733066949508,0.718487401025173,1.28350284439151,1.33941642815555,-1.42915282016887,-2.02430678562709,-0.731331128073621,0.0315058200434578,131,"SP"
"129","Jeff Hoffman","TOR","17432",-1.0327305296944,-0.679203285564852,-1.12084137517557,-1.23668127629474,-1.17513008673583,1.63542111523252,1.37162001338832,2.21134299168432,-0.0262024331602277,132,"SP"
"136","Cade Smith","CLE","27867",-0.916329259821919,-0.446145534351316,-1.12084137517557,-1.19156119908093,-1.0921147639615,1.85911531911778,1.57546965411244,1.29988002356157,-0.0325271355994567,133,"SP"
"134","Jason Adam","SDP","11861",-0.949805120586459,-0.718047776427497,-1.12084137517557,-1.15909282755031,-1.14752408782281,1.53143508054224,1.81458158853679,1.6328011216077,-0.116493396875923,134,"SP"
"138","Edward Cabrera","MIA","21690",0.378592941081655,0.627856369698566,0.247894309958237,0.51438848086704,0.617752212095739,-0.63025658655537,-1.16592180755318,-0.725518910375172,-0.135212990782488,135,"SP"
"135","Ben Lively","CLE","14932",0.672269277262267,0.0429594708928085,0.413693616079052,1.10895228752925,0.925382718764952,-1.48776461175497,-1.11218878858142,-0.753627412948396,-0.190323442756457,136,"SP"
"131","Kyle Freeland","COL","16256",0.955275478278875,0.051234036993727,0.713520907180973,1.80179505295455,1.44606653361274,-2.48125280805271,-1.98467868413542,-0.753627412948396,-0.251666896115647,137,"SP"
"140","Griffin Jax","MIN","20253",-0.956941054862808,-0.688346681106367,-1.08316779655105,-1.15656862209923,-1.14524642807203,1.48561279733559,1.73476566660582,1.43196872968277,-0.37792338906732,138,"SP"
"145","Matt Strahm","PHI","13799",-0.990140032373092,-0.688475396579048,-1.12084137517557,-1.16855035527099,-1.22587175588823,1.40973109634538,2.22866166598794,1.1567617161495,-0.398724436804116,139,"SP"
"137","Bryan Abreu","HOU","16609",-0.828566272556293,-0.318940169983779,-1.12084137517557,-1.06202311369231,-0.906690863481505,1.48764934325589,0.649470627165732,1.67567211486245,-0.42426970960539,140,"SP"
"139","Jose Quintana","","11423",0.528425050051312,-0.0476010581005771,0.612942190891743,0.750615850296849,0.851473610602687,-0.89176944818051,-1.4958201552819,-0.735218463345262,-0.426952423065656,141,"SP"
"144","Andrew Heaney","","15423",0.24863789825085,0.207876170265281,0.285136278908509,0.503653251396832,0.314650414583107,-1.00997057339446,-0.331940575595612,-0.719456840143076,-0.501413975728568,142,"SP"
"143","Javier Assad","CHC","21741",0.504090838843951,0.0427526067402855,0.159907897317379,0.662750904255782,0.791250662664786,-0.704427588972532,-1.33965856889521,-0.708923612552386,-0.592256860597948,143,"SP"
"141","Michael Lorenzen","KCR","14843",0.58103286835992,-0.0563583072240492,0.490282685426924,0.885158053599808,0.930312849125296,-1.12642026911695,-1.58906933195581,-0.727495979593222,-0.612557431378087,144,"SP"
"146","Reid Detmers","LAA","27468",0.161160798572952,0.491992591302652,0.149607377538997,0.379204039525044,0.257778959404315,-0.893663435886384,-0.508363987886233,-0.683298088935757,-0.645581746364414,145,"SP"
"142","Tanner Scott","LAD","17586",-0.947443734133496,-0.593292603022066,-1.12084137517557,-1.2179844771603,-0.965043330333336,1.88699563276662,0.132626150931088,1.92599474142426,-0.8989889947028,146,"SP"
"147","Casey Mize","DET","20492",0.326255252777199,-0.228706026653263,0.357709434791504,0.527582347789509,0.48813389510095,-0.834135198636148,-0.801656716440439,-0.736133478846261,-0.900950490116949,147,"SP"
"158","Cody Bradford","TEX","27597",-0.126032417508012,-0.326589546645962,-0.0768789812197049,-0.0144138006566429,-0.301328123376161,-0.506169843631768,1.05213243808538,-0.607870847856972,-0.907151122809841,148,"SP"
"155","Matthew Boyd","CHC","15440",-0.117185659872033,0.00496542154609131,-0.00610115224745672,-0.123018316337437,-0.165509319587176,-0.0656649610718619,0.289571343844445,-0.729742713725457,-0.912685357450884,149,"SP"
"149","Tomoyuki Sugano","BAL","sa3025685",0.435320241953581,-0.294314141871212,0.248850663092901,0.821735315190836,0.567085043157289,-1.39373728661493,-0.623666091096474,-0.722610441807574,-0.961336697995588,150,"SP"
"148","Bailey Falter","PIT","20070",0.526556650855928,-0.209184946126846,0.225336306341205,0.937906112604117,0.75006289069382,-1.44813342814602,-1.03147731633425,-0.725489575836963,-0.974423305949012,151,"SP"
"154","David Festa","MIN","30056",-0.0420895187177692,0.169767196389384,0.0408101818973542,-0.0239976811064757,0.00579043372479636,-0.175251497042961,-0.27451341156954,-0.684447780742433,-0.983932077167644,152,"SP"
"159","Tyler Holton","DET","26231",-0.895463968084542,-1.07854993502926,-1.12084137517557,-1.08317113846008,-1.07830016234608,1.32729171749182,1.61834412550033,1.05936734777453,-1.25132338832887,153,"SP"
"152","Jordan Hicks","SFG","19618",0.262684658466756,0.0309153802348049,0.235223111986886,0.354710214601736,0.591181169276397,-0.482464449119529,-1.6771690943116,-0.623926464207081,-1.30884547307163,154,"SP"
"160","Orion Kerkering","PHI","31776",-1.06288379140787,-0.84407861210682,-1.12084137517557,-1.27923837880346,-1.19073623967231,1.7675929454597,1.25351931543997,1.14378604123545,-1.33288009503092,155,"SP"
"156","Simeon Woods Richardson","MIN","24494",0.312726241735919,-0.0644030242666087,0.271770426044574,0.641564867418933,0.522969303808748,-1.23863394932523,-1.04961221023722,-0.736888958877628,-1.34050730369851,156,"SP"
"153","Germán Márquez","COL","15038",0.482502949345468,0.020939931102031,0.441704949240626,1.05754002667826,0.806780290529398,-1.94690388948558,-1.52615692224304,-0.753627412948396,-1.41722007778124,157,"SP"
"151","A.J. Puk","ARI","19343",-1.00804289839827,-0.712395788082453,-1.12084137517557,-1.12797336608552,-1.095985908272,1.0797088299615,0.819513243453457,1.72249447966783,-1.44352278293102,158,"SP"
"161","Mitch Spence","ATH","27707",0.341450065510751,-0.193465569025685,0.186268222451706,0.673815440730925,0.557632417169772,-1.24494724167815,-1.06774710414019,-0.720211764946591,-1.46720553392746,159,"SP"
"164","Colin Rea","CHC","12317",0.230786807143137,-0.279560130815158,0.0915296103148007,0.600176938642532,0.333428150267862,-1.3852652555865,-0.524819724946334,-0.688958729430461,-1.62268233441013,160,"SP"
"168","Grant Holmes","ATL","16944",-0.0108219707371719,-0.0955475716742325,-0.222508280182478,0.0466110037998818,0.0723755699165367,-0.324469216623008,-0.471982256290767,-0.630031842211676,-1.63637456400291,161,"SP"
"163","Lucas Giolito","BOS","15474",0.0976577367635465,0.180248313450548,0.312029621785898,0.43015342356854,0.270902473400285,-1.29021965748631,-0.941586453346071,-0.711958025304537,-1.6527725671681,162,"SP"
"162","Davis Martin","CHW","21448",0.276461288678509,-0.0110550578215204,0.267471647568037,0.642012369058288,0.524461029854283,-1.36272069224883,-1.25726793980518,-0.753627412948396,-1.67426476766481,163,"SP"
"150","Robert Suarez","SDP","30115",-1.0266436002675,-1.0296656372975,-1.12084137517557,-1.08827209564257,-1.10500328270557,0.743128885714274,0.735219569941504,2.19407170395105,-1.69800583148189,164,"SP"
"165","Chris Martin","TEX","11847",-1.15545284166403,-1.10246113257033,-1.12084137517557,-1.279801264288,-1.30323470155948,1.32497005514268,1.55643920989328,1.32725090593268,-1.75313114428877,165,"SP"
"172","Hayden Birdsong","SFG","31635",-0.0162470816538917,0.258282068763376,-0.0849723842064178,0.117284388298734,0.147759246811591,-0.597570024534628,-0.935877320080321,-0.678779552133745,-1.7901206587353,166,"SP"
"179","Shane Bieber","CLE","19427",-0.548450462584112,-0.571250078325453,0.16509760436806,-0.640949638544951,-0.622035543555381,0.498621182523602,0.528123559321169,-0.697243284218331,-1.8880866610154,167,"SP"
"170","Sean Burke","CHW","29878",0.213520997711087,0.192591207884418,0.278870915112803,0.59505901057552,0.547063336020592,-1.42917318562807,-1.73582764002244,-0.724042837129173,-2.06193819547526,168,"SP"
"157","Justin Martinez","ARI","24453",-0.926292554808393,-0.550018920804846,-1.12084137517557,-1.091967369291,-0.835573756385792,1.24310090914681,-0.864009407205587,2.06852173117337,-2.07708074335102,169,"SP"
"171","Max Meyer","MIA","27474",0.24492361069376,-0.0943753414766023,0.342496300218762,0.66393490335012,0.53849598463199,-1.54336231537904,-1.50824591591912,-0.728003832629251,-2.08413660650938,170,"SP"
"175","Lance Lynn","","2520",0.0420109559082287,-0.0674830016486172,0.300503353623651,0.380888747677318,0.204161616804278,-1.32414851251844,-0.90207029564392,-0.736936153245095,-2.10307328904259,171,"SP"
"166","Kirby Yates","LAD","9073",-1.12334113742046,-0.785292416940962,-1.12084137517557,-1.23714169196913,-1.17892080021019,1.2030420508946,0.544355408802221,1.58383557729148,-2.114304384728,172,"SP"
"177","Jeremiah Estrada","SDP","22210",-1.06493677943942,-0.531991859157761,-1.12084137517557,-1.18519483607585,-1.1239300673187,1.15931740998585,0.558124494913736,1.10254001482916,-2.20691299743855,173,"SP"
"174","Robert Garcia","TEX","23363",-1.01761450487872,-0.841904240014745,-1.12084137517557,-1.13699272226739,-1.08081278485709,1.08891401752124,0.582528241030077,1.29858356652587,-2.22813980211634,174,"SP"
"183","Trevor Williams","WSN","16977",0.157266424346427,-0.290845719580578,-0.185285553750006,0.43596155301572,0.342535770208229,-1.09766424072238,-0.982781767891088,-0.72563060371151,-2.34644413808519,175,"SP"
"169","Lucas Erceg","KCR","19360",-0.972304698848955,-0.756701492571705,-1.12084137517557,-1.0383629654835,-0.978389183913808,0.712763986042669,0.0247123378294635,1.75512336980258,-2.37400002231883,176,"SP"
"189","Tony Gonsolin","LAD","19388",-0.116060118188066,-0.38873843353561,-0.0588102570054314,0.155506556973869,-0.107445774413637,-1.10837647226313,-0.0506258325205279,-0.719182927735819,-2.39373325868836,177,"SP"
"181","Joey Estes","ATH","26257",0.230111482132757,-0.327628464389744,0.24614516509021,1.00185735482041,0.324062886379832,-2.70056843820932,-0.479818321557484,-0.70140814087827,-2.40724647661161,178,"SP"
"167","Trevor Megill","MIL","17722",-1.1129411322606,-0.845813972497429,-1.12084137517557,-1.15676625735204,-1.13706546757507,0.725410936207703,0.21042708465062,1.98542077848249,-2.45216940551991,179,"SP"
"178","Edwin Uceta","TBR","20539",-0.990461937294707,-0.789073433950965,-1.12084137517557,-1.02272018328395,-1.06036817504107,0.527438307295782,0.637044866528513,1.36211366279418,-2.45686826812779,180,"SP"
"187","Rhett Lowder","CIN","33876",-0.0238557434375073,-0.405204820076438,0.0205632046681118,0.168283716936294,0.137888205495218,-0.80878020192847,-0.926026266602164,-0.674750448683754,-2.51188235362871,181,"SP"
"173","Ryan Pressly","CHC","7005",-1.12124988097165,-1.06052747036335,-1.12084137517557,-1.17802488658247,-1.15788639376995,0.821006401706372,0.343528250395257,1.94902374198845,-2.52497161277291,182,"SP"
"202","Keegan Akin","BAL","19362",-0.922440951165858,-0.734325686740471,-1.12084137517557,-1.01223405737889,-1.05049643615674,0.800274364237764,1.144038289285,0.350033691302289,-2.54599216179248,183,"SP"
"194","Alex Cobb","DET","6562",-0.316674416854937,-0.667462595663882,0.15769115926681,-0.332015337134459,-0.251358765096707,0.0409074869371992,-0.43179443585147,-0.753627412948396,-2.55433431734584,184,"SP"
"185","Kevin Ginkel","ARI","19876",-1.03383130946131,-0.917871652292928,-1.12084137517557,-1.13764037418446,-1.08714181013444,1.01366364576632,0.490734333619982,1.18283429072541,-2.61009425113701,185,"SP"
"188","Blake Treinen","LAD","12572",-1.19643156329389,-1.05785662430522,-1.12084137517557,-1.28829609591437,-1.27774619391693,1.16593618422681,0.861492164525146,1.2527013875508,-2.66104211630322,186,"SP"
"176","Ben Joyce","LAA","31461",-1.10645125891085,-0.862558476398871,-1.12084137517557,-1.20276401222633,-1.09324482860871,1.06284622974146,-0.180144797000382,1.82157488995505,-2.68158362862422,187,"SP"
"195","Luis Garcia","HOU","23735",-0.418488666503204,-0.439050093919778,-0.304587239858712,-0.27545685201647,-0.408479677285295,-0.602111521936887,-0.0765967916902143,-0.15802431634273,-2.68279515955329,188,"SP"
"184","Luke Weaver","NYY","16918",-0.880131839265547,-0.720546235691858,-1.1195879926119,-0.822908252332686,-0.948305712636052,-0.0676607760737518,0.580401309029112,1.28091066397926,-2.69782883560342,189,"SP"
"180","Pete Fairbanks","TBR","17998",-1.25399401609532,-1.10058096727296,-1.12084137517557,-1.31002179248995,-1.30881802468608,0.996230812688593,0.589468755980597,1.79300101390341,-2.71555559314729,190,"SP"
"210","Dylan Lee","ATL","19996",-1.08064033701413,-0.871251367786003,-1.12084137517557,-1.23389860787256,-1.17938319081886,1.39453846377998,0.971085134469637,0.38897320867112,-2.73141807174638,191,"SP"
"192","Jordan Montgomery","ARI","16511",-0.0651181015717295,-0.535965949376786,0.167697268522851,0.133388687045084,0.12280182209753,-0.832689251032738,-1.09618082667941,-0.66186953265654,-2.76793588365174,192,"SP"
"204","Chris Paddack","MIN","20099",-0.175983957442457,-0.377627530054544,-0.177938760453936,0.0708360661947867,-0.127951557026559,-1.02163998151775,-0.295223012631572,-0.682712323551319,-2.78824105648335,193,"SP"
"182","Cal Quantrill","MIA","19312",0.362385140832533,-0.329561494970542,0.425304551319619,0.929375295137357,0.831912962007587,-1.97203486614203,-2.31323370638984,-0.733019020745368,-2.79887113895068,194,"SP"
"191","Johan Oviedo","PIT","22487",0.0270862731788293,-0.293714235828896,0.298915845905145,0.325867276435818,0.31536982470508,-1.18556156264233,-1.61739111070551,-0.710650001021909,-2.84007768997378,195,"SP"
"209","Steven Matz","STL","13361",-0.140484372730145,-0.419306059806753,-0.349764823149736,-0.0272841131465002,-0.0289572706452761,-0.51044659006439,-0.673033302276782,-0.694411992322237,-2.84368852414182,196,"SP"
"200","Kris Bubic","KCR","21455",-0.249767716993216,-0.300607409089078,-0.0572227492869248,-0.113511297017595,-0.101836785990018,-0.588873973454967,-0.940467015450826,-0.527931408827491,-2.88021835611011,197,"SP"
"190","Joel Payamps","MIL","14332",-1.05029798429775,-1.05873694619873,-1.12084137517557,-1.07661413914057,-1.10244520459306,0.546704031701778,0.484241593827561,1.45062901242715,-2.92736101144919,198,"SP"
"214","Dustin May","LAD","19716",-0.73204206882267,-0.762666075636117,-0.282943255837184,-0.797585982671587,-0.783997827574353,0.498865568034037,0.402858458843246,-0.479060762205071,-2.9365719458697,199,"SP"
"206","Jackson Jobe","DET","30203",-0.0986592437539394,-0.485394559556672,-0.0158782755416766,0.170200501694506,0.0244283458529567,-1.09583134939411,-0.728445478091412,-0.725770798744278,-2.95535085753463,200,"SP"
"212","Bryan Hudson","MIL","19924",-1.10698476566905,-1.02870716672415,-1.12084137517557,-1.23688947588177,-1.19447229303223,1.28436132949199,0.871679049371876,0.57339028913547,-2.95846440848344,201,"SP"
"197","Yimi García","TOR","12095",-1.17201181091855,-1.00221936123887,-1.12084137517557,-1.14580417746323,-1.27035502437078,0.312053210765336,1.03299005007669,1.3627059058369,-3.00348258248809,202,"SP"
"198","Marcus Stroman","NYY","13431",0.0264334590021286,-0.487550543724079,-0.0101651720068334,0.294149533882944,0.296572169733771,-1.0757102757016,-1.51574614981726,-0.532727883438691,-3.00474486206962,203,"SP"
"201","Hunter Gaddis","CLE","25636",-1.02640948759724,-1.14425228836114,-1.08659969960069,-1.00082614803115,-1.13137119371057,0.202609233008657,0.997056093639324,1.17481032287633,-3.01498316777648,204,"SP"
"186","Aroldis Chapman","BOS","10233",-1.09171341610099,-0.44231165205789,-1.12084137517557,-1.18235163458716,-1.0011953572235,1.00568038575876,-0.975953196730093,1.68382285973786,-3.12486338637859,205,"SP"
"225","Eury Pérez","MIA","27768",-0.767557411118557,-0.536754331646957,-0.139894378511401,-0.744468072938397,-0.837936726994614,0.062617066447548,0.563385853021388,-0.753627412948396,-3.15423541468939,206,"SP"
"196","Tyler Rogers","SFG","15541",-0.902867781281676,-1.3185261428994,-1.12084137517557,-0.928197992794109,-0.932704798387878,0.412984426575178,0.241211626769859,1.38630586570945,-3.16263617148415,207,"SP"
"193","Porter Hodge","CHC","26413",-1.02475944348854,-0.838410534327691,-1.12084137517557,-1.05850139951977,-0.979025565252214,0.568535803967345,-0.48619911756038,1.64471631132338,-3.29448532003344,208,"SP"
"203","Yennier Cano","BAL","25911",-1.070764834279,-1.06776541721107,-1.12084137517557,-1.16351558219708,-1.05394805172452,0.991668949827131,-0.210593507751046,1.3838536093607,-3.31190620915046,209,"SP"
"224","Ryne Nelson","ARI","26253",-0.32565849057636,-0.675845190822229,-0.176678375538031,-0.154659547337362,-0.278080712716508,-0.725526204706791,-0.317387882957426,-0.680176912577848,-3.33401331723256,210,"SP"
"220","A.J. Minter","NYM","18655",-1.2408116718927,-1.06519110775745,-1.12084137517557,-1.30891361310237,-1.31973037029638,1.06482167928414,0.863619096526111,0.791270952272895,-3.33577641014133,211,"SP"
"218","Will Vest","DET","19769",-1.01109086527845,-1.03271343581134,-1.12084137517557,-1.11089114908917,-1.05114947889976,0.960346873572987,0.354722629347709,0.669682530223137,-3.34193427111046,212,"SP"
"199","Camilo Doval","SFG","21992",-0.987508515915978,-0.692129996606954,-1.12084137517557,-1.04439152037105,-0.920445003305895,0.673193898811329,-0.676503559752039,1.4212019362421,-3.34742413607406,213,"SP"
"219","Michael Soroka","WSN","18383",-0.0498782671708191,-0.151862889462734,-0.383775973361374,0.288457889200815,0.156183041201843,-1.343169851414,-1.19413164251336,-0.681861436867289,-3.36003913038691,214,"SP"
"205","Andrew Kittredge","BAL","12828",-1.04601867481531,-1.15078689709028,-1.12084137517557,-1.04220295916089,-1.07908464906003,0.353293265651319,0.292369938582558,1.42276397726727,-3.37050737380093,215,"SP"
"211","Hunter Harvey","KCR","15507",-1.08950060115031,-1.0096526797862,-1.12084137517557,-1.08236161649633,-1.13687863317483,0.368506263675926,0.447524030863523,1.25030095246828,-3.37290365877551,216,"SP"
"208","Liam Hendriks","BOS","3548",-1.24336890259867,-1.07223368290556,-1.12084137517557,-1.18516784535366,-1.30183051392903,0.143305015809654,0.627081869260831,1.66680512605726,-3.48625030883476,217,"SP"
"231","Hayden Wesneski","HOU","27581",-0.365511670522255,-0.476005225522714,-0.563718530065247,-0.167739451089423,-0.333381179911281,-0.837230748434997,-0.221228167755874,-0.541134310740196,-3.50594928404199,218,"SP"
"228","Cole Sands","MIN","21461",-1.01433467641164,-0.873740633088029,-1.12084137517557,-1.0262414047374,-1.08212914332494,0.424490911024847,0.626186318944634,0.51760654678996,-3.54900345597814,219,"SP"
"226","Alec Marsh","KCR","27451",-0.181607163695555,-0.230020763267076,-0.110741964044283,0.182051358009094,-0.0117410244750387,-1.47407902317059,-1.04502251486671,-0.728311336321588,-3.59947243183175,220,"SP"
"217","Kyle Hendricks","LAA","12049",0.183806697254364,-0.588714009779558,0.140238195622139,0.842938973557864,0.476865990271235,-2.35997649849911,-1.54216488414504,-0.753627412948396,-3.60063294866651,221,"SP"
"223","Fernando Cruz","NYY","7048",-1.06256188648625,-0.507857708030083,-1.12084137517557,-1.05367172980319,-1.06078107515603,0.334740332317427,-0.0570066285234242,0.900399413545646,-3.62758065731148,222,"SP"
"233","Evan Phillips","LAD","17734",-1.23379054286812,-1.09347633287909,-1.12084137517557,-1.28486574081249,-1.32370796698141,0.930226359411818,0.985973658476397,0.50479188795315,-3.63569005287532,223,"SP"
"207","Jason Foley","DET","19531",-1.09816502103349,-1.34895585973553,-1.12084137517557,-1.12842154339982,-1.07032845425796,0.620121512128429,-0.330485306331792,1.79560688329137,-3.68146916451437,224,"SP"
"229","Osvaldo Bido","ATH","23150",-0.331394250997855,-0.435393195401289,-0.192936378827317,-0.0763994416474287,-0.209080076977553,-1.07338861335246,-0.810612219602398,-0.55700457352553,-3.68620875033183,225,"SP"
"213","Carlos Estévez","KCR","14542",-1.03579200307478,-1.03868721283809,-1.12084137517557,-0.989829408812368,-1.03907252376719,0.0821271763639787,-0.00461693502595528,1.43663727054294,-3.71007501178704,226,"SP"
"215","Justin Slaten","BOS","25648",-0.982718210509015,-0.891089640012955,-1.12084137517557,-0.946860122823076,-0.960694697274332,0.111209052105798,-0.243952757029348,1.31270578695543,-3.72224196376307,227,"SP"
"216","Jesus Tinoco","MIA","16300",-0.977653272931165,-0.944649067591734,-1.12084137517557,-0.962299304952028,-0.952519332837522,0.230856124923156,-0.272498423358098,1.27423682519163,-3.72536782673133,228,"SP"
"234","Yariel Rodríguez","TOR","33838",-0.41654373047331,-0.31080581180846,-0.365335868553559,-0.280234253669636,-0.300594527123645,-0.5732536662463,-0.803671704651878,-0.694071082420773,-3.74451064494756,229,"SP"
"232","Alex Vesia","LAD","25007",-1.1649456602266,-0.817004691522732,-1.12084137517557,-1.22468706358638,-1.18908188232571,0.896704813563755,0.216807880653516,0.632894983472806,-3.77015299514692,230,"SP"
"247","Zebby Matthews","MIN","31827",-0.626774657287992,-0.695708746445601,-0.445911987589607,-0.471907704745278,-0.68496175651148,-0.638606424828582,0.430508574855799,-0.670868480614689,-3.80423118316743,231,"SP"
"235","Tim Herrin","CLE","25139",-1.12764745990331,-1.03573365243818,-1.12084137517557,-1.22811794282182,-1.13893089246951,1.12060267204104,0.0758706496421648,0.564167399276793,-3.8906306018484,232,"SP"
"238","Quinn Mathews","STL","sa3023407",-0.606647720895299,-0.710701800522349,0.230545255909687,-0.499991341485921,-0.5115499539911,-0.410268896245056,-0.735497936831455,-0.753627412948396,-3.99773980700989,233,"SP"
"222","Derek Law","WSN","13133",-0.893579811305582,-1.10664898241363,-1.12084137517557,-0.880812376614284,-0.813681999525427,0.190165937435652,-0.74702814715248,1.3660187653571,-4.00640798939423,234,"SP"
"244","Garrett Whitlock","BOS","20191",-1.11175931349244,-1.10175089898001,-1.08464523706774,-1.09329375723105,-1.18226699575223,0.313193676480701,0.69659896255555,0.548352289124813,-4.0155712743624,235,"SP"
"242","David Robertson","","8241",-1.31552963104115,-1.05435602314641,-1.12084137517557,-1.37850452436939,-1.35388951378302,1.14852371660829,0.414612556743319,0.642964040578767,-4.01702075358517,236,"SP"
"230","Kenley Jansen","LAA","3096",-1.20505771475981,-1.00822991411496,-1.12084137517557,-1.15318958967896,-1.23589731291933,0.159373363120785,0.29763129669021,1.24293955652325,-4.0232716903144,237,"SP"
"257","Kevin Kelly","TBR","25679",-1.21392248106274,-1.35377119750815,-1.12084137517557,-1.250930741836,-1.32484290862381,0.801699946381972,1.20952540615684,0.222795640776902,-4.03028771089056,238,"SP"
"258","Clayton Kershaw","LAD","2036",-0.897366133530446,-0.994291867216077,-0.17144825919997,-0.908543205039412,-0.929460721430383,0.328406674505308,0.260913733726172,-0.743701419552443,-4.05549119773725,239,"SP"
"221","Jordan Romano","PHI","16122",-1.23094517349105,-1.15400478390731,-1.12084137517557,-1.15865405102176,-1.22921047054362,0.0315597411630424,-0.0726787590568558,1.83808273939106,-4.09669213264207,240,"SP"
"249","Trent Thornton","SEA","17948",-1.00628705337128,-1.01231203339141,-1.12084137517557,-0.988643786720929,-1.04604507612409,0.237210148194478,0.35080459671435,0.460258912659773,-4.12585566721468,241,"SP"
"263","Jakob Junis","CLE","13619",-0.739783544524993,-0.871118055332155,-0.66521319020176,-0.631757775024455,-0.800745989546075,-0.388172373009851,0.478084685403715,-0.518406706361967,-4.13711294859754,242,"SP"
"245","Adrian Morejon","SDP","20039",-1.03662715500429,-0.963386362829147,-1.12084137517557,-1.06414522157739,-1.02738448390249,0.541184992257777,-0.128874541398158,0.628282705701689,-4.17179144192759,243,"SP"
"248","Paul Blackburn","NYM","14739",-0.368573143902645,-0.661001538633415,-0.101659495642646,-0.115860375400737,-0.225738895642288,-1.06905077054223,-0.963863267461447,-0.687599716723374,-4.19334720394878,244,"SP"
"246","Drew Thorpe","CHW","31967",-0.296225575540628,-0.758436852962314,0.0468638779972589,0.0493700840023046,-0.159567700465705,-1.43774704395252,-0.889196759848602,-0.753627412948396,-4.1985673837186,245,"SP"
"261","Dedniel Núñez","NYM","23055",-1.32277361731916,-1.12100995157989,-1.12084137517557,-1.37923504943505,-1.38373412105812,1.1099922677963,0.699061725925088,0.315602901710075,-4.20293721913634,246,"SP"
"239","José Alvarado","PHI","17780",-1.14192383062275,-0.942550545688917,-1.12084137517557,-1.20831072758145,-1.10245494458029,0.911591964241114,-0.468511998815509,0.841788358436986,-4.23121309978639,247,"SP"
"236","José Leclerc","ATH","14524",-0.976262103409782,-0.70543136161418,-1.12084137517557,-0.923625858857484,-0.924755241099968,0.00689717006826476,-0.522916680524418,0.912022831024815,-4.25491261958833,248,"SP"
"256","Joey Cantillo","CLE","23335",-0.588276629529593,-0.450604606083478,-0.294894783642812,-0.50737824374348,-0.461543509758685,-0.292352887459949,-0.964982705356692,-0.696668808466895,-4.25670217404158,249,"SP"
"237","Chad Green","TOR","15552",-1.12888105358894,-1.18961300002826,-1.12084137517557,-1.02832753212856,-1.16463296997388,-0.220992318412796,0.335804128918068,1.22030846925339,-4.29717565113656,250,"SP"
"227","David Bednar","PIT","19569",-1.09105835084092,-1.02924961050187,-1.12084137517557,-0.989130329303667,-1.05782721631612,-0.245715985885183,-0.384106381514031,1.60659714310669,-4.31133210643068,251,"SP"
"250","José Buttó","NYM","23313",-1.0118382249566,-0.995119323826169,-0.997675214217079,-1.00606450610641,-0.999675267997039,0.313967563930413,-0.15406189404117,0.53366558704516,-4.3168012801689,252,"SP"
"253","Bubba Chandler","PIT","sa3017428",-0.374239120739734,-0.505756887636683,-0.0973876566910284,-0.105174923492149,-0.20381735176594,-1.13900612290438,-1.15215272144167,-0.753627412948396,-4.33116219761997,253,"SP"
"243","Manuel Rodríguez","TBR","20794",-1.11030286255339,-1.13107044486426,-1.12084137517557,-1.14962074219723,-1.08186719155145,0.692704008727758,-0.340336359809948,0.906374313004892,-4.3349606544192,254,"SP"
"241","JoJo Romero","STL","19574",-1.16438288938462,-1.21139119830776,-1.12084137517557,-1.16059518413207,-1.15821397112055,0.459499135394726,-0.114209904970446,1.11006242685143,-4.36007296084487,255,"SP"
"259","Gregory Santos","SEA","21894",-1.24644838464601,-1.23733196303414,-1.12084137517557,-1.31644784994572,-1.26063937783093,1.08754953175464,0.11158071850048,0.582620952184083,-4.39995774819318,256,"SP"
"266","Paul Sewald","CLE","13892",-1.20979174308258,-1.05999651903854,-1.12084137517557,-1.12498010646316,-1.28380723768261,-0.0717338679143423,0.787609263438973,0.580075232480149,-4.50346635343768,257,"SP"
"260","Aaron Bummer","ATL","16258",-1.03320325720166,-0.81068843939903,-1.12084137517557,-1.10818203968064,-0.957889680779986,0.833388600901768,-0.782178497063174,0.456901172221489,-4.52269351617681,258,"SP"
"255","Jack Leiter","TEX","30146",-0.185049070165126,-0.104373775515212,-0.186028314937089,0.343099574791886,0.091513869539862,-2.11223068729517,-1.70358782863938,-0.692736407201223,-4.54939263942145,259,"SP"
"270","Matt Waldron","SDP","25550",-0.467145833501088,-0.781805606725658,-0.207716556749558,-0.121304229271784,-0.409964965732923,-1.49609408456898,-0.412092328895157,-0.665166383106995,-4.56128998855214,260,"SP"
"251","Pierce Johnson","ATL","13435",-1.05367010718291,-0.757092235970915,-1.12084137517557,-1.04300279651185,-0.977984905923299,0.316309591738753,-0.798410346544227,0.865186585523118,-4.5695055900469,261,"SP"
"252","Seranthony Domínguez","BAL","19249",-1.08197072728457,-0.94963679215812,-1.12084137517557,-1.01897244470171,-1.05680115187091,0.00178543980832315,-0.298469382527784,0.946151761741194,-4.57875467216915,262,"SP"
"262","Ian Hamilton","NYY","19261",-1.19701009171945,-1.08498570866331,-1.12084137517557,-1.23136582944787,-1.17495060433134,0.761294875323309,-0.296902169474441,0.706876318685581,-4.6378845848031,263,"SP"
"254","Beau Brieske","DET","26079",-0.975001496723739,-1.0337270701587,-1.00929461616548,-0.917408437775503,-0.926847402857089,-0.023406633225732,-0.490564925351835,0.737468447981228,-4.63878213427685,264,"SP"
"274","Griffin Canning","NYM","19867",-0.405689006473134,-0.622193823620107,-0.314820410824794,-0.0884700846202119,-0.270371268391142,-1.35141786239119,-0.931287624709816,-0.684280749696792,-4.66853083072719,265,"SP"
"265","Mark Leiter Jr.","NYY","15551",-1.15856383887851,-0.890167945288936,-1.12084137517557,-1.07837910606915,-1.1722590382086,-0.0686383181154937,0.102513271548995,0.707042887041345,-4.67929346314592,266,"SP"
"271","Jared Koenig","MIL","27517",-1.00671475921119,-1.04093513662884,-1.04178252866806,-1.02767792339204,-0.946159757008315,0.473368013111938,-0.623218315938376,0.459756431453217,-4.75336397628166,267,"SP"
"287","Danny Coulombe","MIN","13293",-1.39771443372104,-1.35189333070135,-1.12084137517557,-1.4145862752103,-1.45991640162069,0.913750702916627,0.76219802321691,0.31485889638766,-4.75414419390775,268,"SP"
"273","Andrew Nardi","MIA","25942",-1.20105303744826,-0.874558895735787,-1.12084137517557,-1.15120080069186,-1.19573023236263,0.17057436568241,-0.109844097178992,0.693593417693121,-4.78906065521757,269,"SP"
"264","Ryan Thompson","ARI","16647",-1.08032968750935,-1.34379804686596,-1.12084137517557,-1.05705695145073,-1.05780691548042,0.256760989029314,-0.270931210304755,0.8747374299667,-4.79926576779078,270,"SP"
"269","Aaron Ashby","MIL","23550",-0.522617029853707,-0.531300013492102,-0.350519129847499,-0.403747899926296,-0.245307625253471,-0.482240429068296,-2.02083652815183,-0.308975870836521,-4.86554452642972,271,"SP"
"285","Tanner Banks","PHI","16990",-0.975487730731213,-0.983757884871491,-1.12084137517557,-0.927047158785608,-0.968550404486359,0.0315597411630424,-0.0990974933846383,0.173947712227448,-4.86927459404439,272,"SP"
"268","Garrett Cleavinger","TBR","17897",-1.12629005663245,-0.889494487547945,-1.12084137517557,-1.07897041819389,-1.07805223563054,0.13293899707535,-0.555156491907475,0.833632986662808,-4.88223308134972,273,"SP"
"288","Ryan Brasier","CHC","5615",-1.25885410508669,-1.29886945142855,-1.0533674865096,-1.2211033362761,-1.31545487008467,0.307348789689453,0.61264112041217,0.341498451138993,-4.88616088814499,274,"SP"
"276","Erik Miller","SFG","26252",-1.11899429543698,-0.793980711346926,-1.12084137517557,-1.15584186439319,-1.03540240029744,0.686085234486798,-0.924459053548821,0.559213286224457,-4.90422117948768,275,"SP"
"240","Alexis Díaz","CIN","21132",-0.999785924604687,-0.896371571374041,-1.12084137517557,-0.821441403746388,-0.881061937039442,-0.74440498538793,-1.18204171324471,1.73186209892007,-4.9140868116527,276,"SP"
"267","Anthony Bender","MIA","19742",-1.16549942673512,-1.11149420056384,-1.12084137517557,-1.11128972686252,-1.12724681219366,0.113876927261385,-0.465041741340249,1.03776250665213,-4.94977384895744,277,"SP"
"284","Tyson Miller","CHC","19976",-1.14815257830182,-1.26332559304394,-1.12084137517557,-1.07387881061549,-1.17921939198763,-0.0343225193585148,0.289459400054922,0.547126160950435,-4.98315470747762,278,"SP"
"279","Jorge Alcala","MIN","19459",-1.09506077706911,-1.03451545242888,-1.12084137517557,-0.978988644321341,-1.10369320457379,-0.336240452042317,0.0479966460505617,0.638181400394893,-4.98316185916555,279,"SP"
"277","Michael Kopech","LAD","17282",-1.21431416956876,-0.912201276023215,-1.11849126723413,-1.13344206752894,-1.19405830296961,-0.0409209281402728,-0.28145392652006,0.860781777892903,-5.03410016009209,280,"SP"
"282","Randy Vásquez","SDP","24719",-0.291937261724715,-0.821760268540176,-0.11486755986062,0.0696270949615957,-0.0381795026527643,-1.50136873850255,-1.64425762019139,-0.723130782843387,-5.06587463935401,281,"SP"
"275","Reed Garrett","NYM","16866",-1.03551962198726,-0.768747881720292,-1.12084137517557,-0.990250334160239,-0.926779507312379,0.0862817300413816,-1.11487543953001,0.783627315502816,-5.08710511434156,282,"SP"
"297","Yuki Matsui","SDP","33826",-1.2323318408457,-1.03227672260046,-1.12084137517557,-1.23513969901423,-1.23191014328194,0.577720626067877,-0.0576782912605707,0.228415194410517,-5.10404225170008,283,"SP"
"278","Jose A. Ferrer","WSN","24017",-1.0750891654288,-1.30339977636881,-1.12084137517557,-1.00837804495833,-1.03663889410825,-0.0260134120037101,-0.432130267220043,0.892347406690018,-5.1101435285735,284,"SP"
"292","Brock Stewart","MIN","16727",-1.33549223834799,-1.07489993198252,-1.12084137517557,-1.35478371309148,-1.31596428676176,0.836667439833444,-0.309887649059284,0.48322137841963,-5.19198037616554,285,"SP"
"272","Colin Holderman","PIT","22361",-1.12057005379453,-1.08806108906415,-1.12084137517557,-1.06746581616308,-1.02496794042837,0.0905381110147989,-1.05241080497533,1.18180711919819,-5.20197184938805,286,"SP"
"293","Bryse Wilson","CHW","19990",-0.289915788860311,-0.815979564722451,-0.45890068710466,0.151380351991173,-0.104152063320838,-1.82462967243104,-1.20353492083341,-0.664847034553804,-5.21057937983535,287,"SP"
"280","Ryan Fernandez","STL","24862",-1.04097399698777,-1.01211896018239,-1.12084137517557,-0.990908996620536,-0.942901001804665,0.0596640748631202,-1.01334242243128,0.808745823552093,-5.252676854787,288,"SP"
"286","Taylor Rogers","CIN","13449",-1.10402459104022,-0.98479450412469,-1.12084137517557,-0.977208736048153,-1.05077097186799,-0.403690852922501,-0.597135412979167,0.889216846981401,-5.34924959717689,289,"SP"
"294","Jack Kochanowicz","LAA","27688",-0.365743532109153,-1.19669235102571,0.00917740688580542,0.0185589677957188,-0.163362178451286,-1.62293016448498,-1.36115177648392,-0.697426601947647,-5.37957022982117,290,"SP"
"291","Triston McKenzie","CLE","18000",-0.34143183173547,-0.450004700041161,-0.106397003525025,0.0902763360131304,-0.0330582201656911,-1.81047567828499,-2.04602388079485,-0.697704123335946,-5.39481910187,291,"SP"
"300","Colin Poche","WSN","19403",-1.36156203483203,-1.42054464745197,-1.12084137517557,-1.27371769407274,-1.39230570305471,0.00422929491267743,0.331438321126611,0.758839168025805,-5.47446467052193,292,"SP"
"283","Jacob Webb","TEX","19274",-1.06050664737133,-1.04116958266836,-1.12084137517557,-0.923242079028346,-0.965856159861657,-0.481996043557861,-0.994088090633063,1.11082493976893,-5.47687503852726,293,"SP"
"289","Antonio Senzatela","COL","15488",0.0497771935275995,-0.801034778947959,-0.0562182898577608,0.778383084856264,0.516658051617715,-2.68896012646364,-2.59745898799256,-0.724219954814136,-5.52307380807448,294,"SP"
"298","Matthew Liberatore","STL","22294",-0.844661518637018,-0.978896577287202,-0.945747355681788,-0.691035873228578,-0.731326992959237,-0.61233498245677,-1.01367825379985,0.288935030338262,-5.52874652371218,295,"SP"
"281","Jorge López","WSN","14527",-1.05266837508418,-1.20347059975671,-1.12084137517557,-0.908388414012212,-0.950381772858956,-0.527981250438133,-1.06472462182303,1.27648919951347,-5.55196720963533,296,"SP"
"290","Tyler Ferguson","ATH","19481",-1.00527181477234,-0.867792139457702,-1.12084137517557,-0.87192061868401,-0.876677671692145,-0.469674940740073,-1.28256723623771,0.902338731896622,-5.59240706486294,297,"SP"
"295","John Schreiber","KCR","20020",-1.15538305807962,-1.22686003993531,-1.12084137517557,-1.0942635661162,-1.07412080549819,0.0596437094039171,-0.927257648286935,0.916581251694235,-5.62250153199367,298,"SP"
"296","Dennis Santana","PIT","17878",-0.989854144785365,-1.03297546373787,-1.12084137517557,-0.823120252481254,-0.8970553038074,-0.674551460321796,-0.924682941127869,0.823984977345031,-5.6390959640921,299,"SP"
"299","Calvin Faucher","MIA","20116",-1.13416434625348,-1.06293628849495,-1.12084137517557,-1.01539134411228,-0.971118852709238,-0.340965238577402,-1.78340375057035,1.29921097399925,-6.12961022189402,300,"SP"
