"","espn_id","playerid","Name","R.IP","HR.SO","RBI.QS","RC.ERA","AVG.WHIP","OPS.SVHD","pr","ovr_pr","adp","X1B","X2B","X3B","SS","C","LF","CF","RF","P","position","owner","draft"
"1",5883,"1943","Zack Greinke",2.399413725,1.988066248,2.308624152,0.733441039,1.674829252,-0.675695274,8.428679142,71,101,"","","","","","","","","P","SP","john",120
"2",6242,"2434","Nelson Cruz",1.183633423,2.14957765,1.686633559,1.507901943,1.051859167,2.086351733,9.665957476,47,94,"","","","","","","","","","DH","alden",49
"3",28670,"4314","Joey Votto",1.453600408,0.824887487,0.808177048,1.405217988,0.381576179,0.838010901,5.711470011,157,263,"1B","","","","","","","","","1B","john",257
"4",28688,"6941","Joakim Soria",-0.315263258,-0.180668254,-0.783817444,1.065547535,1.024102348,2.964970277,3.774871205,245,217,"","","","","","","","","P","RP","alex",231
"5",28701,"9847","Andrew McCutchen",1.366043548,1.093965176,1.027791176,1.160540897,0.316409778,0.913923519,5.878674094,149,154,"","","","","","LF","","","","LF","alden",149
"6",28958,"3184","David Price",0.952009484,1.025148129,1.225438315,0.649502034,0.928407215,-0.675695274,4.104809903,230,201,"","","","","","","","","P","SP","alden",249
"7",28963,"2036","Clayton Kershaw",2.051401483,2.243976919,2.085135408,1.930484236,2.36383421,-0.675695274,9.999136981,42,34,"","","","","","","","","P","SP","cuyler",72
"8",28968,"6632","Carlos Carrasco",1.667544433,2.178914884,1.730963894,1.499840647,1.904497571,-0.675695274,8.306066155,75,80,"","","","","","","","","P","SP","will",195
"9",28976,"3137","Max Scherzer",2.293694231,3.380393798,2.369188874,1.780853836,2.516946423,-0.675695274,11.66538189,21,24,"","","","","","","","","P","SP","korn",41
"10",29155,"4676","Charlie Morton",1.839962494,2.070478159,1.865983801,1.182332238,1.196353587,-0.675695274,7.479415004,98,117,"","","","","","","","","P","SP","will",162
"11",29563,"5038","Josh Donaldson",1.242004663,1.54932742,1.134056077,1.331101409,-0.018731717,1.574644455,6.812402306,113,184,"","","3B","","","","","","","3B","will",155
"12",29607,"5235","Justin Turner",1.081483753,0.6799995,0.971116563,1.203877116,1.694213698,1.554963406,7.185654036,107,157,"","","3B","","","","","","","3B","korn",141
"13",29630,"3096","Kenley Jansen",-0.313902062,-0.037531776,-0.783817444,1.072846579,1.961914651,3.090510469,4.990020416,191,114,"","","","","","","","","P","RP","alex",191
"14",29951,"7739","Travis d'Arnaud",0.381028873,0.576508081,0.921526276,0.51741807,0.893597906,0.6946204,3.984699606,235,140,"","","","","C","","","","","C","jake",158
"15",29999,"4892","Mike Moustakas",1.220115448,2.253069069,1.948753647,1.497794984,0.521218468,1.400326591,8.841278208,61,121,"1B","2B","","","","","","","","2B","will",75
"16",30043,"4106","Michael Brantley",1.190929828,0.493714946,1.162393384,1.398636612,2.168997481,1.175400315,7.590072565,91,97,"","","","","","LF","","","","LF","will",95
"17",30193,"5361","Freddie Freeman",2.241612148,1.983991379,2.317138636,2.72597241,2.504138975,3.025418936,14.79827248,5,9,"1B","","","","","","","","","1B","jake",1
"18",30272,"6153","Eduardo Escobar",1.088780158,1.031870325,1.332417224,1.142460114,0.465361553,0.525925693,5.586815066,161,238,"","","3B","","","","","","","3B","will",262
"19",30280,"2396","Carlos Santana",1.220115448,0.928378906,1.10571877,1.304435637,-0.028041202,0.849257215,5.379864773,170,182,"1B","","","","","","","","","1B","will",242
"20",30373,"10131","Stephen Strasburg",1.845861006,2.113852849,1.929801726,1.182332238,1.426021906,-0.675695274,7.822174451,84,86,"","","","","","","","","P","SP","brent",153
"21",30442,"10233","Aroldis Chapman",-0.365173749,0.32681562,-0.783817444,2.704182888,2.000192704,3.592671234,7.474871253,99,69,"","","","","","","","","P","RP","korn",101
"22",30583,"4949","Giancarlo Stanton",1.490082433,2.625638177,2.026681241,1.620951203,0.372266693,2.226930656,10.3625504,39,119,"","","","","","","","","","DH","brent",16
"23",30585,"7882","Josh Lindblom",1.821813224,1.753842922,1.809900961,-0.080402355,0.890129162,-0.675695274,5.51958864,163,292,"","","","","","","","","P","SP","dakota",270
"24",30624,"10021","Mike Minor",2.219282226,1.779867736,2.19134724,-0.003762394,0.679599869,-0.675695274,6.190639402,129,326,"","","","","","","","","P","SP","cuyler",212
"25",30653,"6655","Craig Kimbrel",-0.387860336,0.179341674,-0.783817444,1.481593037,1.559995093,3.153280564,5.202532588,179,192,"","","","","","","","","P","RP","john",297
"26",30699,"9256","A.J. Pollock",0.986630488,1.321646298,1.204899344,0.848783148,0.558456412,0.942039304,5.862454993,152,176,"","","","","","LF","CF","","","LF","alex",131
"27",30765,"9874","DJ LeMahieu",1.905977518,0.804189203,1.19073069,1.770283475,2.65309075,1.338471865,9.662743502,48,22,"1B","2B","3B","","","","","","","2B","will",42
"28",30782,"3473","Anthony Rizzo",1.657899748,1.590723987,1.686633559,1.893564049,1.023930709,1.774266525,9.627018578,49,75,"1B","","","","","","","","","1B","kerry",74
"29",30791,"7802","Miguel Rojas",0.548846188,-0.313518122,0.3972861,0.625338525,1.219429914,-0.157287871,2.320094735,342,NA,"","","","","","","","","","SS","brent",244
"30",30819,"9785","Kyle Seager",1.001223298,1.197456595,1.389091838,1.049206268,-0.111826576,0.464070967,4.98922239,192,209,"","","3B","","","","","","","3B","alden",289
"31",30820,"2520","Lance Lynn",2.482446633,2.751460793,2.429642409,0.671399166,1.024102348,-0.675695274,8.683356075,66,55,"","","","","","","","","P","SP","jake",99
"32",30830,"9241","Starling Marte",1.446304003,0.576508081,0.978200889,1.136507353,1.452167063,0.523114114,6.112801504,134,52,"","","","","","","CF","","","CF","john",117
"33",30836,"10155","Mike Trout",2.540764753,3.122396988,2.430487863,3.117870348,1.871093931,4.12474611,17.20735999,2,3,"","","","","","","CF","","","CF","jake",11
"34",30937,"5372","Michael Pineda",1.425251686,1.124909916,1.52798031,-0.270177496,0.698738896,-0.675695274,3.831008038,244,245,"","","","","","","","","P","SP","kerry",283
"35",30948,"10603","Chris Sale",0.325859687,0.868999245,0.705161423,1.737059573,2.536085449,-0.675695274,5.497470103,164,228,"","","","","","","","","P","SP","will",255
"36",30950,"11368","Yasmani Grandal",0.993926893,1.28024973,1.077381463,1.031013941,-0.577300873,0.942039304,4.747310458,199,134,"","","","","C","","","","","C","john",140
"37",30951,"11579","Bryce Harper",2.197833718,2.460051907,2.253379696,2.408448221,0.772574589,2.710522149,12.80281028,12,17,"","","","","","","","RF","","RF","alex",8
"38",30981,"2429","Corey Kluber",1.545036864,1.523957065,1.667916688,0.558263985,1.330326773,-0.675695274,5.949806102,144,148,"","","","","","","","","P","SP","cuyler",165
"39",30993,"3516","Eric Hosmer",1.176337018,1.052568608,1.672464906,1.172957425,0.781884075,0.365665721,6.221877753,127,142,"1B","","","","","","","","","1B","korn",136
"40",31010,"11426","Drew Pomeranz",-0.291215476,0.122954577,-0.783817444,1.547284432,0.756155975,2.902200181,4.253562246,226,188,"","","","","","","","","P","RP","alden",228
"41",31027,"9218","Paul Goldschmidt",1.592232103,1.466534284,1.374923185,1.796571448,0.996002252,1.507166572,8.733429844,65,68,"1B","","","","","","","","","1B","brent",53
"42",31037,"5933","Jean Segura",1.183633423,0.224637257,0.829430029,1.039676594,1.629047296,0.379723613,5.286148212,176,155,"","2B","3B","","","","","","","2B","alden",148
"43",31065,"6184","J.D. Martinez",1.563046483,1.921896528,1.849573074,1.904338901,1.331143746,1.867048614,10.43704735,37,92,"","","","","","","","","","DH","john",12
"44",31077,"9111","Brad Hand",-0.262630376,0.135966984,-0.783817444,1.437798774,1.770524385,3.027740373,5.325582695,174,123,"","","","","","","","","P","RP","dakota",207
"45",31084,"7859","Charlie Blackmon",1.570342888,1.135361744,1.240320977,1.631464985,2.103831079,1.689919172,9.371240844,51,67,"","","","","","","","RF","","RF","kerry",54
"46",31095,"11442","Gary Sanchez",0.381028873,1.300948014,0.879020316,0.276542993,-1.173107974,0.739605655,2.404037877,333,145,"","","","","C","","","","","C","will",175
"47",31097,"11493","Manny Machado",1.796531443,2.377258771,2.359644596,2.047280471,1.377691175,1.847367565,11.80577402,20,18,"","","3B","","","","","","","3B","alex",18
"48",31127,"7304","Salvador Perez",0.636403048,1.54932742,1.389091838,0.796843726,0.772574589,0.852068793,5.996309414,142,82,"","","","","C","","","","","C","alden",109
"49",31174,"9132","Nathan Eovaldi",1.18341267,1.202984359,1.296301568,-0.054855701,0.430792523,-0.675695274,3.382940144,280,267,"","","","","","","","","P","SP","jake",279
"50",31187,"11737","Nicholas Castellanos",1.687085368,1.735611974,1.637043273,1.690194893,1.005311738,1.372210807,9.127458051,56,66,"","","","","","","","","","RF","john",32
"51",31208,"2967","Tommy Pham",1.234708258,0.659301216,0.801092722,1.12290561,0.93083585,1.012328765,5.761172421,153,127,"","","","","","LF","","","","LF","brent",133
"52",31253,"5297","Aaron Hicks",1.285783093,0.949077189,0.964032236,1.06445199,-0.232849893,0.947662461,4.978157076,194,210,"","","","","","","CF","","","CF","will",202
"53",31255,"6661","Alex Colome",-0.265352767,-0.406216642,-0.783817444,0.645852512,0.430792523,2.902200181,2.523458364,327,179,"","","","","","","","","P","RP","brent",213
"54",31258,"11674","Jameson Taillon",1.125788739,0.786587334,1.288376367,0.014485216,0.641321816,-0.675695274,3.180864198,298,208,"","","","","","","","","P","SP","jake",218
"55",31260,"12164","Miguel Sano",1.555750078,2.625638177,1.799982787,1.399055335,-0.74487162,1.380645542,8.016200298,78,159,"1B","","","","","","","","","1B","cuyler",92
"56",31261,"9777","Nolan Arenado",1.533860863,1.983991379,1.870826054,1.83810326,1.191501456,1.557774984,9.976057997,43,29,"","","3B","","","","","","","3B","john",22
"57",31265,"10047","Wil Myers",1.169040613,1.487232568,1.424513471,1.101723151,0.037125199,0.85769195,6.077326953,136,122,"","","","","","","","RF","","RF","brent",113
"58",31267,"10310","Zack Wheeler",2.366291309,2.061803221,2.382431263,0.795482912,1.043241374,-0.675695274,7.973554805,80,91,"","","","","","","","","P","SP","brent",104
"59",31283,"11477","Christian Yelich",2.227019338,2.335862204,1.849573074,2.410735751,1.57319038,2.671160051,13.0675408,10,14,"","","","","","LF","","","","LF","alden",20
"60",31313,"9323","Patrick Corbin",2.477909316,2.508562529,2.417676009,0.616656336,0.469070576,-0.675695274,7.814179492,85,138,"","","","","","","","","P","SP","john",177
"61",31376,"6012","Didi Gregorius",1.147151398,1.197456595,1.566200006,1.079178355,1.014621223,0.787402489,6.792010066,115,124,"","","","SS","","","","","","SS","jake",118
"62",31389,"9774","Christian Vazquez",0.373732468,0.224637257,0.33352716,0.365860011,0.791193561,0.163232073,2.252182528,348,168,"","","","","C","","","","","C","korn",181
"63",31392,"11899","Joc Pederson",1.096076563,1.528629136,1.098634443,0.974076459,-0.158374006,1.211950835,5.75099343,154,169,"","","","","","LF","","","","LF","korn",156
"64",31399,"10243","Randal Grichuk",0.636403048,1.197456595,0.907357622,0.543347193,0.186076974,0.82114143,4.291782863,223,248,"","","","","","","CF","","","CF","korn",201
"65",31606,"12161","Xander Bogaerts",1.825717063,1.570025703,1.764561153,2.032042905,1.982807762,1.920468604,11.09562319,24,25,"","","","SS","","","","","","SS","john",2
"66",31654,"6397","Jake Odorizzi",1.508738325,1.623718852,1.543751337,0.094774699,0.622182789,-0.675695274,4.717470728,201,244,"","","","","","","","","P","SP","john",260
"67",31662,"5417","Jose Altuve",1.811124253,1.073266892,1.240320977,1.596376579,1.805927529,1.245689776,8.772706007,63,83,"","2B","","","","","","","","2B","korn",76
"68",31668,"10324","Marcell Ozuna",1.672492558,2.273767352,2.430487863,2.094799995,1.815237015,2.176322243,12.46310703,14,30,"","","","","","LF","","","","LF","dakota",9
"69",31670,"11445","Mark Canha",1.176337018,0.969775473,1.056128483,1.147104074,-0.05596966,0.96734351,5.260718897,177,237,"","","","","","LF","","RF","","RF","brent",173
"70",31730,"11762","Noah Syndergaard",0.515065821,0.522001725,0.8721228,1.087444667,1.40688288,-0.675695274,3.727822618,249,241,"","","","","","","","","P","SP","cuyler",272
"71",31755,"3548","Liam Hendriks",-0.165531784,0.426577407,-0.783817444,2.383024957,2.861448901,3.65544133,8.377143367,73,57,"","","","","","","","","P","RP","john",100
"72",31815,"9434","Dallas Keuchel",2.214744908,1.194309421,2.220777704,0.229807011,-0.124239248,-0.675695274,5.059704521,189,187,"","","","","","","","","P","SP","dakota",190
"73",31864,"11836","Taijuan Walker",1.219711209,0.968761032,1.332694452,0.087475655,0.086290044,-0.675695274,3.019237118,306,NA,"","","","","","","","","P","SP","korn",276
"74",31870,"12144","Max Kepler",1.665196153,1.673517122,1.275742611,1.448958109,0.167458002,1.22038557,7.451257568,100,153,"","","","","","","","RF","","RF","cuyler",125
"75",31944,"12155","Eddie Rosario",1.212819043,1.652818839,1.658296253,1.268455627,1.489405007,1.268182404,8.549977172,68,73,"","","","","","LF","","","","LF","alex",71
"76",31945,"10745","Trevor Rosenthal",-0.387860336,0.062230011,-0.783817444,0.952412355,-0.4496027,2.964970277,2.358332163,338,131,"","","","","","","","","P","RP","alden",168
"77",31980,"11828","James Paxton",1.234684356,1.536969472,1.386458097,0.689646775,1.177214561,-0.675695274,5.349277987,173,206,"","","","","","","","","P","SP","cuyler",185
"78",31988,"11265","Jonathan Schoop",0.877184413,1.176758311,1.027791176,0.855848688,0.800503047,0.624330939,5.362416574,172,NA,"","","","","","","","","","2B","john",277
"79",32014,"12703","Trevor Bauer",2.668476645,3.37171886,2.653263144,1.419551164,1.617412172,-0.675695274,11.05472671,25,13,"","","","","","","","","P","SP","will",55
"80",32046,"12859","James McCann",0.220507963,0.348826959,0.35478014,0.121095223,-0.344563725,-0.427199402,0.273447159,499,232,"","","","","C","","","","","C","kerry",300
"81",32055,"13074","Yu Darvish",2.295055426,3.098458313,2.210834904,1.766255748,2.229861024,-0.675695274,10.92477014,27,19,"","","","","","","","","P","SP","kerry",43
"82",32061,"12532","Kolten Wong",0.826109578,-0.168630136,0.404370427,0.74621512,0.912216878,0.208217328,2.928499195,309,215,"","2B","","","","","","","","2B","kerry",274
"83",32078,"12856","George Springer",2.073794833,2.066784514,1.672464906,1.858573829,1.303215288,1.959830703,10.93466407,26,37,"","","","","","","CF","","","CF","john",40
"84",32081,"13125","Gerrit Cole",2.754685675,4.052701494,2.692541808,1.883040451,2.746614742,-0.675695274,13.4538889,8,6,"","","","","","","","","P","SP","brent",34
"85",32082,"12768","Sonny Gray",2.001490992,2.352413645,1.959899799,1.065547535,0.794434029,-0.675695274,7.498090725,95,89,"","","","","","","","","P","SP","alden",129
"86",32094,"12917","Dylan Bundy",2.109025414,2.079153097,2.065369422,-0.120547096,0.870990135,-0.675695274,6.328295698,126,139,"","","","","","","","","P","SP","kerry",154
"87",32098,"12861","Anthony Rendon",1.730863798,1.611422271,1.913332014,2.209917154,1.833855987,2.339393794,11.63878502,23,27,"","","3B","","","","","","","3B","jake",31
"88",32127,"12979","Javier Baez",1.533860863,1.797706825,1.849573074,1.335260059,0.781884075,0.739605655,8.037890551,77,65,"","","","SS","","","","","","SS","kerry",63
"89",32129,"12916","Francisco Lindor",2.008127188,1.963293095,1.608705966,1.834299028,1.117025569,1.358152914,9.889603761,45,16,"","","","SS","","","","","","SS","will",4
"90",32146,"12533","Marcus Semien",1.789235038,1.300948014,1.318248571,1.507184725,0.698098701,0.882996156,7.496711206,96,108,"","","","SS","","","","","","SS","kerry",83
"91",32147,"12863","Matt Barnes",-0.251740814,0.201029019,-0.783817444,0.831978131,0.048011991,3.278820756,3.324281638,285,216,"","","","","","","","","P","RP","cuyler",225
"92",32150,"12564","Trevor Story",2.124869668,2.232370785,1.72913952,2.08632403,1.526642951,2.111655939,11.81100289,19,15,"","","","SS","","","","","","SS","alden",30
"93",32155,"12546","C.J. Cron",0.877184413,1.694215406,1.403260491,1.159164848,1.023930709,1.751773897,7.909529765,82,204,"1B","","","","","","","","","1B","will",142
"94",32159,"12927","Brandon Nimmo",0.928259248,0.348826959,0.262683892,0.840223583,0.111601087,1.119168746,3.610763516,264,230,"","","","","","LF","CF","RF","","CF","jake",179
"95",32175,"11486","Robbie Ray",1.858111763,2.803510421,1.840504812,-0.047556657,-0.296490488,-0.675695274,5.482384577,166,301,"","","","","","","","","P","SP","cuyler",265
"96",32177,"11739","J.T. Realmuto",1.198226233,1.259551446,1.424513471,1.148030204,1.098406597,1.211950835,7.340678787,104,53,"","","","","C","","","","","C","brent",64
"97",32178,"5003","Jake Diekman",-0.273066206,0.148979391,-0.783817444,1.893989016,0.33509739,1.960648746,3.281830893,291,NA,"","","","","","","","","P","RP","alex",211
"98",32185,"12572","Blake Treinen",-0.22451691,-0.180668254,-0.783817444,1.602027261,0.832712082,2.086188937,3.331925672,283,328,"","","","","","","","","P","RP","brent",293
"99",32217,"12371","Tommy La Stella",0.410214493,-0.230724987,0.156418992,0.465967929,1.424238605,0.556853056,2.782968088,320,243,"1B","2B","","","","","","","","2B","dakota",267
"100",32362,"12984","Jackie Bradley Jr.",0.796923958,0.6799995,0.638153208,0.613998824,-0.54006293,0.053580513,2.242593074,349,262,"","","","","","","CF","","","CF","korn",261
"101",32367,"12552","Eugenio Suarez",1.665196153,2.667034745,2.232126715,1.851626275,0.167458002,1.687107593,10.27054948,40,64,"","","3B","SS","","","","","","3B","alden",48
"102",32422,"11281","Whit Merrifield",1.628714128,0.390223527,0.900273296,1.379507321,1.768689585,0.562476213,6.629884069,119,46,"","2B","","","","","CF","RF","","RF","alden",88
"103",32512,"13613","Ketel Marte",1.555750078,0.84558577,1.16947771,1.784609921,2.029355192,1.400326591,8.785105262,62,56,"","2B","","","","","","","","2B","alex",66
"104",32517,"13145","Josh Bell",1.300375903,1.632120555,1.764561153,1.520536825,0.744646131,1.521224464,8.483465032,69,128,"1B","","","","","","","","","1B","alex",91
"105",32518,"12918","Archie Bradley",-0.177782541,-0.007169493,-0.783817444,0.897669526,0.679599869,2.400039416,3.008539332,307,257,"","","","","","","","","P","RP","cuyler",292
"106",32525,"13152","Jorge Polanco",1.081483753,0.348826959,0.758586762,1.025919097,1.349762718,0.618707782,5.183287071,181,200,"","","","SS","","","","","","SS","john",220
"107",32532,"11609","Willson Contreras",0.614513833,0.576508081,0.680659168,0.625195819,0.372266693,0.905488784,3.774632378,246,118,"","","","","C","","","","","C","alex",111
"108",32558,"14221","Jorge Soler",1.198226233,2.066784514,1.608705966,1.439100544,0.027815713,1.436877111,7.777510081,87,171,"","","","","","","","","","DH","jake",138
"109",32582,"14444","Hyun-Jin Ryu",2.028714896,1.740830515,1.991573939,1.112991321,1.3494658,-0.675695274,7.547881196,93,74,"","","","","","","","","P","SP","alden",128
"110",32623,"9073","Kirby Yates",-0.416899167,0.127292046,-0.783817444,1.879390929,2.172443944,3.027740373,6.00615068,140,120,"","","","","","","","","P","RP","john",157
"111",32631,"12760","Rafael Montero",-0.30800355,-0.11126875,-0.783817444,0.828328609,0.851851108,2.839430086,3.31652006,286,174,"","","","","","","","","P","RP","kerry",214
"112",32653,"14162","Carlos Correa",1.293079498,1.466534284,1.714970866,1.511294018,1.042549681,1.282240296,8.310668644,74,107,"","","","SS","","","","","","SS","john",77
"113",32655,"14161","Byron Buxton",1.096076563,1.363042865,1.098634443,0.835398895,0.521218468,0.950474039,5.864845274,151,116,"","","","","","","CF","","","CF","will",135
"114",32667,"14107","Kevin Gausman",2.028714896,2.300364016,1.994458677,1.007155184,1.272909694,-0.675695274,7.927907193,81,165,"","","","","","","","","P","SP","jake",159
"115",32672,"15423","Andrew Heaney",2.028714896,2.187589822,2.075676375,0.324694581,1.253770667,-0.675695274,7.194751068,106,194,"","","","","","","","","P","SP","john",217
"116",32675,"13164","Eduardo Rodriguez",1.814099784,1.883966992,1.926012513,0.291848884,0.201124204,-0.675695274,5.441357103,168,NA,"","","","","","","","","P","SP","kerry",223
"117",32685,"13743","Max Fried",1.836786371,1.723480639,1.839144972,0.956061877,0.373375443,-0.675695274,6.053154029,138,84,"","","","","","","","","P","SP","alex",146
"118",32691,"13624","Corey Seager",1.869495493,1.797706825,2.140030468,2.068469148,2.131759537,2.16507593,12.1725374,17,23,"","","","SS","","","","","","SS","cuyler",7
"119",32697,"15474","Lucas Giolito",2.281443474,3.180870224,2.285477027,1.477943515,1.942775625,-0.675695274,10.49281459,36,26,"","","","","","","","","P","SP","kerry",25
"120",32698,"13744","David Dahl",0.286175608,0.224637257,0.241430912,0.222963065,0.037125199,0.00578368,1.018115721,440,NA,"","","","","","","","","","CF","john",280
"121",32721,"10681","Giovanny Urshela",1.045001728,0.721396068,1.240320977,1.089006012,1.387000661,0.632765674,6.11549112,132,149,"","","","","","","","","","3B","cuyler",112
"122",32758,"13419","Christian Walker",1.132558588,1.156060027,1.247405304,1.126799807,0.446742581,0.877372999,5.986939307,143,185,"1B","","","","","","","","","1B","john",180
"123",32760,"14212","Josh Hader",-0.185495981,0.730200237,-0.783817444,2.700533366,3.225090407,3.21605066,8.902561245,58,50,"","","","","","","","","P","RP","john",97
"124",32764,"14120","Lance McCullers Jr.",1.486051739,1.610706445,1.558857,1.145837018,0.775295002,-0.675695274,5.901051929,147,132,"","","","","","","","","P","SP","alex",166
"125",32767,"14344","Matt Olson",1.468193218,2.646336461,2.047934221,1.649338141,-0.251468865,1.611194975,9.171528151,55,88,"1B","","","","","","","","","1B","alden",68
"126",32771,"14274","Mitch Haniger",1.066890943,1.11466346,0.886104642,0.977876306,0.214005432,0.933604568,5.193145352,180,233,"","","","","","","","RF","","RF","john",160
"127",32796,"10954","Jacob deGrom",2.724739381,3.996314397,2.61584339,2.923154204,3.301646513,-0.675695274,14.88600261,4,7,"","","","","","","","","P","SP","cuyler",35
"128",32801,"13510","Jose Ramirez",2.066498428,2.190974217,2.033765568,2.209218521,1.563880894,2.516523236,12.58086086,13,11,"","","3B","","","","","","","3B","brent",6
"129",32804,"13774","Zach Eflin",1.95929394,1.727818108,1.949843935,-0.000112872,0.622182789,-0.675695274,5.583330627,162,189,"","","","","","","","","P","SP","alex",226
"130",32811,"14168","Jose Berrios",2.291879304,2.300364016,2.236393848,0.740740083,1.100658454,-0.675695274,7.99434043,79,76,"","","","","","","","","P","SP","dakota",107
"131",32815,"13431","Marcus Stroman",1.80502515,1.272383863,1.85699268,0.981608531,0.354236417,-0.675695274,5.594551365,160,198,"","","","","","","","","P","SP","brent",204
"132",32818,"14128","Joey Gallo",1.497378838,2.708431312,1.7503925,1.404778149,-1.489630496,1.428442376,7.299792679,105,129,"","","","","","","","RF","","RF","alden",38
"133",32821,"13769","Adalberto Mondesi",1.351450738,0.555809797,0.879020316,0.667147747,0.279171834,-0.148853135,3.583747296,267,54,"","","","SS","","","","","","SS","alden",248
"134",32833,"13590","Jesse Winker",0.826109578,0.866284054,0.708996475,1.085610066,1.256667858,1.695542328,6.439210359,123,260,"","","","","","LF","","","","LF","jake",178
"135",32900,"13757","Chris Taylor",0.964741273,0.51441323,0.886104642,0.855057853,0.418814123,0.641200409,4.280331531,224,175,"","2B","","SS","","LF","","","","LF","will",215
"136",32903,"11847","Chris Martin",-0.337949845,-0.237055351,-0.783817444,1.54363491,2.057609784,2.462809511,4.705231566,203,313,"","","","","","","","","P","RP","jake",238
"137",32956,"12649","Alex Dickerson",0.563438998,0.410921811,0.609815901,0.641457254,1.098406597,1.105110854,4.429151415,216,274,"","","","","","LF","","","","LF","jake",198
"138",33039,"13611","Mookie Betts",2.715878473,2.190974217,1.884994707,2.485378341,1.96418879,2.553073756,13.79448829,7,1,"","","","","","","","RF","","RF","will",24
"139",33072,"7005","Ryan Pressly",-0.31072594,-0.011506962,-0.783817444,1.977928021,1.961914651,3.529901139,6.363693464,125,98,"","","","","","","","","P","RP","will",182
"140",33095,"15676","Jose Abreu",1.519268053,2.046086231,2.302969982,1.768634965,1.461476549,1.515601308,10.61403709,34,39,"1B","","","","","","","","","1B","alex",46
"141",33148,"12304","Chris Bassitt",1.753753463,1.337445898,1.765414653,0.331993625,0.564765709,-0.675695274,5.077678074,185,197,"","","","","","","","","P","SP","kerry",243
"142",33158,"15467","Marco Gonzales",2.240607617,1.432870216,2.16656706,0.196961313,0.737016949,-0.675695274,6.09832788,135,162,"","","","","","","","","P","SP","kerry",203
"143",33172,"15429","Kris Bryant",1.701678178,1.363042865,1.204899344,1.582491283,0.567765898,1.363776071,7.78365364,86,106,"","","3B","","","","","","","3B","alden",69
"144",33173,"12049","Kyle Hendricks",2.314565891,1.602031507,2.238946599,0.751688648,1.387743853,-0.675695274,7.619281224,89,78,"","","","","","","","","P","SP","alden",108
"145",33184,"15172","Tim Anderson",1.752753013,1.135361744,1.176562037,1.409766685,1.91764136,0.795837224,8.187922063,76,49,"","","","SS","","","","","","SS","dakota",50
"146",33188,"15983","Clint Frazier",0.942852058,1.073266892,1.027791176,0.88271422,0.102291601,0.854880372,4.883796318,195,191,"","","","","","","","RF","","RF","dakota",127
"147",33190,"14374","Tyler Glasnow",1.727890754,2.773148138,1.673460287,1.536335866,1.808802438,-0.675695274,8.843942209,60,48,"","","","","","","","","P","SP","korn",81
"148",33192,"15640","Aaron Judge",1.789235038,2.377258771,1.637043273,1.721079276,0.502599496,2.375944313,10.40316017,38,42,"","","","","","","","RF","","RF","dakota",19
"149",33197,"15672","Austin Meadows",0.993926893,1.093965176,0.935694929,0.953590602,0.493290011,0.995459294,5.465926905,167,105,"","","","","","LF","","","","LF","jake",78
"150",33218,"15653","Dominic Smith",0.913666438,1.031870325,1.233236651,1.054802208,0.921526364,0.98421298,6.139314965,131,133,"1B","","","","","LF","","","","1B","jake",79
"151",33223,"14765","Julio Urias",1.109454397,1.1552722,0.904041682,0.926865702,0.985824295,-0.550155083,4.531303191,210,125,"","","","","","","","","P","SP","kerry",134
"152",33224,"15816","Devin Williams",-0.205006446,0.387540186,-0.783817444,2.076465114,1.043241374,1.835108554,4.353531338,220,163,"","","","","","","","","P","RP","dakota",150
"153",33233,"15117","Hunter Dozier",1.125262183,0.969775473,1.056128483,1.138153236,0.027815713,0.556853056,4.873988144,197,234,"1B","","","","","","","RF","","1B","cuyler",172
"154",33244,"15873","Sean Manaea",1.505562203,1.059847881,1.465047358,0.554614463,1.158075534,-0.675695274,5.067452166,187,221,"","","","","","","","","P","SP","john",237
"155",33247,"15112","Ryan McMahon",0.796923958,0.949077189,1.013622523,0.872260347,0.176767488,0.601838311,4.410489817,218,225,"1B","2B","3B","","","","","","","2B","alex",126
"156",33249,"14309","Frankie Montas",1.501024886,1.454557561,1.543689946,0.609357293,0.737016949,-0.675695274,5.169951359,182,183,"","","","","","","","","P","SP","john",200
"157",33263,"15890","Luis Severino",0.265513366,0.448264752,0.68372006,1.229776023,1.636551199,-0.675695274,3.588130126,265,286,"","","","","","","","","P","SP","alex",271
"158",33264,"14350","Raimel Tapia",0.928259248,-0.313518122,0.404370427,0.869535729,1.843165473,0.360042564,4.091855318,231,219,"","","","","","LF","","","","LF","korn",161
"159",33303,"13301","Max Muncy",1.490082433,1.756310258,1.559115679,1.370236712,-0.232849893,1.543717092,7.48661228,97,81,"1B","2B","3B","","","","","","","1B","jake",58
"160",33339,"14566","Franmil Reyes",1.402525573,2.294465636,1.906247687,1.612742346,0.623622814,1.386268699,9.225872755,53,166,"","","","","","","","","","DH","cuyler",105
"161",33340,"14567","Franchy Cordero",0.286175608,0.203938973,0.248515239,0.105002487,-0.065279146,0.29537626,1.073729421,434,NA,"","","","","","","","","","RF","dakota",287
"162",33341,"14854","Mike Yastrzemski",1.475489623,1.093965176,1.219067997,1.346817238,0.372266693,0.902677205,6.410283933,124,103,"","","","","","","CF","RF","","RF","brent",84
"163",33351,"15149","Trey Mancini",0.957444868,1.238853163,1.098634443,1.167530358,1.117025569,1.169777158,6.749265559,117,150,"","","","","","","","RF","","RF","korn",96
"164",33377,"13066","Teoscar Hernandez",1.417118383,2.211672501,1.693717886,1.258473329,-0.046660174,1.062937177,7.597259102,90,79,"","","","","","","","RF","","RF","alex",86
"165",33384,"2136","David Peralta",0.745849123,0.452318378,0.956947909,0.980579396,1.293905802,0.641200409,5.070801018,186,227,"","","","","","LF","","","","LF","kerry",254
"166",33403,"14771","Emilio Pagan",-0.260815449,-0.015844431,-0.783817444,1.226126501,2.153304917,1.89787865,4.216832743,227,NA,"","","","","","","","","P","RP","korn",241
"167",33557,"19352","Sean Murphy",0.184025938,0.328128675,0.149334665,0.135803713,-0.316635267,0.278506789,0.759164514,469,252,"","","","","C","","","","","C","alden",288
"168",33618,"17130","Raisel Iglesias",-0.236767667,0.06656748,-0.783817444,1.514438734,1.847080492,3.278820756,5.68632235,158,104,"","","","","","","","","P","RP","alden",188
"169",33652,"14375","Amir Garrett",-0.313902062,0.092592294,-0.783817444,0.824679087,0.373375443,2.651119799,2.844047116,313,285,"","","","","","","","","P","RP","brent",284
"170",33660,"17149","Domingo German",0.581310655,0.712850361,0.620329602,-0.233682276,0.679599869,-0.612925179,1.747483032,376,265,"","","","","","","","","P","SP","alex",206
"171",33667,"15161","Mitch Garver",0.081876268,0.328128675,0.106828705,0.010375216,-0.335254239,0.655258302,0.847212927,458,229,"","","","","C","","","","","C","cuyler",285
"172",33668,"13758","Tyler Duffey",-0.258093059,-0.093918874,-0.783817444,0.857524785,1.29204872,1.835108554,2.848852683,312,NA,"","","","","","","","","P","RP","will",299
"173",33671,"13449","Taylor Rogers",-0.244481107,-0.033194307,-0.783817444,1.926834714,1.713107305,2.400039416,4.978488577,193,203,"","","","","","","","","P","RP","cuyler",205
"174",33709,"16149","Aaron Nola",2.582267615,3.150507941,2.488501526,1.496191125,1.579134119,-0.675695274,10.62090705,33,21,"","","","","","","","","P","SP","will",62
"175",33710,"16252","Trea Turner",2.263501363,1.238853163,1.346585878,1.943264674,2.178306967,1.689919172,10.66043122,31,8,"","","","SS","","","","","","SS","korn",23
"176",33711,"16376","Michael Conforto",1.723567393,1.818405109,1.743308173,1.804090778,0.791193561,1.689919172,9.570484185,50,62,"","","","","","","","RF","","RF","alex",51
"177",33712,"16478","Kyle Schwarber",1.154447803,2.046086231,1.410344818,1.246844159,-0.214230921,1.760208633,7.403700723,101,172,"","","","","","LF","","","","LF","will",115
"178",33735,"16502","Ryan Yarbrough",1.738326584,1.10756004,1.688063503,0.215208923,0.947546241,-0.675695274,5.021010018,190,271,"","","","","","","","","P","SP","korn",296
"179",33748,"13543","Blake Snell",1.670266824,2.387113397,1.679408616,1.810050012,1.598273146,-0.675695274,8.469416719,70,47,"","","","","","","","","P","SP","cuyler",85
"180",33776,"18289","Brian Anderson",1.147151398,1.031870325,1.332417224,1.319294547,0.428123609,0.683374086,5.942231189,145,211,"","","3B","","","","","","","3B","will",222
"181",33783,"16556","Ozzie Albies",1.927866733,1.404439433,1.573284332,1.789534775,1.777999071,1.450935003,9.924059348,44,38,"","2B","","","","","","","","2B","korn",56
"182",33786,"17027","Alex Verdugo",1.220115448,0.348826959,0.687743495,1.296250176,1.973498276,1.068560334,6.594994688,120,135,"","","","","","LF","","RF","","RF","korn",116
"183",33796,"16219","J.D. Davis",0.497771353,0.535111513,0.496466674,0.61052795,0.726027159,0.801460381,3.66736503,256,236,"","","3B","","","","","","","3B","brent",224
"184",33804,"16997","Gleyber Torres",1.592232103,2.004689663,1.87791038,1.842292005,1.461476549,1.89235282,10.67095352,30,59,"","","","SS","","","","","","SS","alex",36
"185",33837,"17479","Jack Flaherty",2.33271516,2.959659305,2.196898586,1.744358617,2.172443944,-0.675695274,10.73038034,29,32,"","","","","","","","","P","SP","dakota",70
"186",33857,"16505","Matt Chapman",1.679788963,2.273767352,1.743308173,1.627435696,0.055744171,1.490297102,8.870341457,59,87,"","","3B","","","","","","","3B","alden",10
"187",33859,"17350","Rafael Devers",2.000830783,2.087482798,2.118777488,2.036543883,1.777999071,1.895164398,11.91679842,18,36,"","","3B","","","","","","","3B","kerry",15
"188",33867,"17484","Eloy Jimenez",1.482786028,2.501448474,2.260464022,1.974055771,1.945569818,2.125713831,12.29003794,15,28,"","","","","","LF","","","","LF","jake",39
"189",33900,"15362","Jeff McNeil",1.453600408,0.617904649,1.162393384,1.655557052,2.215544911,1.304732924,8.409733327,72,72,"","2B","","","","LF","","","","LF","brent",73
"190",33912,"15998","Cody Bellinger",2.124869668,2.74982788,2.50133113,2.450060587,1.563880894,2.856724229,14.24669439,6,12,"1B","","","","","","CF","","","CF","cuyler",17
"191",33926,"14524","Jose Leclerc",-0.297113988,0.209703957,-0.783817444,1.226126501,0.373375443,2.525579607,3.253854076,293,254,"","","","","","","","","P","RP","alden",269
"192",33984,"17232","Yoan Moncada",1.497378838,1.218154879,1.296995591,1.404560726,0.595694356,0.888619313,6.901403703,111,110,"","","3B","","","","","","","3B","brent",93
"193",34168,"15711","Tyler O'Neill",0.738552718,1.197456595,0.921526276,0.511605715,-0.679705219,0.123869974,2.81330606,316,NA,"","","","","","","","","","LF","korn",256
"194",34287,"15679","Rowdy Tellez",0.592624618,1.093965176,0.907357622,0.654299769,0.614313328,1.197892943,5.060453456,188,NA,"","","","","","","","","","1B","korn",236
"195",34401,"15440","Matthew Boyd",2.078625387,2.19626476,1.991003407,-0.251929886,0.775295002,-0.675695274,6.113563396,133,281,"","","","","","","","","P","SP","alex",286
"196",34848,"12970","Joe Musgrove",1.936607354,1.927341682,1.857619501,0.99985614,1.502578013,-0.675695274,7.548307416,92,136,"","","","","","","","","P","SP","cuyler",145
"197",34874,"15038","German Marquez",2.447963021,2.439163025,2.34049347,-0.054855701,0.354236417,-0.675695274,6.851304957,112,156,"","","","","","","","","P","SP","alden",189
"198",34886,"17678","Alex Bregman",2.030016403,1.859801676,1.934584994,2.377133952,1.535952436,2.539015864,12.27650533,16,31,"","","3B","","","","","","","3B","jake",21
"199",34892,"18498","Kenta Maeda",1.783699758,2.014091062,1.711158104,0.580161117,1.253770667,-0.675695274,6.667185435,118,51,"","","","","","","","","P","SP","will",82
"200",34895,"18314","Dansby Swanson",1.526564458,0.886982338,1.247405304,1.197256191,0.437433095,0.424708869,5.720350255,155,102,"","","","SS","","","","","","SS","dakota",110
"201",34940,"18373","Ryan Mountcastle",0.847998793,1.073266892,1.282826937,1.126912324,1.57319038,0.899865627,6.804060954,114,158,"1B","","","","","LF","","","","LF","cuyler",132
"202",34945,"17919","Ian Happ",1.329561523,1.507930852,1.21198367,1.295573796,0.046434685,1.133226638,6.524711165,121,137,"","","","","","LF","CF","","","CF","dakota",90
"203",34951,"18900","Leody Taveras",0.709367098,-0.065138717,0.035985438,0.388986978,0.111601087,-0.407518353,0.773283532,467,269,"","","","","","","CF","","","CF","kerry",294
"204",34954,"18000","Triston McKenzie",0.80999145,0.925386342,0.937431934,-0.255579408,0.641321816,-0.675695274,2.38285686,336,186,"","","","","","","","","P","SP","brent",233
"205",34967,"18345","Kyle Tucker",1.752753013,1.611422271,1.849573074,1.558111801,0.902907392,1.304732924,8.979500475,57,35,"","","","","","LF","","","","LF","dakota",47
"206",34973,"16358","Tyler Mahle",1.532786107,1.697455825,1.597148809,-0.047556657,0.430792523,-0.675695274,4.534931333,209,213,"","","","","","","","","P","SP","kerry",234
"207",34982,"18360","Austin Riley",0.942852058,1.507930852,1.431597798,0.96712201,0.232624404,0.790214067,5.872341189,150,195,"","","3B","","","","","","","3B","dakota",170
"208",34984,"18383","Mike Soroka",1.311818752,0.76056252,1.443915789,0.875772394,0.717877922,-0.675695274,4.434252103,215,178,"","","","","","","","","P","SP","korn",176
"209",34986,"17901","Andrew Benintendi",1.001223298,0.224637257,0.602731574,0.932871395,0.437433095,0.427520447,3.626417066,259,180,"","","","","","LF","","","","LF","john",197
"210",34995,"18564","Trent Grisham",1.606824913,1.073266892,1.098634443,1.344557729,0.120910573,0.905488784,6.149683334,130,60,"","","","","","","CF","","","CF","korn",61
"211",35002,"19611","Vladimir Guerrero Jr.",1.519268053,1.466534284,1.807067113,1.910462576,2.094521593,1.934526497,10.73238012,28,43,"1B","","","","","","","","","1B","dakota",29
"212",35020,"18577","Ke'Bryan Hayes",1.001223298,0.390223527,0.737333781,1.134846414,1.256667858,0.902677205,5.422972084,169,167,"","","3B","","","","","","","3B","kerry",143
"213",35024,"18555","Logan Allen",0.449728451,0.205366488,0.538730769,-1.127815152,-1.138607658,-0.550155083,-1.622752185,665,NA,"","","","","","","","","P","RP","jake",298
"214",35042,"18363","Victor Robles",1.234708258,0.410921811,0.815261375,0.838830547,0.335028749,0.050768935,3.685519676,254,151,"","","","","","","CF","","","CF","alden",229
"215",35073,"17907","Brendan Rodgers",0.373732468,0.224637257,0.475213694,0.428142303,0.791193561,0.22227522,2.515194502,328,NA,"","","","","","","","","","2B","jake",278
"216",35124,"15689","Luis Castillo",2.420739117,3.037733747,2.323014132,1.580130129,1.330326773,-0.675695274,10.01624862,41,40,"","","","","","","","","P","SP","cuyler",52
"217",35142,"17128","Ramon Laureano",1.358747143,1.238853163,1.162393384,1.129921006,0.158148516,0.672127772,5.720190984,156,141,"","","","","","","CF","","","CF","dakota",147
"218",35185,"18015","Paul DeJong",1.329561523,1.363042865,1.474103758,1.205405955,0.148839031,0.539983585,6.060936718,137,199,"","","","SS","","","","","","SS","cuyler",152
"219",35201,"14811","Luke Voit",1.563046483,2.14957765,1.807067113,1.616810363,0.847050476,1.796759153,9.780311239,46,61,"1B","","","","","","","","","1B","john",57
"220",35241,"18684","Sandy Alcantara",2.261933009,1.732155577,2.149531461,0.167765138,-0.143378275,-0.675695274,5.492311635,165,177,"","","","","","","","","P","SP","brent",193
"221",35291,"16472","Rhys Hoskins",1.665196153,2.004689663,1.821235767,1.68627682,-0.223540407,1.810817045,8.76467504,64,130,"1B","","","","","","","","","1B","alden",89
"222",35304,"16530","Mauricio Dubon",0.308064823,-0.106535284,0.198924952,0.239133725,0.828431505,-0.300678372,1.167341349,423,NA,"","","","","","","","","","CF","brent",253
"223",35394,"14710","Edwin Diaz",-0.239943789,0.595738698,-0.783817444,2.810019024,2.612641556,3.592671234,8.587309279,67,90,"","","","","","","","","P","RP","jake",139
"224",35591,"17982","Ty France",0.672885073,0.576508081,0.786924068,0.74002805,0.744646131,0.542795164,4.063786567,233,NA,"","2B","","","","","","","","2B","cuyler",192
"225",35673,"18607","Jared Walsh",0.709367098,1.156060027,1.006538196,0.681159062,0.102291601,0.880184578,4.535600562,208,231,"1B","","","","","","","","","1B","jake",199
"226",35759,"18413","Jose Urquidy",1.221072404,0.882011652,1.370136637,-0.248280364,0.756155975,-0.675695274,3.305401031,289,205,"","","","","","","","","P","SP","alden",209
"227",35831,"17954","Sam Hilliard",0.439400113,0.617904649,0.368948793,0.243919769,-0.595919845,-0.072940517,1.001312961,442,NA,"","","","","","","","","","LF","cuyler",232
"228",35983,"19709","Fernando Tatis Jr.",2.299983388,2.439353623,2.055018548,2.148240022,1.796618043,2.547450599,13.28666422,9,4,"","","","SS","","","","","","SS","brent",26
"229",35999,"20099","Chris Paddack",1.038218514,1.124909916,1.209392067,1.040000882,1.904497571,-0.675695274,5.641323676,159,100,"","","","","","","","","P","SP","jake",119
"230",36006,"19198","Yuli Gurriel",1.045001728,0.700697784,1.219067997,1.021690917,1.051859167,0.33192678,5.370244373,171,214,"1B","","","","","","","","","1B","cuyler",252
"231",36018,"19556","Yordan Alvarez",1.351450738,2.170275933,1.821235767,1.790441229,1.694213698,2.828608444,11.65622581,22,95,"","","","","","","","","","DH","will",14
"232",36040,"19238","Lourdes Gurriel Jr.",1.132558588,1.507930852,1.459935105,1.153942569,1.191501456,0.950474039,7.396342609,102,85,"","","","","","LF","","","","LF","alex",106
"233",36050,"14986","Giovanny Gallegos",-0.298928915,-0.002832024,-0.783817444,1.616625349,2.229861024,1.89787865,4.658786639,205,258,"","","","","","","","","P","RP","jake",239
"234",36084,"14551","Anthony Santander",1.220115448,1.673517122,1.629958946,1.340173027,0.865669448,0.98421298,7.713646972,88,126,"","","","","","","","RF","","RF","will",102
"235",36157,"17186","Dinelson Lamet",1.254648553,2.070478159,1.380884992,1.649471046,1.827941465,-0.675695274,7.507728941,94,99,"","","","","","","","","P","SP","brent",144
"236",36180,"19293","Nick Senzel",0.862591603,0.410921811,0.560225614,0.644965323,0.409504637,0.317868888,3.206077875,296,297,"","","","","","","CF","","","CF","alex",251
"237",36185,"18401","Ronald Acuna Jr.",2.883695788,2.936112434,2.140030468,2.596200212,1.731451641,2.983245259,15.2707358,3,2,"","","","","","","CF","RF","","CF","alex",28
"238",36186,"19680","Sixto Sanchez",1.218350014,0.903698997,1.249844917,1.072846579,0.947546241,-0.675695274,4.716591474,202,160,"","","","","","","","","P","SP","alex",171
"239",36188,"19508","Kyle Lewis",1.066890943,1.011172041,1.04195983,0.960938807,-0.167683492,-0.008274213,3.905003916,240,147,"","","","","","","CF","","","CF","kerry",103
"240",36201,"19343","A.J. Puk",0.204713313,0.443927283,0.043510922,0.912267614,0.39251447,-0.424614891,1.57231871,392,NA,"","","","","","","","","P","RP","dakota",250
"241",36364,"18036","Jake Cronenworth",0.483178543,-0.375612974,0.213093606,0.442046514,1.014621223,0.188536279,1.965863192,363,235,"1B","2B","","SS","","","","","","2B","brent",184
"242",36380,"16122","Jordan Romano",-0.347024479,-0.102593812,-0.783817444,0.748039126,0.851851108,1.960648746,2.327103246,340,NA,"","","","","","","","","P","RP","will",295
"243",36488,"19290","Randy Arozarena",1.358747143,1.28024973,1.134056077,1.208198547,0.949454822,1.245689776,7.176396095,108,63,"","","","","","LF","","","","LF","john",60
"244",36928,"19363","Austin Hays",0.687477883,0.721396068,0.595647247,0.506761445,0.605003842,0.199782593,3.316069078,287,193,"","","","","","LF","CF","","","CF","kerry",163
"245",36969,"20123","Juan Soto",2.577246778,2.687733028,2.791788525,3.238854618,2.746185609,4.085384011,18.12719257,1,5,"","","","","","LF","","","","LF","cuyler",27
"246",37498,"19251","Pete Alonso",1.643306938,2.936112434,2.196705082,1.807767101,0.130220059,1.937338075,10.65144969,32,44,"1B","","","","","","","","","1B","cuyler",45
"247",37515,"16162","Brandon Woodruff",2.037789531,2.50422506,1.899522367,1.565532042,1.885358545,-0.675695274,9.216732269,54,41,"","","","","","","","","P","SP","cuyler",65
"248",37639,"19252","Cavan Biggio",1.570342888,0.907680622,0.978200889,1.210591445,-0.419039612,0.632765674,4.880541906,196,77,"","2B","3B","","","","","RF","","2B","john",80
"249",37729,"19950","Andres Gimenez",0.300768418,-0.375612974,-0.077363789,0.008278771,0.483980525,-0.309113107,0.030937844,517,239,"","2B","3B","SS","","","","","","SS","kerry",263
"250",37909,"19618","Jordan Hicks",-0.512182832,-0.336817138,-0.783817444,1.963329933,0.679599869,1.709568363,2.719680752,323,218,"","","","","","","","","P","RP","korn",216
"251",38102,"18337","Nick Anderson",-0.245842302,0.335490558,-0.783817444,2.178651728,2.631780582,2.651119799,6.767382921,116,144,"","","","","","","","","P","RP","korn",121
"252",38173,"16511","Jordan Montgomery",0.953370679,0.895024059,1.114573191,0.306446971,0.583904736,-0.675695274,3.177624363,299,259,"","","","","","","","","P","SP","alden",268
"253",38309,"19197","Will Smith",0.461289328,0.907680622,0.843598682,0.470077822,-0.074588632,1.240066619,3.848124441,242,93,"","","","","C","","","","","C","dakota",130
"254",38309,"19197","Will Smith",0.461289328,0.907680622,0.843598682,0.470077822,-0.074588632,1.240066619,3.848124441,242,93,"","","","","C","","","","","RP","alex",186
"255",38582,"17610","Tanner Rainey",-0.30800355,0.266091054,-0.783817444,0.514469722,-0.583575887,2.211729129,1.316893024,416,NA,"","","","","","","","","P","RP","will",282
"256",38904,"19612","Bo Bichette",1.730863798,1.156060027,1.580368659,1.576991099,1.889712902,1.417196062,9.351192548,52,33,"","","","SS","","","","","","SS","korn",13
"257",38958,"19388","Tony Gonsolin",0.457441891,0.591401229,-0.02687384,0.550964942,0.928407215,-0.110764413,2.390577023,335,273,"","","","","","","","","P","SP","will",275
"258",38980,"19326","Bryan Reynolds",1.023112513,0.51441323,0.786924068,1.005657303,0.707408187,0.514679379,4.552194681,207,270,"","","","","","LF","CF","","","LF","alden",208
"259",39103,"17496","Diego Castillo",-0.194570616,0.001505445,-0.783817444,1.996175631,1.46429996,2.211729129,4.695322104,204,276,"","","","","","","","","P","RP","korn",281
"260",39226,"20126","Dylan Carlson",0.913666438,0.555809797,0.886104642,0.828515837,0.158148516,0.278506789,3.62075202,260,170,"","","","","","LF","CF","RF","","RF","kerry",114
"261",39251,"19374","Walker Buehler",2.046864166,2.656036475,2.086026149,1.948731846,2.478668369,-0.675695274,10.54063173,35,20,"","","","","","","","","P","SP","korn",33
"262",39382,"19966","Bobby Dalbec",0.789627553,1.487232568,0.942779256,0.719990152,-0.810038022,0.62151936,3.751110868,247,295,"1B","","","","","","","","","1B","dakota",187
"263",39631,"20043","Luis Robert",1.482786028,1.632120555,1.537862699,1.216111819,0.642241786,0.852068793,7.36319168,103,45,"","","","","","","CF","","","CF","brent",44
"264",39636,"sa3005068","MacKenzie Gore",0.077668427,0.183679143,0.468672644,0.576511595,0.50734863,-0.675695274,1.138185164,427,358,"","","","","","","","","P","SP","alex",246
"265",39646,"20160","Nate Pearson",0.83857655,0.838636962,0.953272817,0.00353665,0.296819337,-0.675695274,2.255147041,347,278,"","","","","","","","","P","SP","brent",264
"266",39667,"19959","Jesus Luzardo",1.325430704,1.380820588,1.299488561,1.226126501,1.330326773,-0.675695274,5.886497852,148,112,"","","","","","","","","P","SP","alex",151
"267",39671,"17085","Pablo Lopez",1.702028045,1.480582375,1.597387113,0.853875263,1.043241374,-0.675695274,6.001418896,141,152,"","","","","","","","","P","SP","kerry",194
"268",39832,"19755","Shohei Ohtani",0.869888008,1.052568608,1.04195983,0.852015342,0.763265103,1.352529757,5.932226648,146,115,"","","","","","","","","","DH","dakota",37
"269",39832,"19755","Shohei Ohtani",0.213787948,0.474289566,0.556764143,0.178713703,-0.181656328,-0.675695274,0.566203758,482,115,"","","","","","","","","P","DH","dakota",37
"270",39832,"19755","Shohei Ohtani",0.869888008,1.052568608,1.04195983,0.852015342,0.763265103,1.352529757,5.932226648,146,115,"","","","","","","","","","DH","dakota",37
"271",39832,"19755","Shohei Ohtani",0.213787948,0.474289566,0.556764143,0.178713703,-0.181656328,-0.675695274,0.566203758,482,115,"","","","","","","","","P","DH","dakota",37
"272",39836,"16933","Elieser Hernandez",1.07905437,1.229009173,1.200839005,-0.069453789,0.928407215,-0.675695274,3.6921607,253,306,"","","","","","","","","P","SP","jake",258
"273",39878,"19361","Corbin Burnes",1.195663427,1.771192798,1.146570902,1.321014071,1.253770667,-0.675695274,6.012516591,139,71,"","","","","","","","","P","SP","kerry",94
"274",39879,"20003","Keston Hiura",1.336857928,1.673517122,1.537862699,1.24436721,0.409504637,0.936416147,7.138525743,109,96,"","2B","","","","","","","","2B","dakota",67
"275",39897,"19948","Cristian Pache",0.534253378,0.059050986,0.538972634,0.432469694,0.325719263,-0.255693116,1.634772839,385,302,"","","","","","LF","","","","LF","alex",291
"276",39904,"19294","Nick Solak",0.957444868,0.410921811,0.801092722,0.903180339,1.005311738,0.390969927,4.468921404,212,173,"","2B","","","","LF","CF","","","LF","kerry",123
"277",39907,"19470","Tommy Edman",0.899073628,-0.023742149,0.383117446,0.633920962,0.912216878,-0.03076684,2.773819925,321,146,"","","3B","SS","","","","RF","","3B","korn",196
"278",39910,"19291","Zac Gallen",1.989693967,2.391450866,1.92000936,1.050949448,1.177214561,-0.675695274,7.853622926,83,58,"","","","","","","","","P","SP","jake",98
"279",39948,"16269","John Means",1.641681724,1.163947138,1.566513684,-0.543891641,0.698738896,-0.675695274,3.851294526,241,264,"","","","","","","","","P","SP","will",235
"280",39961,"18882","Brandon Lowe",1.169040613,1.487232568,1.346585878,1.149861613,0.204695946,1.096676118,6.454092737,122,70,"","2B","","","","","","RF","","2B","jake",59
"281",40423,"19955","Gavin Lux",0.687477883,0.493714946,0.758586762,0.570273148,0.558456412,0.562476213,3.630985364,257,224,"","2B","","","","","","","","2B","brent",164
"282",40538,"19566","Nate Lowe",0.381028873,0.576508081,0.390201773,0.565490994,0.679479729,1.119168746,3.711878197,251,NA,"","","","","","","","","","1B","dakota",290
"283",40593,"18042","Dylan Moore",0.548846188,0.369525243,0.206009279,0.176685617,-0.828656994,-0.269751009,0.202658325,501,181,"","2B","","","","LF","","RF","","LF","kerry",174
"284",40715,"20151","James Karinchak",-0.317078185,0.582726291,-0.783817444,2.189600294,1.119797481,3.404360947,6.195589384,128,109,"","","","","","","","","P","RP","alden",169
"285",40912,"19427","Shane Bieber",2.670291572,3.579917373,2.573082527,2.039969894,2.670058635,-0.675695274,12.85762473,11,10,"","","","","","","","","P","SP","kerry",5
"286",40916,"19951","Ian Anderson",1.311818752,1.5890191,1.465840644,0.67869821,0.086290044,-0.675695274,4.455971475,213,143,"","","","","","","","","P","SP","dakota",167
"287",40934,"19479","Aaron Civale",1.588595111,1.046835474,1.693352225,-0.394261242,0.411653497,-0.675695274,3.670479791,255,202,"","","","","","","","","P","SP","korn",221
"288",40937,"19716","Dustin May",0.780952619,0.634775919,0.460998602,1.29911694,1.311187747,-0.550155083,3.936876744,239,223,"","","","","","","","","P","SP","kerry",183
"289",41065,"19867","Griffin Canning",1.266445578,1.24202158,1.408023871,-0.095000442,0.469070576,-0.675695274,3.614865888,262,NA,"","","","","","","","","P","SP","dakota",227
"290",41169,"21618","Alec Bohm",1.110669373,0.762792635,1.219067997,1.296304947,1.675594726,1.071371912,7.135801591,110,111,"","","3B","","","","","","","3B","dakota",87
"291",41170,"20521","Nick Madrigal",0.694774288,-0.727483798,0.298105526,0.717765569,2.3551872,0.053580513,3.391929298,279,161,"","2B","","","","","","","","2B","brent",124
"292",41172,"25377","Brady Singer",1.455651712,0.916711404,1.452808692,-0.138794706,-0.124239248,-0.675695274,2.88644258,310,300,"","","","","","","","","P","SP","dakota",247
"293",41261,"17606","Cristian Javier",0.751006324,0.986110908,0.960416949,-0.803007699,-0.392185621,-0.675695274,0.826645588,459,251,"","","","","","","","","P","SP","alex",266
"294",42169,"19979","Zach Plesac",1.790052002,1.424195278,1.800196981,-0.036608091,0.794434029,-0.675695274,5.096574925,184,113,"","","","","","","","","P","SP","john",137
"295",42180,"17998","Peter Fairbanks",-0.226331837,0.166329267,-0.783817444,1.63852248,1.177214561,2.400039416,4.371956442,219,NA,"","","","","","","","","P","RP","jake",259
"296",42409,"22267","Tarik Skubal",0.693382394,0.877674183,0.841735171,-0.321270803,0.315958364,-0.675695274,1.731784035,377,NA,"","","","","","","","","P","SP","brent",273
