"","Name","Team","G","points","ADP"
"1","Ronald Acuña Jr.","ATL",152.134,565.421786252,1
"2","Juan Soto","NYY",152.908,516.922512314,11.1000003814697
"3","Spencer Strider","ATL",29.6326,504.1668,6.65000009536743
"4","Mookie Betts","LAD",149.026,489.871073058,5.28999996185303
"5","Freddie Freeman","LAD",153.356,484.704105062,8.85000038146973
"6","Kyle Tucker","HOU",151.261,482.490219301,6.21000003814697
"7","José Ramírez","CLE",151.241,478.825397942,15.1899995803833
"8","Gerrit Cole","NYY",30.6,467.4108,13.1000003814697
"9","Yordan Alvarez","HOU",138.83,463.981549242,16.8999996185303
"10","Matt Olson","ATL",152.697,455.99010476,17.3299999237061
"11","Vladimir Guerrero Jr.","TOR",153.178,452.512535078,31.6700000762939
"12","Aaron Judge","NYY",140.45,444.331043676,11.0600004196167
"13","Bobby Witt Jr.","KCR",151.598,442.82367329,2.40000009536743
"14","Shohei Ohtani","LAD",139.058,442.189879406,13.3999996185303
"15","Rafael Devers","BOS",149.022,434.659340796,24.079999923706
"16","Alex Bregman","HOU",148.83,431.384049298,102.669998168945
"17","Marcus Semien","TEX",153,429.037076693,30.579999923706
"18","Bryce Harper","PHI",146.533,426.484538336,18.1499996185303
"19","Kevin Gausman","TOR",29.5879,426.26935,27.8799991607666
"20","Fernando Tatis Jr.","SDP",147.971,426.076123208,7.92000007629395
"21","Pablo López","MIN",29.9517,423.21455,34.6699981689453
"22","Zack Wheeler","PHI",29.8811,422.5014,24.7099990844727
"23","Corbin Burnes","BAL",30.2827,422.3845,18.579999923706
"24","Luis Castillo","SEA",30.3129,419.86535,29.579999923706
"25","Corbin Carroll","ARI",148.031,418.234341228,4.98000001907349
"26","Pete Alonso","NYM",152.099,418.069443674,27.329999923706
"27","Austin Riley","ATL",152.565,417.420844101,19.9400005340576
"28","Ozzie Albies","ATL",147.664,412.327863436,22.7299995422363
"29","Julio Rodríguez","SEA",150.763,410.07750328,2.90000009536743
"30","Zac Gallen","ARI",30.2275,408.3603,39.3800010681152
"31","Corey Seager","TEX",129.212,407.902261232,26.9599990844727
"32","Framber Valdez","HOU",29.0094,407.50055,58.5400009155273
"33","Trea Turner","PHI",152.688,399.451479605,12.539999961853
"34","Aaron Nola","PHI",29.7133,398.19915,52.8499984741211
"35","Jose Altuve","HOU",139.253,394.379434543,43.2700004577637
"36","Logan Webb","SFG",30.1483,394.06085,54.7900009155273
"37","Francisco Lindor","NYM",152.52,391.112306251,23.6000003814697
"38","George Kirby","SEA",29.7658,390.19195,33.75
"39","Logan Gilbert","SEA",30.5735,386.06925,60.560001373291
"40","Luis Arraez","MIA",143.236,381.764426292,163.059997558594
"41","Nolan Arenado","STL",144.852,377.961721131,109.269996643066
"42","Yoshinobu Yamamoto","LAD",26.6822,376.8135,42.75
"43","Manny Machado","SDP",139.77,375.532072163,69.629997253418
"44","Freddy Peralta","MIL",28.3565,373.0214,55
"45","Ketel Marte","ARI",143.352,371.631910254,121.099998474121
"46","Kyle Schwarber","PHI",148.329,369.370338604,93.8300018310547
"47","Blake Snell","",27.9121,369.3555,68.0199966430664
"48","Michael Harris II","ATL",147.186,368.926921362,30.3099994659424
"49","Yandy Díaz","TBR",136.501,367.255959592,139.850006103516
"50","Christian Walker","ARI",148.59,366.967426077,96.2099990844727
"51","Gleyber Torres","NYY",146.435,366.889025085,85.7699966430664
"52","Nico Hoerner","CHC",146.323,365.1244967,65.5999984741211
"53","Bo Bichette","TOR",146.018,364.945134384,39.6699981689453
"54","Max Fried","ATL",27.6194,364.15245,62.1500015258789
"55","Paul Goldschmidt","STL",147.464,361.723425544,86.129997253418
"56","Bryan Reynolds","PIT",147.622,361.167726755,93.7099990844727
"57","Vinnie Pasquantino","KCR",131.863,359.915391659,184.330001831055
"58","Adley Rutschman","BAL",142.626,359.001610379,52.4799995422363
"59","Zach Eflin","TBR",28.2666,357.80653525,81.379997253418
"60","Jesús Luzardo","MIA",28.8173,357.38225,81.879997253418
"61","Tarik Skubal","DET",27.5745,356.3027,49.9599990844727
"62","Tyler Glasnow","LAD",23.9801,355.94565,40.5999984741211
"63","Xander Bogaerts","SDP",147.95,354.055445294,111.769996643066
"64","Jung Hoo Lee","SFG",134.23,353.39309688,257.920013427734
"65","Josh Naylor","CLE",133.143,351.9951375,124.769996643066
"66","Masataka Yoshida","BOS",135.389,351.734556112,193.830001831055
"67","Cody Bellinger","",136.472,351.606905668,64.0599975585938
"68","Randy Arozarena","TBR",147.719,349.002563352,46.6300010681152
"69","Joe Ryan","MIN",27.9591,348.43775,84.6699981689453
"70","Edwin Díaz","NYM",60.1642,346.98605,42.4199981689453
"71","Steven Kwan","CLE",140.163,344.178112596,219.130004882812
"72","Justin Steele","CHC",29.0659,343.90115,101.169998168945
"73","Gunnar Henderson","BAL",143.066,343.3682968,31.3099994659424
"74","Dylan Cease","CHW",30.2997,343.1737,108.629997253418
"75","Christian Yelich","MIL",145.069,341.66266692,82.0199966430664
"76","Tanner Bibee","CLE",27.958,340.7959,108.769996643066
"77","Grayson Rodriguez","BAL",28.3596,340.19205,999
"78","Devin Williams","MIL",62.492,339.7431,41.8499984741211
"79","Brandon Nimmo","NYM",144.877,339.207566496,201.149993896484
"80","Royce Lewis","MIN",131.373,336.1456542,55.0200004577637
"81","Joe Musgrove","SDP",25.9694,336.0999,94.2900009155273
"82","Luis Robert Jr.","CHW",142.774,334.559364072,34.9799995422363
"83","Spencer Torkelson","DET",147.818,334.158789096,121.940002441406
"84","Anthony Santander","BAL",140.387,333.831968904,142.809997558594
"85","Triston Casas","BOS",141.801,333.35000036,110.959999084473
"86","Mike Trout","LAA",124.665,333.045780816,73.2099990844727
"87","Chris Bassitt","TOR",29.1342,332.54585,136.100006103516
"88","Adolis García","TEX",146.881,332.34979205,48.9000015258789
"89","Jhoan Duran","MIN",60.7934,331.0647,50.5999984741211
"90","Merrill Kelly","ARI",29.4945,330.86545,148.580001831055
"91","George Springer","TOR",133.205,330.728079322,123.099998474121
"92","Nathaniel Lowe","TEX",151.197,326.633262072,211.380004882812
"93","Shane Bieber","CLE",26.4461,326.40615,165.190002441406
"94","Josh Hader","HOU",59.6849,326.22755,46.9199981689453
"95","Ian Happ","CHC",148.966,326.210855719,160.600006103516
"96","Bobby Miller","LAD",26.4448,325.8825,999
"97","Seiya Suzuki","CHC",134.96,325.256006332,111.379997253418
"98","Dansby Swanson","CHC",151.223,325.037751513,122.169998168945
"99","CJ Abrams","WSN",146.88,323.822970454,40.0999984741211
"100","Will Smith","LAD",124.946,321.688662576,87.4599990844727
"101","Sonny Gray","STL",27.8967,320.17225,117.400001525879
"102","Emmanuel Clase","CLE",65.1507,320.1517,52.2099990844727
"103","William Contreras","MIL",140.802,319.17248596,79.0400009155273
"104","Nolan Jones","COL",138.631,318.514866275,56.5800018310547
"105","Alec Bohm","PHI",141.378,317.4708969,172.440002441406
"106","Mitch Keller","PIT",30.0213,316.6321,168.190002441406
"107","Jordan Montgomery","",28.1451,316.17525,150.630004882812
"108","José Berríos","TOR",29.2709,316.0765,166.630004882812
"109","Marcell Ozuna","ATL",130.195,316.075017215,167.710006713867
"110","Isaac Paredes","TBR",132.147,313.445268824,186.059997558594
"111","Nick Pivetta","BOS",30.2861,313.076845,166.580001831055
"112","Kodai Senga","NYM",24.3797,312.14555,72.5400009155273
"113","Willy Adames","MIL",145.348,311.929444312,179.059997558594
"114","Hunter Greene","CIN",26.8106,311.5743,140.190002441406
"115","J.P. Crawford","SEA",145.222,311.259588225,275.100006103516
"116","Josh Bell","MIA",140.929,311.205731221,286.329986572266
"117","Max Muncy","LAD",129.459,311.19860268,182.210006713867
"118","Cole Ragans","KCR",27.3901,308.15655,107.879997253418
"119","Andrés Giménez","CLE",143.122,307.426555332,103.879997253418
"120","Bryson Stott","PHI",141.349,306.952318728,109.580001831055
"121","Andrew Vaughn","CHW",142.93,306.38642247,240.809997558594
"122","Nick Castellanos","PHI",143.752,305.634760888,113.830001831055
"123","Spencer Steer","CIN",135.509,305.16613777,114.330001831055
"124","Eduardo Rodriguez","ARI",27.9776,304.46045,196.380004882812
"125","Rhys Hoskins","MIL",133.415,304.105648154,184.190002441406
"126","Cristian Javier","HOU",28.3269,303.55845,184.419998168945
"127","Camilo Doval","SFG",62.3181,303.32075,55.5999984741211
"128","Taylor Ward","LAA",126.958,302.833407487,232.350006103516
"129","Ha-Seong Kim","SDP",144.631,302.598163439,88.7699966430664
"130","David Bednar","PIT",61.0906,302.038,61.689998626709
"131","TJ Friedl","CIN",130.122,302.017954982,156.350006103516
"132","Cedric Mullins","BAL",137.756,302.014127459,147.059997558594
"133","Carlos Correa","MIN",134.508,301.556074115,251.979995727539
"134","Hunter Brown","HOU",30.1384,301.2143,171.130004882812
"135","Ke'Bryan Hayes","PIT",136.577,300.350514115,167.630004882812
"136","Jeff McNeil","NYM",133.53,299.261362212,292.829986572266
"137","Matt McLain","CIN",131.952,298.397897238,66.6500015258789
"138","Jorge Soler","SFG",129.518,297.795672664,173.100006103516
"139","Raisel Iglesias","ATL",59.1283,296.6551,58.4000015258789
"140","Tommy Edman","STL",133.343,295.69598114,172.169998168945
"141","Lourdes Gurriel Jr.","ARI",130.204,295.393093709,236.770004272461
"142","Jake Cronenworth","SDP",140.643,295.257367006,358.940002441406
"143","Bailey Ober","MIN",27.4241,295.0228,140.25
"144","Alexis Díaz","CIN",64.3356,295.02185,74.0800018310547
"145","Justin Verlander","HOU",24.8733,294.9944,124.080001831055
"146","Tanner Scott","MIA",65.926,294.90615,97
"147","Sal Frelick","MIL",132.582,293.582601408,290.899993896484
"148","Braxton Garrett","MIA",28.2392,293.2934,184.100006103516
"149","Michael King","SDP",31.5892,292.446455,139.399993896484
"150","Oneil Cruz","PIT",131.722,291.323721008,82.629997253418
"151","Pete Fairbanks","TBR",53.7606,290.66155,86.8499984741211
"152","Paul Sewald","ARI",61.8654,290.5384,83.7900009155273
"153","Carlos Rodón","NYY",24.905,290.31205,144.479995727539
"154","Charlie Morton","ATL",26.0772,289.2321,232.899993896484
"155","Lars Nootbaar","STL",122.058,288.64590048,208.039993286133
"156","José Abreu","HOU",136.923,288.139315061,286.440002441406
"157","Jordan Romano","TOR",57.1171,287.3093,68.4599990844727
"158","Ty France","SEA",144.47,286.669011376,314.329986572266
"159","Evan Phillips","LAD",59.8247,286.29975,91.5599975585938
"160","Shota Imanaga","CHC",25.0837,286.1271,999
"161","Jake Burger","MIA",141.293,286.06471846,155.309997558594
"162","Lane Thomas","WSN",141.111,285.299479881,116.599998474121
"163","Jazz Chisholm Jr.","MIA",130.4,284.180814446,74.4000015258789
"164","Eloy Jiménez","CHW",125.01,284.077788856,240.130004882812
"165","Jeimer Candelario","CIN",131.102,283.8693862,215.229995727539
"166","Max Kepler","MIN",126.286,283.788936384,278.459991455078
"167","Eury Pérez","MIA",25.3852,283.5727,78.4800033569336
"168","Alex Verdugo","NYY",125.427,282.8598227,315.579986572266
"169","Keibert Ruiz","WSN",123.511,282.402531444,167.479995727539
"170","Lucas Giolito","BOS",28.6853,281.54705,226.210006713867
"171","Andrew Benintendi","CHW",135.121,281.415289731,379.690002441406
"172","Ryan Helsley","STL",57.3556,281.0352,91.7300033569336
"173","Riley Greene","DET",136.946,280.416751,170.130004882812
"174","Yu Darvish","SDP",23.5691,280.38,188.5
"175","Yusei Kikuchi","TOR",28.033,279.42569175,233.649993896484
"176","Evan Carter","TEX",136.36,279.078646194,131.75
"177","Chris Sale","ATL",23.0273,278.92415,131.520004272461
"178","Clay Holmes","NYY",61.319,278.5592,105.209999084473
"179","Josh Jung","TEX",138.263,278.28915245,115.169998168945
"180","Vaughn Grissom","BOS",131.823,278.28043563,227.880004882812
"181","Ezequiel Tovar","COL",145.09,278.152666473,189.289993286133
"182","Andrés Muñoz","SEA",56.7598,276.33205,82.7900009155273
"183","Daulton Varsho","TOR",138.75,276.252631332,217.059997558594
"184","Thairo Estrada","SFG",132.786,275.717729697,133.399993896484
"185","Nathan Eovaldi","TEX",24.9337,275.5391,209.440002441406
"186","José Alvarado","PHI",62.8375,273.7895,161.580001831055
"187","Luis Rengifo","LAA",131.599,273.605875876,240.350006103516
"188","Teoscar Hernández","LAD",132.39,273.581860428,128.080001831055
"189","Jeremy Peña","HOU",143.569,272.612094772,213.809997558594
"190","Jonathan India","CIN",122.542,272.118078492,248.130004882812
"191","J.T. Realmuto","PHI",132.652,271.925493627,73.5400009155273
"192","Anthony Volpe","NYY",142.425,271.917390903,134.330001831055
"193","Reid Detmers","LAA",26.9126,271.9084,229.979995727539
"194","Bryan De La Cruz","MIA",137.822,271.071090495,278.309997558594
"195","Kerry Carpenter","DET",128.768,270.41889804,226.039993286133
"196","Adbert Alzolay","CHC",57.082,270.17225,114.559997558594
"197","Justin Turner","TOR",119.573,269.70632408,251.479995727539
"198","Josh Lowe","TBR",133.782,269.6673687,79.1699981689453
"199","Gavin Williams","CLE",26.495,269.48665,166.960006713867
"200","Jon Gray","TEX",27.3083,269.4574,315.75
"201","Jorge Polanco","SEA",125.131,269.427853208,252.710006713867
"202","Jordan Walker","STL",131.076,269.181184813,127.540000915527
"203","Kenley Jansen","BOS",58.8016,268.1223,114.480003356934
"204","Ryan McMahon","COL",143.072,267.46906308,227.330001831055
"205","Nestor Cortes","NYY",26.2832,267.30135,254.350006103516
"206","Aaron Civale","TBR",25.4936,266.3899,203.270004272461
"207","Lance Lynn","STL",27.113,266.298,303.019989013672
"208","Ryan Pepiot","TBR",28.1322,266.21185,194.690002441406
"209","Ryan Mountcastle","BAL",124.936,265.688071084,244.229995727539
"210","Elly De La Cruz","CIN",132.642,265.48071159,26.2900009155273
"211","Wilmer Flores","SFG",114.873,264.905266147,349.149993896484
"212","Bryan Woo","SEA",31.0099,264.2823,175.419998168945
"213","MJ Melendez","KCR",131.081,264.20332864,296.579986572266
"214","Salvador Perez","KCR",131.305,262.500884424,137.059997558594
"215","Griffin Canning","LAA",24.7648,262.4285,269.290008544922
"216","Yainer Diaz","HOU",116.578,261.536370713,111.019996643066
"217","Sean Murphy","ATL",117.67,261.51558349,145.729995727539
"218","Brendan Rodgers","COL",121.773,260.446612589,350.269989013672
"219","Brandon Drury","LAA",126.646,260.091225157,219.600006103516
"220","Austin Hays","BAL",133.841,259.558370184,320.769989013672
"221","Marcus Stroman","NYY",26.5173,258.89955,272
"222","Mark Canha","DET",126.765,258.726039808,422.380004882812
"223","Anthony Rizzo","NYY",120.27,258.436947401,283.519989013672
"224","Triston McKenzie","CLE",24.94,258.41895,232.649993896484
"225","Matt Chapman","",124.994,258.032066042,279.149993896484
"226","Nolan Gorman","STL",129.359,257.652831312,192.520004272461
"227","Bryce Miller","SEA",25.4827,257.0619,179.190002441406
"228","Craig Kimbrel","BAL",63.4669,256.9485,102.040000915527
"229","Kyle Harrison","SFG",25.5437,256.86415,273.579986572266
"230","JP Sears","OAK",28.4065,256.7155,377.630004882812
"231","Willson Contreras","STL",118.709,256.502221328,139.229995727539
"232","Chas McCormick","HOU",129.52,256.440225256,171.270004272461
"233","Tyler O'Neill","BOS",124.956,256.05816352,219.710006713867
"234","Jarren Duran","BOS",129.04,255.98208432,156.649993896484
"235","Christopher Morel","CHC",129.037,255.725836887,199.630004882812
"236","Sean Manaea","NYM",29.7117,255.155835,320.059997558594
"237","Dean Kremer","BAL",27.4909,254.97105,324.269989013672
"238","Kris Bryant","COL",113.662,254.47780586,284.5
"239","Ranger Suárez","PHI",26.5207,253.122925,343.769989013672
"240","Jackson Chourio","MIL",125.593,252.139809945,137.380004882812
"241","Brayan Bello","BOS",27.7702,252.1185,225.210006713867
"242","Orlando Arcia","ATL",127.818,252.027168665,328.670013427734
"243","Zack Gelof","OAK",135.783,251.06721158,136.229995727539
"244","Jonah Heim","TEX",122.747,250.674761783,174.039993286133
"245","Charlie Blackmon","COL",107.753,250.61715744,440.559997558594
"246","Nolan Schanuel","LAA",115.293,250.599983275,422.829986572266
"247","Kyle Gibson","STL",29.0168,250.3219,431.059997558594
"248","Noelvi Marte","CIN",120.346,250.164836656,164.440002441406
"249","Zach Neto","LAA",132.241,250.14562775,268.290008544922
"250","Brendan Donovan","STL",113.198,249.995923226,293.420013427734
"251","Maikel Garcia","KCR",130.637,249.2108185,214.330001831055
"252","Eugenio Suárez","ARI",140.97,249.1094175,278.350006103516
"253","Carlos Santana","MIN",114.799,248.191139728,410.690002441406
"254","Brandon Pfaadt","ARI",25.5404,247.7142,203.039993286133
"255","J.D. Martinez","",108.406,246.79202342,246.020004272461
"256","Joey Meneses","WSN",134.44,246.196125544,373.519989013672
"257","Brandon Lowe","TBR",113.798,246.079578085,268.380004882812
"258","Logan O'Hoppe","LAA",112.489,245.503118216,153.039993286133
"259","LaMonte Wade Jr.","SFG",117.081,245.49627821,388.290008544922
"260","Miles Mikolas","STL",28.3935,244.53275,412.75
"261","Taj Bradley","TBR",36.5843,244.4356,248.190002441406
"262","Cal Raleigh","SEA",127.946,244.295955104,142.899993896484
"263","Joc Pederson","ARI",111.031,242.959571757,407.709991455078
"264","Kenta Maeda","DET",28.117,242.55495,246.350006103516
"265","Jack Suwinski","PIT",127.966,242.531902368,243.960006713867
"266","Luis García Jr.","WSN",115.11,242.00849082,396.170013427734
"267","Hunter Renfroe","KCR",116.158,241.881600138,375.880004882812
"268","MacKenzie Gore","WSN",26.0888,241.8488,287.709991455078
"269","Walker Buehler","LAD",21.1621,241.6,168.899993896484
"270","Andrew Abbott","CIN",24.2437,240.9705,286.040008544922
"271","Christian Encarnacion-Strand","CIN",108.989,240.747103775,171.539993286133
"272","Logan Allen","CLE",25.3788,238.94665,347.149993896484
"273","Gabriel Moreno","ARI",123.705,238.31413689,152.460006713867
"274","Edward Cabrera","MIA",25.0226,237.35995,288.809997558594
"275","DJ LeMahieu","NYY",118.954,236.7911239,359.959991455078
"276","Brady Singer","KCR",27.5494,236.53105,453
"277","Dane Dunning","TEX",28.8798,236.4502,369.459991455078
"278","Clarke Schmidt","NYY",27.151,236.4162982,352.630004882812
"279","Edouard Julien","MIN",131.003,235.988098884,217.25
"280","Esteury Ruiz","OAK",125.284,235.078246015,130.880004882812
"281","Jarred Kelenic","ATL",125.941,234.997935691,224.649993896484
"282","Anthony Rendon","LAA",102.958,234.50429539,449.380004882812
"283","Tommy Pham","",117.69,234.501093824,321.959991455078
"284","Patrick Sandoval","LAA",26.4566,234.30815,434.420013427734
"285","Cristopher Sánchez","PHI",30.3739,234.19699215,234.580001831055
"286","Wyatt Langford","TEX",103.503,233.643142111,166.039993286133
"287","Byron Buxton","MIN",105.561,233.550268,265.829986572266
"288","Jameson Taillon","CHC",26.1067,233.02231,314.100006103516
"289","Colt Keith","DET",119.051,232.791519304,999
"290","Trevor Story","BOS",121.873,232.029501008,170.25
"291","Francisco Alvarez","NYM",123.821,231.853549308,155.539993286133
"292","Jose Quintana","NYM",26.3389,230.77755,418.019989013672
"293","Alek Thomas","ARI",125.409,230.504523375,340.290008544922
"294","Taijuan Walker","PHI",27.5011,230.39355,422.079986572266
"295","Jackson Holliday","BAL",118.386,229.23888834,206.539993286133
"296","Kutter Crawford","BOS",32.1957,228.52325,260.380004882812
"297","Starling Marte","NYM",111.91,228.184846725,226.630004882812
"298","Michael Conforto","SFG",115.761,227.07074892,424.329986572266
"299","Alex Lange","DET",62.2791,226.5187,183.149993896484
"300","Seth Lugo","KCR",25.8971,226.2041639,261.829986572266
"301","Gavin Lux","LAD",112.011,225.33980366,267.079986572266
"302","Nick Lodolo","CIN",26.2927,224.2724,240.380004882812
"303","Leody Taveras","TEX",122.723,224.220618647,267.230010986328
"304","Luis Campusano","SDP",113.45,223.650112516,192.919998168945
"305","Louie Varland","MIN",35.2482,222.95765,315.769989013672
"306","Andrew Heaney","TEX",27.208,222.9001,368.649993896484
"307","Andrew McCutchen","PIT",108.064,222.66150839,582.809997558594
"308","James Outman","LAD",129.745,221.946586172,197.25
"309","Yoán Moncada","CHW",131.029,220.428974707,374.850006103516
"310","Mike Yastrzemski","SFG",118.324,220.125272704,499.380004882812
"311","Masyn Winn","STL",121.485,219.800430368,362.709991455078
"312","Whit Merrifield","PHI",101.318,218.98117921,281.940002441406
"313","Tim Anderson","MIA",125.19,218.790169764,354.540008544922
"314","Reese Olson","DET",24.2872,217.94825,287.75
"315","DL Hall","MIL",36.3239,216.49147,342.709991455078
"316","Javier Báez","DET",132.062,216.107710272,392.850006103516
"317","Parker Meadows","DET",123.469,215.870226954,285.209991455078
"318","Giancarlo Stanton","NYY",104.427,215.121169016,310.100006103516
"319","Rowdy Tellez","PIT",107.101,214.778691108,427.480010986328
"320","José Leclerc","TEX",59.2494,214.5893,184.940002441406
"321","Frankie Montas","CIN",22.474,213.5647,331.850006103516
"322","Jake Fraley","CIN",99.3106,213.349046978,333.079986572266
"323","Jurickson Profar","SDP",112.187,212.850778806,665.880004882812
"324","Michael Wacha","KCR",23.7947,212.4767,287.899993896484
"325","Seth Brown","OAK",117.672,212.08711075,463.829986572266
"326","Robert Suarez","SDP",58.5384,211.6069,218
"327","Jack Flaherty","DET",25.0513,211.409,379.170013427734
"328","Kyle Finnegan","WSN",64.6903,210.88235,231.899993896484
"329","Bo Naylor","CLE",115.678,210.104297384,163.710006713867
"330","Tyler Anderson","LAA",26.2866,209.6156,594.559997558594
"331","Mitch Garver","SEA",102.991,209.602256704,184.809997558594
"332","Josiah Gray","WSN",28.2531,209.55625,398.670013427734
"333","Tanner Houck","BOS",34.7874,209.548395,409.380004882812
"334","Kyle Bradish","BAL",17.9003,208.91275,126.379997253418
"335","Jesús Sánchez","MIA",116.566,208.813393604,394.899993896484
"336","Steven Matz","STL",27.8001,208.19505,356.690002441406
"337","Brent Rooker","OAK",127.598,207.922757268,309.040008544922
"338","Alejandro Kirk","TOR",95.5849,207.852769784,268.25
"339","Amed Rosario","TBR",97.3451,207.378080368,345
"340","Zack Littell","TBR",30.0604,206.04659155,366.230010986328
"341","Danny Jansen","TOR",95.3716,205.954815976,264.309997558594
"342","Michael Massey","KCR",111.363,204.550503744,399.350006103516
"343","Matt Brash","SEA",58.2358,204.20285,258.100006103516
"344","Harrison Bader","NYM",106.605,204.035959231,366.75
"345","Henry Davis","PIT",108.855,203.851878975,240.039993286133
"346","Brice Turang","MIL",118,203.232826962,332.440002441406
"347","Mason Miller","OAK",51.0488,203.0272,216.880004882812
"348","Wilyer Abreu","BOS",110.594,201.787993185,385.149993896484
"349","Geraldo Perdomo","ARI",118.717,201.47874603,428.730010986328
"350","Elias Díaz","COL",115.346,201.32573365,257.579986572266
"351","Willi Castro","MIN",112.434,201.084881941,288.019989013672
"352","Mitch Haniger","SEA",110.463,201.07785237,404.079986572266
"353","Brandon Marsh","PHI",124.969,200.813168751,355.5
"354","Keaton Winn","SFG",28.0793,200.0616705,409.790008544922
"355","Yuki Matsui","SDP",59.5539,198.9433,999
"356","Hunter Harvey","WSN",57.9872,198.61535,265.25
"357","Nelson Velázquez","KCR",105.178,198.461046784,278.190002441406
"358","Colin Rea","",29.9386,197.17135,518.559997558594
"359","Robert Stephenson","LAA",58.3035,196.38835,195.559997558594
"360","Chris Paddack","MIN",25.6365,196.37305,292.829986572266
"361","Carlos Estévez","LAA",62.2721,196.28865,246.039993286133
"362","Jordan Westburg","BAL",110.378,195.503079912,317
"363","Bryce Elder","ATL",23.9775,195.44045,408.730010986328
"364","Ryan O'Hearn","BAL",104.673,195.009554272,404.040008544922
"365","JJ Bleday","OAK",116.306,194.54477297,612.559997558594
"366","Alex Kirilloff","MIN",102.172,194.078519282,350.850006103516
"367","Trevor Rogers","MIA",21.8953,193.6486,341.480010986328
"368","Emmet Sheehan","LAD",32.44,193.0572133,258.850006103516
"369","Jason Adam","TBR",56.2062,191.69255,312.75
"370","Davis Schneider","TOR",98.9004,191.199892644,400.170013427734
"371","Kyle Hendricks","CHC",24.5096,190.5816,439.309997558594
"372","Chase Silseth","LAA",26.7418,189.88045,339.670013427734
"373","J.P. France","HOU",39.1317,189.4373,482.899993896484
"374","Kyle Manzardo","CLE",97.8474,188.9981354,353.959991455078
"375","Ross Stripling","OAK",29.7812,188.9518079,508.600006103516
"376","Ryan Noda","OAK",124.724,187.914976185,442.809997558594
"377","Tyler Stephenson","CIN",112.367,187.5621362,235.649993896484
"378","Shea Langeliers","OAK",120.035,187.384149205,248.850006103516
"379","Luis Severino","NYM",22.5181,186.9525,291.980010986328
"380","Myles Straw","CLE",118.358,186.859043532,651.75
"381","Ramón Laureano","CLE",108.43,186.7403514,443.959991455078
"382","Matt Wallner","MIN",116.655,186.403864065,311.079986572266
"383","Martín Pérez","PIT",26.1219,186.39125,584.349975585938
"384","Jordan Hicks","SFG",36.1452,185.0427,318.440002441406
"385","John Means","BAL",23.7061,184.1404,285.980010986328
"386","Graham Ashcraft","CIN",24.5874,184.0232,403.25
"387","Wade Miley","MIL",22.8886,183.7039,466.579986572266
"388","Alek Manoah","TOR",22.9522,183.66525,349.899993896484
"389","Matt Vierling","DET",102.74,182.961591142,426.959991455078
"390","Jakob Junis","MIL",29.2483,182.82344,510
"391","Jason Heyward","LAD",96.5397,182.034968907,546.289978027344
"392","Dylan Carlson","STL",94.2285,181.305568687,610.5
"393","Brayan Rocchio","CLE",99.6505,181.24118657,488.079986572266
"394","Jon Berti","MIA",102.725,180.364034149,416.829986572266
"395","Will Benson","CIN",108.309,179.734872976,313.880004882812
"396","Bryan Abreu","HOU",61.4455,179.19915,363.519989013672
"397","Elehuris Montero","COL",99.277,179.167599896,422.329986572266
"398","Paul Blackburn","OAK",24.2797,179.0597,542.289978027344
"399","Yennier Cano","BAL",62.3641,178.691,333.040008544922
"400","John Brebbia","CHW",56.1911,178.4348,374.420013427734
"401","Nick Martinez","CIN",41.343,177.9084,453.130004882812
"402","Jose Siri","TBR",118.393,176.968818772,289.230010986328
"403","Garrett Whitlock","BOS",55.8271,176.3889,377.790008544922
"404","Shane Baz","TBR",19.9411,176.0538,208.100006103516
"405","Erick Fedde","CHW",25.5116,175.9299,384.130004882812
"406","Sean Bouchard","COL",100.015,175.624976769,586.099975585938
"407","Kyle Isbel","KCR",99.549,175.09661771,528.25
"408","J.D. Davis","SFG",109.816,174.42858706,434.290008544922
"409","Chris Taylor","LAD",109.29,174.345711404,387.019989013672
"410","Jordan Wicks","CHC",23.0886,173.7843,451.850006103516
"411","Ryan Jeffers","MIN",102.64,173.097132248,247.729995727539
"412","C.J. Cron","",82.2146,172.283456014,552.210021972656
"413","Eddie Rosario","",93.5672,171.811543723,477.690002441406
"414","Justin Lawrence","COL",61.7194,170.52455,376.25
"415","Kevin Kiermaier","TOR",107.314,169.4376371,528.539978027344
"416","Adam Duvall","",90.6095,168.861223812,414.079986572266
"417","José Urquidy","HOU",35.9343,167.9573415,480.579986572266
"418","Mike Clevinger","",22.4083,167.2552,422.019989013672
"419","A.J. Puk","MIA",58.5079,166.8841,386.25
"420","Brett Baty","NYM",109.368,166.73663612,366.709991455078
"421","Ryan Pressly","HOU",60.275,166.6762,298.559997558594
"422","Reynaldo López","ATL",57.9749,165.79735,468.420013427734
"423","Andrew Nardi","MIA",63.6369,165.6661,520.349975585938
"424","Edward Olivares","PIT",82.1771,165.554450664,441.559997558594
"425","Trent Grisham","NYY",93.5151,165.546769842,531.150024414062
"426","A.J. Minter","ATL",63.001,165.4488,458.269989013672
"427","Héctor Neris","CHC",64.2753,165.3535,430.649993896484
"428","Michael Busch","CHC",100.567,165.34676892,345.170013427734
"429","Junior Caminero","TBR",75.2436,165.170822455,244.789993286133
"430","Will Smith","KCR",60.8781,164.0999,307.769989013672
"431","Connor Joe","PIT",91.1254,164.0588128,613.059997558594
"432","Alex Wood","OAK",24.7864,164.042,550.710021972656
"433","Aroldis Chapman","PIT",58.2944,164.02105,380.230010986328
"434","Erik Swanson","TOR",59.2594,163.6834,513.169982910156
"435","James McArthur","KCR",56.6217,163.63385,346.670013427734
"436","Mauricio Dubón","HOU",85.627,163.569779788,488.790008544922
"437","Kevin Ginkel","ARI",61.2781,163.30835,464.149993896484
"438","Yan Gomes","CHC",97.5422,163.27144075,357.600006103516
"439","Robbie Grossman","",96.3725,163.259063435,750.75
"440","Aaron Hicks","LAA",97.1641,163.04828505,618.97998046875
"441","Tyler Wells","BAL",38.0616,162.61311,349.170013427734
"442","Nicky Lopez","CHW",109.428,162.464145568,621.72998046875
"443","Anthony DeSclafani","MIN",30.2904,162.1046,536.650024414062
"444","Nick Madrigal","CHC",84.2615,162.06349196,665.960021972656
"445","Michael Kopech","CHW",25.5888,161.37325,481.769989013672
"446","Adrian Houser","NYM",30.0712,161.3357,535.309997558594
"447","Nick Senzel","WSN",98.3306,161.173985583,419.190002441406
"448","Adam Frazier","KCR",84.5518,161.057709427,600.330017089844
"449","Austin Wells","NYY",88.7291,160.803880423,303.230010986328
"450","Brenton Doyle","COL",125.426,160.59617332,400.440002441406
"451","Alex Cobb","SFG",16.1736,160.41305,473.769989013672
"452","David Robertson","TEX",57.3481,160.2242,316.350006103516
"453","Joshua Palacios","PIT",91.147,159.940107942,589.309997558594
"454","Luke Raley","SEA",105.39,159.41796522,334
"455","Randy Vásquez","SDP",21.2171,159.1724,562.190002441406
"456","Matt Strahm","PHI",58.8149,158.6197,487.850006103516
"457","Manuel Margot","MIN",78.6445,158.46798774,657.5
"458","Mike Tauchman","CHC",89.1935,158.438606907,643.039978027344
"459","Max Scherzer","TEX",12.8696,157.92235,307.059997558594
"460","Isiah Kiner-Falefa","TOR",92.5716,157.522643275,533.5
"461","Liover Peguero","PIT",104.868,157.501159176,392.980010986328
"462","Pete Crow-Armstrong","CHC",109.334,157.14609408,360.290008544922
"463","Michael Soroka","CHW",23.5834,156.264,528.349975585938
"464","Luis Medina","OAK",22.9992,155.84065,999
"465","Harold Ramírez","TBR",78.6966,155.599353296,596.789978027344
"466","Enrique Hernández","LAD",81.0447,155.452480472,597.650024414062
"467","Javier Assad","CHC",38.4356,155.20965,516.849975585938
"468","Gio Urshela","DET",81.9638,155.123397839,570.380004882812
"469","Jhony Brito","SDP",37.956,155.0611051,547.47998046875
"470","Mark Vientos","NYM",99.3373,155.003197253,518.400024414062
"471","Zach McKinstry","DET",93.1594,152.963804517,419
"472","Jeff Hoffman","PHI",57.9675,152.9297,447.100006103516
"473","Travis d'Arnaud","ATL",80.8744,151.692441756,387.459991455078
"474","Julian Merryweather","CHC",60.3352,151.0949,532.190002441406
"475","James Paxton","LAD",18.3262,150.86875,315.709991455078
"476","Brusdar Graterol","LAD",59.6,150.02875,418.380004882812
"477","Tristan Beck","SFG",30.3567,149.886,639.940002441406
"478","Michael Lorenzen","",21.7018,149.78728,529.669982910156
"479","Darell Hernaiz","OAK",87.7087,149.43249378,999
"480","Giovanny Gallegos","STL",58.5344,149.33655,541
"481","Hunter Goodman","COL",78.4528,149.258164632,420.480010986328
"482","Cavan Biggio","TOR",95.8936,149.241193728,452.209991455078
"483","Matt Manning","DET",22.8639,149.2052,438.75
"484","Will Brennan","CLE",77.5229,149.136907285,644.169982910156
"485","Jake Irvin","WSN",22.9561,148.2124,999
"486","Scott Barlow","CLE",62.8792,147.7372,472.380004882812
"487","Marco Luciano","SFG",116.598,147.72137587,999
"488","Patrick Wisdom","CHC",91.7831,147.515874513,545.47998046875
"489","Robert Gasser","MIL",21.64,147.42605,999
"490","Joey Gallo","WSN",108.936,147.355910174,530.150024414062
"491","Tyrone Taylor","NYM",84.7319,147.354842733,571.02001953125
"492","Dominic Fletcher","CHW",98.11,147.156573268,613.52001953125
"493","Patrick Corbin","WSN",27.5997,146.72905,719.669982910156
"494","Jonny DeLuca","TBR",94.0737,146.662779643,556
"495","Joey Ortiz","MIL",92.7493,146.156125048,435.019989013672
"496","Ryne Nelson","ARI",26.7007,146.1275,608.75
"497","Domingo Germán","",16.6977,145.26735,545.349975585938
"498","Brandon Belt","",77.0986,145.072245512,548.97998046875
"499","Johan Rojas","PHI",90.3607,145.020010064,361.420013427734
"500","Joe Boyle","OAK",25.0921,144.3058,437.670013427734
"501","Abraham Toro","OAK",94.621,143.766258964,672.27001953125
"502","Garrett Cooper","",88.5441,143.741345832,607.289978027344
"503","Michael A. Taylor","",96.6813,143.523561749,572.630004882812
"504","Marco Gonzales","PIT",25.9038,142.89855,605.22998046875
"505","Luis Urías","SEA",89.061,142.852731552,553.940002441406
"506","Victor Robles","WSN",97.0433,142.73538718,573.630004882812
"507","Joel Payamps","MIL",60.6064,142.11215,524.099975585938
"508","Patrick Bailey","SFG",104.85,141.806822149,999
"509","Aaron Ashby","MIL",33.1858,141.6079277,408
"510","Joe Jiménez","ATL",60.6115,141.38315,669.460021972656
"511","Luis Matos","SFG",66.8272,140.498814075,463.649993896484
"512","Jesse Winker","",76.2695,140.263954644,726.22998046875
"513","Seranthony Domínguez","PHI",59.7105,140.151,658.22998046875
"514","Yimi García","TOR",58.6697,139.89275,724.789978027344
"515","Tylor Megill","NYM",33.3023,139.8391,546.059997558594
"516","Jake Meyers","HOU",95.6175,139.800298268,575.099975585938
"517","Colin Poche","TBR",59.5643,139.6938,640.440002441406
"518","Mickey Moniak","LAA",94.5168,139.421694322,422.309997558594
"519","Nick Fortes","MIA",90.1063,138.770048804,487.040008544922
"520","Jordan Lawlar","ARI",83.7848,138.064323373,317.670013427734
"521","Jake Rogers","DET",97.3884,137.64682037,330.209991455078
"522","Chris Martin","BOS",58.6136,136.9433,453.980010986328
"523","Jordan Lyles","KCR",30.958,136.87925,748.380004882812
"524","Trevor Megill","MIL",52.7996,136.49405,685.400024414062
"525","Ezequiel Duran","TEX",81.9079,136.4838792,344.690002441406
"526","Gavin Sheets","CHW",78.0716,136.325219764,685.349975585938
"527","Trevor Stephan","CLE",60.4883,135.8653,728.289978027344
"528","Taylor Rogers","SFG",57.3938,135.76135,690.419982910156
"529","Casey Mize","DET",18.166,135.5603,461.540008544922
"530","Jason Foley","DET",60.1831,135.4575,473.019989013672
"531","Elvis Andrus","",74.9785,135.39176434,703.190002441406
"532","John Schreiber","KCR",57.9087,135.328,718.650024414062
"533","Gregory Soto","PHI",64.0277,135.05725,607.27001953125
"534","Bailey Falter","PIT",37.8819,135.01325,725.400024414062
"535","Abner Uribe","MIL",57.8605,134.42555,489.459991455078
"536","Joey Votto","",80.072,134.20081048,689.940002441406
"537","Lucas Erceg","OAK",61.7465,134.1528,565.400024414062
"538","Santiago Espinal","TOR",78.7301,133.636944519,739.169982910156
"539","José Caballero","TBR",86.4729,133.5043947,392.829986572266
"540","Brock Stewart","MIN",54.7296,133.50425,632.960021972656
"541","Shawn Armstrong","TBR",55.766,133.1854,748.5
"542","JoJo Romero","STL",50.2901,132.8918,679.25
"543","Randal Grichuk","ARI",71.869,132.83847509,601.460021972656
"544","Emilio Pagán","CIN",61.6938,132.57415,662.900024414062
"545","Kyle Freeland","COL",28.0522,132.562,739.77001953125
"546","David Peterson","NYM",25.9837,132.52055,646.72998046875
"547","Brandon Crawford","",81.1866,132.31616108,750.77001953125
"548","Alex Vesia","LAD",56.6015,131.64515,734.539978027344
"549","Stone Garrett","WSN",86.6505,131.367325782,498.649993896484
"550","Griffin Jax","MIN",54.3042,131.27425,525.330017089844
"551","Akil Baddoo","DET",77.7713,130.734466227,699.059997558594
"552","Aaron Bummer","ATL",57.6867,130.52145,743.900024414062
"553","Ian Hamilton","NYY",52.2096,130.0254,719.190002441406
"554","Josh Rojas","SEA",81.6624,129.879820496,486.5
"555","Ceddanne Rafaela","BOS",74.1661,129.805221912,378.880004882812
"556","Gregory Santos","SEA",58.1249,129.7891,999
"557","Pierce Johnson","ATL",57.5055,129.6988,657.97998046875
"558","Andy Ibáñez","DET",69.4739,129.685441834,683.77001953125
"559","Adam Ottavino","NYM",61.3217,129.6754,626.210021972656
"560","Josh Sborz","TEX",56.3378,129.5136,576.419982910156
"561","Austin Gomber","COL",25.9346,129.4426,748.309997558594
"562","Orion Kerkering","PHI",51.6707,129.24675,999
"563","Drew Waters","KCR",86.7431,127.612362862,477.440002441406
"564","Miguel Rojas","LAD",69.3786,127.157004977,737.919982910156
"565","Connor Wong","BOS",100.823,126.87256995,335.290008544922
"566","Joe Kelly","LAD",53.7416,126.74285,741.440002441406
"567","Cal Quantrill","COL",26.4295,126.42975,710.400024414062
"568","Tyler Kinley","COL",58.8174,126.31755,514.559997558594
"569","Jean Segura","CLE",65.2276,126.084695286,744.599975585938
"570","Will Vest","DET",57.5639,125.9847,716.5
"571","Garrett Crochet","CHW",51.5761,125.977995,552.039978027344
"572","Mark Leiter Jr.","CHC",56.3867,125.8284,730.190002441406
"573","Tyler Black","MIL",63.9675,125.749936368,999
"574","Phil Maton","TBR",58.5885,125.707455,731.809997558594
"575","Sam Hentges","CLE",56.5086,125.54402,750.380004882812
"576","Caleb Ferguson","NYY",57.4172,125.3979,738.080017089844
"577","Woo-Suk Go","SDP",57.2901,125.2858,999
"578","Brooks Raley","NYM",60.8704,124.5868,744
"579","Garrett Mitchell","MIL",84.721,123.541014296,383.600006103516
"580","Dany Jiménez","OAK",52.9244,123.535,577.210021972656
"581","Kirby Yates","TEX",58.8758,123.35635,566.5
"582","Enyel De Los Santos","SDP",60.5629,123.281235,740.669982910156
"583","Caleb Thielbar","MIN",53.3703,123.06774,746.349975585938
"584","Chad Green","TOR",48.2281,122.5257,695.650024414062
"585","Yasmani Grandal","PIT",80.289,122.51644534,566.059997558594
"586","Donovan Solano","",78.8546,122.243776621,722.039978027344
"587","Trevor Williams","WSN",33.2559,122.005224,749.710021972656
"588","Jordan Diaz","OAK",75.9928,121.56887555,550.849975585938
"589","Drew Smyly","CHC",44.3828,121.3833,622.789978027344
"590","Brock Burke","TEX",53.9605,121.35355,749.940002441406
"591","Dauri Moreta","PIT",52.4927,121.28235,728.900024414062
"592","Tim Mayza","TOR",61.3409,120.86829,749.27001953125
"593","Gary Sánchez","MIL",69.023,120.85696164,374.25
"594","Yariel Rodriguez","TOR",42.3523,119.98445,999
"595","Dominic Canzone","SEA",65.026,119.914927116,674.97998046875
"596","Clayton Kershaw","LAD",10.0417,119.63405,437.880004882812
"597","Zack Greinke","",18.3005,119.40755,748.130004882812
"598","Ryan Walker","SFG",51.2517,119.33706,744.789978027344
"599","David Peralta","",67.4058,118.90606187,999
"600","Lawrence Butler","OAK",80.3946,118.888181138,645.460021972656
"601","Andrew Chafin","DET",59.3683,118.3516,740.47998046875
"602","Kyle Farmer","MIN",73.3514,118.21283609,473.149993896484
"603","Danny Coulombe","BAL",56.3046,118.10025,742.400024414062
"604","Joe Ross","MIL",25.3225,117.8098,667.190002441406
"605","Ramón Urías","BAL",77.831,117.568327,697.900024414062
"606","Aledmys Díaz","OAK",77.9611,117.549706213,737.900024414062
"607","Max Meyer","MIA",15.7119,117.50305,429.230010986328
"608","Gabe Speier","SEA",57.741,117.39242,745.440002441406
"609","Alec Burleson","STL",59.8862,116.870117102,632.27001953125
"610","Hoby Milner","MIL",60.1025,116.646975,746.809997558594
"611","Matt Moore","LAA",50.9061,116.5748,713.809997558594
"612","Avisaíl García","MIA",80.8755,116.403380732,671.059997558594
"613","Roansy Contreras","PIT",40.3022,116.045569,648.960021972656
"614","René Pinto","TBR",104.762,116.007913432,368.269989013672
"615","Tommy Kahnle","NYY",50.9971,115.7548,694.47998046875
"616","Jake McCarthy","ARI",63.3045,115.24871305,427.290008544922
"617","Tyler Rogers","SFG",63.9129,114.9549,729.130004882812
"618","Paul DeJong","CHW",92.611,114.892211578,594.059997558594
"619","Heston Kjerstad","BAL",67.5612,114.652013052,499.059997558594
"620","Andruw Monasterio","MIL",71.5262,114.23198435,644.080017089844
"621","Ji Hwan Bae","PIT",69.7787,114.070154832,495.940002441406
"622","Tyler Holton","DET",50.5828,114.06358,719.400024414062
"623","Josh Winckowski","BOS",54.1079,113.68565,670.539978027344
"624","Chris Stratton","KCR",60.3428,113.33455,749.080017089844
"625","Eli Morgan","CLE",50.0604,113.310245,999
"626","Ryan Brasier","LAD",55.8415,113.045015,742.330017089844
"627","Colin Holderman","PIT",58.3433,112.79,745.849975585938
"628","Sawyer Gipson-Long","DET",26.6765,112.765,414.100006103516
"629","José Soriano","LAA",55.895,112.53961,999
"630","Scott McGough","ARI",51.6567,112.44875,750.210021972656
"631","Andrew Kittredge","STL",49.4923,112.08385,663.52001953125
"632","James Karinchak","CLE",48.2849,111.92215,745.919982910156
"633","Miguel Andujar","OAK",59.0713,111.848858505,674.77001953125
"634","Nick Gordon","MIA",68.8736,111.49305146,607.460021972656
"635","Luis L. Ortiz","PIT",23.5759,111.1889,688.5
"636","Taylor Walls","TBR",73.8082,111.090085518,526.150024414062
"637","Tanner Rainey","WSN",51.7503,110.48875,696.960021972656
"638","Luke Jackson","SFG",56.2267,110.331085,999
"639","Rafael Montero","HOU",55.314,110.240195,999
"640","Joey Wendle","NYM",80.0916,110.083927825,734.25
"641","Shelby Miller","DET",46.7528,109.61865,503
"642","Daniel Lynch IV","KCR",23.3482,108.89955,723.5
"643","Christian Bethancourt","MIA",75.7556,108.898017168,470.149993896484
"644","Miguel Vargas","LAD",52.8193,108.832227051,492.829986572266
"645","Cole Irvin","BAL",34.4224,108.77355,638.47998046875
"646","Lucas Sims","CIN",55.7766,108.1654,612.400024414062
"647","Prelander Berroa","CHW",46.4951,108.14575,546.77001953125
"648","Josh Donaldson","",59.0328,107.958697193,745.710021972656
"649","Tom Cosgrove","SDP",53.8333,107.646915,750.830017089844
"650","Nick Sandlin","CLE",55.9835,107.5162845,999
"651","Jose Trevino","NYY",72.3739,107.474938926,541.52001953125
"652","Christian Vázquez","MIN",75.112,107.445447764,517.52001953125
"653","Cody Bradford","TEX",31.4975,106.97305,667.77001953125
"654","Trevor Gott","OAK",58.2784,106.1674,714.349975585938
"655","Hayden Wesneski","CHC",29.3147,106.1175,552.960021972656
"656","Emmanuel Rivera","ARI",59.9002,105.850176352,746.919982910156
"657","Joey Wiemer","MIL",69.5778,105.815974369,524.460021972656
"658","Ildemaro Vargas","WSN",60.1573,105.620698255,999
"659","Pedro Avila","SDP",22.435,105.6019,712.349975585938
"660","DJ Stewart","NYM",68.8593,105.558062819,639.190002441406
"661","Matt Waldron","SDP",15.618,105.28465,749.960021972656
"662","Jared Triolo","PIT",65.2465,104.621173958,557.25
"663","Victor Caratini","HOU",67.7031,104.532716848,537.47998046875
"664","Kolten Wong","",61.4355,104.52912616,747.919982910156
"665","Austin Slater","SFG",72.9852,104.29593196,744.22998046875
"666","Anthony Bender","MIA",48.8865,103.9897,721.919982910156
"667","Dominic Smith","",58.4202,103.751013295,736.47998046875
"668","Trevor Richards","TOR",44.7788,103.5892,746.72998046875
"669","Rob Refsnyder","BOS",63.4097,103.424943696,999
"670","Steven Okert","MIN",50.2613,103.34347,999
"671","Miguel Castro","ARI",56.7322,103.2128,750.710021972656
"672","Wandy Peralta","SDP",53.2359,103.17275,733.75
"673","Ryne Stanek","",52.4125,102.94941,999
"674","Collin McHugh","",41.8191,102.91355,999
"675","Chris Flexen","CHW",25.1435,102.87238,736.190002441406
"676","Steven Wilson","SDP",51.6024,102.573105,999
"677","Jordan Weems","WSN",56.9422,102.4554155,999
"678","Touki Toussaint","CHW",30.3118,102.30745,746.809997558594
"679","Ryan Feltner","COL",19.9077,101.8994,749.830017089844
"680","Luis García","LAA",58.2034,101.881515,999
"681","John McMillon","KCR",50.6276,101.8774,651.349975585938
"682","Drew Smith","NYM",54.2005,101.54175,999
"683","Jonathan Loáisiga","NYY",46.5411,101.2883,676.47998046875
"684","José Azocar","SDP",92.7614,101.227370368,693.710021972656
"685","Tanner Banks","CHW",47.3301,101.18812,999
"686","Tommy Henry","ARI",23.762,101.13055,732.559997558594
"687","Cionel Pérez","BAL",57.2222,100.96474,999
"688","Garrett Cleavinger","TBR",43.6015,100.908468,750.710021972656
"689","Jackson Merrill","SDP",51.028,100.827539707,999
"690","Sam Moll","CIN",54.562,100.77034,999
"691","Ryan Thompson","ARI",51.58,100.516535,999
"692","Ryan Borucki","PIT",49.9523,100.49525,750.400024414062
"693","Drew Thorpe","SDP",11.1148,100.2682,999
"694","Peter Lambert","COL",27.9219,99.74,999
"695","Emerson Hancock","SEA",28.4069,99.5614500000001,999
"696","Ryan Yarbrough","LAD",32.9156,99.434575,626.309997558594
"697","Carson Kelly","DET",73.5493,99.16420178,679.289978027344
"698","Mason Black","SFG",29.6583,99.12825,999
"699","Andrew Saalfrank","ARI",52.1243,98.31462,999
"700","Quinn Priester","PIT",21.7492,98.24925,730.059997558594
"701","Gabriel Arias","CLE",78.0404,98.025282604,578.460021972656
"702","Justin Topa","MIN",54.7387,97.8538,738.690002441406
"703","Paul Skenes","PIT",10.4156,97.567,323.649993896484
"704","Ian Gibaut","CIN",54.5041,97.3523,749.849975585938
"705","Jake Diekman","NYM",53.253,97.236685,999
"706","Jesse Chavez","CHW",47.4548,97.2234,739.960021972656
"707","Lenyn Sosa","CHW",63.4825,96.248534343,740.25
"708","Tyler Soderstrom","OAK",81.3549,96.218819553,494.149993896484
"709","Fernando Cruz","CIN",42.6317,96.1631,733.330017089844
"710","AJ Pollock","",54.5292,96.065468729,999
"711","JT Chargois","MIA",53.7586,95.94257,999
"712","Ken Waldichuk","OAK",21.43,95.849819,746.630004882812
"713","Jorge Mateo","BAL",60.4039,95.248553016,518.599975585938
"714","Daniel Hudson","LAD",33.779,95.19485,748.690002441406
"715","Bennett Sousa","HOU",48.4487,95.192165,999
"716","Jo Adell","LAA",68.9018,95.104445602,568.830017089844
"717","Yuli Gurriel","",50.972,95.049227085,999
"718","Génesis Cabrera","TOR",54.1243,94.84469395,999
"719","Robbie Ray","SFG",11.7338,94.80415,541.900024414062
"720","Jake Bird","COL",58.632,94.58095,999
"721","Robert Garcia","WSN",48.6679,94.3569225,999
"722","Huascar Brazoban","MIA",48.1853,94.1852785,999
"723","Freddy Fermin","KCR",54.1314,93.990025215,408.980010986328
"724","Miguel Amaya","CHC",70.4454,93.728133294,460
"725","Nick Anderson","KCR",49.4467,93.7097,564.97998046875
"726","Tony Kemp","CIN",51.3966,93.57717029,749.190002441406
"727","Jake Bauers","MIL",66.1326,93.23629994,630.650024414062
"728","Bryse Wilson","MIL",41.565,93.074615,999
"729","Dylan Floro","WSN",53.797,92.98455,749.190002441406
"730","Huascar Ynoa","ATL",26.6015,92.8328,693.599975585938
"731","Kevin Kelly","TBR",44.1623,92.595325,999
"732","Raimel Tapia","",59.5625,92.204762146,999
"733","Brennan Bernardino","BOS",52.0645,92.094209,999
"734","Brent Suter","CIN",53.8677,92.01856,750.599975585938
"735","Chris Devenski","TBR",45.9477,91.9077185,750.809997558594
"736","Zack Thompson","STL",29.0939,91.789519,630.52001953125
"737","Jacob Webb","BAL",50.6633,91.466695,999
"738","Evan Longoria","",58.558,91.359819609,999
"739","Buck Farmer","CIN",55.5494,91.315145,750.309997558594
"740","Kody Funderburk","MIN",36.669,91.21352,749.27001953125
"741","Trevor Bauer","",8.04929,91.0278,523.039978027344
"742","Drew Rasmussen","TBR",19.714,90.96845,634.47998046875
"743","Jeffrey Springs","TBR",12.7428,90.93375,499.559997558594
"744","AJ Smith-Shawver","ATL",23.8889,90.77165,423.690002441406
"745","Keynan Middleton","STL",44.7571,90.73644,750.349975585938
"746","Brandon Williamson","CIN",20.9099,90.62185,999
"747","Trent Thornton","SEA",45.9379,90.27155,999
"748","Nick Allen","OAK",67.5269,90.061823554,748.039978027344
"749","Joe Mantiply","ARI",51.9163,90.039665,999
"750","Carter Kieboom","WSN",62.0482,89.982386392,748.169982910156
"751","Tayler Saucedo","SEA",53.0328,89.825645,999
"752","Kai-Wei Teng","SFG",29.8128,89.7399,999
"753","Blake Treinen","LAD",45.2373,89.587145,728.289978027344
"754","Jorge López","NYM",48.0708,89.5747,750.72998046875
"755","Phil Bickford","NYM",47.4244,89.09063,999
"756","Edmundo Sosa","PHI",62.4284,89.08083309,746.919982910156
"757","Miguel Díaz","DET",47.1798,88.391946,999
"758","José Suarez","LAA",32.1438,88.38405,740.5
"759","Omar Narváez","NYM",63.7808,87.88621598,727.210021972656
"760","Estevan Florial","CLE",65.5155,87.870252489,621.77001953125
"761","Trevor Larnach","MIN",60.0171,87.764357784,740.789978027344
"762","Dakota Hudson","COL",25.2091,87.47995,750.169982910156
"763","Taylor Clarke","MIL",48.493,87.40801,999
"764","J.P. Feyereisen","LAD",41.2207,87.355655,999
"765","Curtis Mead","TBR",45.3774,87.3391888,491.959991455078
"766","Jose Cuas","CHC",53.1475,87.233755,999
"767","Ray Kerr","ATL",43.5991,86.709,999
"768","Dillon Tate","BAL",46.282,86.4339,749.789978027344
"769","Oswald Peraza","NYY",54.7825,85.35001145,532.380004882812
"770","Carmen Mlodzinski","PIT",47.3285,85.333755,999
"771","Owen Miller","MIL",52.2979,85.31629111,674.400024414062
"772","Adalberto Mondesi","",53.658,85.28629337,580.460021972656
"773","Greg Weissert","BOS",44.3797,85.0391195,749.27001953125
"774","Colson Montgomery","CHW",51.9359,85.034850171,999
"775","Zach Jackson","OAK",41.9832,84.8981,999
"776","Ron Marinaccio","NYY",42.9408,84.64169,999
"777","Andre Pallante","STL",51.1509,84.6197255,999
"778","Ronel Blanco","HOU",39.5646,84.51735,750.880004882812
"779","Tom Murphy","SFG",55.4626,84.299156128,498.769989013672
"780","Tyler Alexander","TBR",32.4023,84.1418,701.080017089844
"781","Travis Jankowski","TEX",55.7223,84.057902493,736.539978027344
"782","Ricky Tiedemann","TOR",12.7807,83.79755,999
"783","Jonathan Hernández","TEX",48.4654,83.7898,750.75
"784","Kyle Higashioka","SDP",63.2696,83.256542345,590.059997558594
"785","Victor González","NYY",46.0047,83.2538305,999
"786","Jimmy Lambert","CHW",46.0127,83.23725,999
"787","Jasson Domínguez","NYY",42.189,83.190158482,433.579986572266
"788","Noah Syndergaard","",15.2908,83.08065,725.419982910156
"789","Daniel Vogelbach","TOR",43.7133,83.061090556,750.900024414062
"790","Connor Brogdon","PHI",43.3134,82.98118,999
"791","Dylan Lee","ATL",37.543,82.939912,999
"792","Kyle Nelson","ARI",46.625,82.815188,750.669982910156
"793","Ben Joyce","LAA",43.4443,82.70665,649.690002441406
"794","Elvis Peguero","MIL",47.4632,82.602025,999
"795","Shintaro Fujinami","NYM",46.9563,82.59644,744.940002441406
"796","Stuart Fairchild","CIN",61.8426,82.253795876,999
"797","Dylan Moore","SEA",63.0706,82.233407729,730.130004882812
"798","Matt Mervis","CHC",47.6756,82.066332508,551.809997558594
"799","Rich Hill","",13.4312,82.0203,999
"800","Xzavion Curry","CLE",34.159,82.01689,747.27001953125
"801","Xavier Edwards","MIA",45.8937,81.99479772,575.210021972656
"802","Michael Tonkin","NYM",38.784,81.768625,999
"803","Garrett Hampson","KCR",63.2857,81.735139517,688.47998046875
"804","Yency Almonte","CHC",44.8269,81.217275,999
"805","Carlos Hernández","KCR",48.5693,81.05156,750.52001953125
"806","Tyler Mahle","TEX",13.415,80.9814,641
"807","Kevin Pillar","",53.0527,80.926871629,999
"808","Matthew Liberatore","STL",29.2501,80.83965,688.169982910156
"809","Austin Voth","SEA",38.3204,80.77575,999
"810","Carlos Carrasco","",23.3798,80.7104,750.559997558594
"811","Daniel Palencia","CHC",40.9969,80.609603,750.080017089844
"812","José Cisnero","LAA",47.5116,80.57397,999
"813","Seth Martinez","HOU",42.1193,80.52755,999
"814","Jackson Rutledge","WSN",19.1777,80.1507,999
"815","Iván Herrera","STL",50.1083,79.451373836,444.790008544922
"816","Jonathan Aranda","TBR",51.1431,79.175784398,542.900024414062
"817","Bryan Shaw","",50.0184,79.0247,733.289978027344
"818","Luke Little","CHC",35.3935,78.7931,750.72998046875
"819","Bryan Baker","BAL",39.8813,78.50641,999
"820","Jose Miranda","MIN",41.0052,78.490002218,624.669982910156
"821","Jared Jones","PIT",11.1476,78.39345,999
"822","Zach Plesac","LAA",24.9019,78.12855,750.75
"823","Reese McGuire","BOS",71.2546,77.991133712,718.289978027344
"824","Jakob Marsee","SDP",42.1892,77.970345807,999
"825","Ben Lively","CLE",33.9006,77.8235,747.650024414062
"826","George Soriano","MIA",41.88,77.639325,999
"827","Eduardo Escobar","",48.651,77.59398558,719
"828","Alex Faedo","DET",33.3157,77.56105,710.630004882812
"829","Scott Alexander","OAK",47.9656,77.52774,999
"830","Clayton Beeter","NYY",22.5723,77.37405,999
"831","Slade Cecconi","ARI",25.0699,77.3686,744.630004882812
"832","Grant Anderson","TEX",38.7881,77.355249,999
"833","Mike Baumann","BAL",39.6339,77.1257075,999
"834","Martín Maldonado","CHW",81.4653,77.123220579,648.77001953125
"835","Beau Brieske","DET",40.2563,77.06467,999
"836","Scott Effross","NYY",34.7685,76.9601,706.52001953125
"837","Josh Smith","TEX",51.8542,76.628754888,737.960021972656
"838","Chris Murphy","BOS",24.6039,76.25502,999
"839","Bobby Dalbec","BOS",67.4978,76.146260715,725.960021972656
"840","Brad Boxberger","",44.0498,76.079915,999
"841","Richie Palacios","TBR",42.2508,75.896802046,577.190002441406
"842","Eric Lauer","",10.2613,75.7068,730.539978027344
"843","Nick Nastrini","CHW",13.668,75.6622,999
"844","Cade Cavalli","WSN",18.8961,75.5615,646.330017089844
"845","Lance McCullers Jr.","HOU",11.5561,75.18025,676.710021972656
"846","Jonathan Schoop","",50.9458,75.110154506,999
"847","Nick Gonzales","PIT",56.3553,74.83522009,999
"848","Sixto Sánchez","MIA",32.1604,74.66705,738.669982910156
"849","Alex Call","WSN",43.7388,74.618127058,750.27001953125
"850","Luke Maile","CIN",62.0209,74.56501598,725.150024414062
"851","Keegan Akin","BAL",33.9541,74.477405,999
"852","Nick Mears","COL",51.2291,74.2836285,999
"853","Nate Pearson","TOR",32.9863,74.203345,737.830017089844
"854","Bowden Francis","TOR",26.1464,74.098285,735.039978027344
"855","Corey Dickerson","",46.6724,73.821237566,999
"856","Michael Grove","LAD",27.4908,73.8001,606.059997558594
"857","Jacob deGrom","TEX",4.78499,73.48328,428.850006103516
"858","James McCann","BAL",57.971,73.055815202,665.380004882812
"859","Sean Newcomb","OAK",39.3826,73.01216,999
"860","Max Stassi","CHW",60.2401,72.930066918,629.27001953125
"861","Enmanuel Valdez","BOS",41.8522,72.883449553,702.880004882812
"862","Joan Adon","WSN",37.2034,72.7687,999
"863","Jay Jackson","MIN",34.9944,72.617537,999
"864","Luke Weaver","NYY",30.085,72.54055,736.650024414062
"865","Justin Foscue","TEX",36.8416,72.06648888,999
"866","Jared Walsh","",62.7772,72.021248772,746.75
"867","Brad Hand","",43.5151,71.88625,999
"868","Joey Lucchesi","NYM",18.7828,71.65105,713.460021972656
"869","Jalen Beeks","COL",43.3192,71.63999,999
"870","Ethan Small","SFG",37.5431,71.36533,999
"871","Andrew Knizner","TEX",50.1403,71.354934993,662.289978027344
"872","Andrew Wantz","LAA",37.665,71.22667,999
"873","Oswaldo Cabrera","NYY",46.9291,71.129712356,740.330017089844
"874","Daniel Bard","COL",48.4719,70.4626,734.210021972656
"875","Gavin Stone","LAD",21.962,70.32758,495.579986572266
"876","John King","STL",44.4214,70.312825,999
"877","Nick Robertson","STL",33.656,69.9182,999
"878","Sean Reid-Foley","NYM",35.5037,69.58375,999
"879","Erik Miller","SFG",39.2391,69.5645,999
"880","Isaiah Campbell","BOS",34.4609,69.5509275,750.710021972656
"881","Adrian Morejon","SDP",28.919,69.4631,746.97998046875
"882","Jacob Stallings","COL",53.6199,69.321381132,712.380004882812
"883","Brandon Bielak","HOU",30.9724,69.0982,739.190002441406
"884","Spencer Turnbull","PHI",23.6619,69.08435,692.599975585938
"885","Jace Peterson","ARI",45.7895,69.05726294,747.150024414062
"886","Brian Anderson","",48.8462,68.943801624,750.630004882812
"887","Gavin Hollowell","COL",42.6508,68.83865,999
"888","Amir Garrett","",43.269,68.665595,999
"889","Aaron Loup","",44.8696,68.604355,999
"890","Jake Odorizzi","TEX",10.0979,68.3621,750.080017089844
"891","Riley O'Brien","STL",38.7416,68.1488,999
"892","Austin Barnes","LAD",50.9637,68.053677002,745.400024414062
"893","Angel Zerpa","KCR",24.5829,67.9806,999
"894","Tyler Matzek","ATL",38.2152,67.87734715,999
"895","Vidal Bruján","MIA",48.1924,67.833448601,643.5
"896","Ben Brown","CHC",21.0745,67.73375,999
"897","Joey Wentz","DET",34.5483,67.3901,750.809997558594
"898","Matt Thaiss","LAA",50.8469,67.357479672,679.349975585938
"899","Rougned Odor","",53.6894,67.227265208,999
"900","Drew VerHagen","",34.6038,67.14514,999
"901","Jordan Leasure","CHW",35.9296,66.86105,999
"902","Joey Estes","OAK",22.9647,66.6289,999
"903","David Fletcher","ATL",37.5389,66.600649328,999
"904","Tejay Antone","CIN",36.7806,66.587975,741.039978027344
"905","Kyle Muller","OAK",39.0602,66.2904,750.080017089844
"906","Alex Young","CIN",42.051,66.272345,999
"907","Manuel Rodríguez","TBR",28.438,66.18195,999
"908","Oscar Colás","CHW",47.6519,66.138417221,577.330017089844
"909","Michael Fulmer","",32.8372,65.99605,750
"910","Austin Meadows","",28.683,65.75408196,999
"911","Cody Morris","NYY",31.2206,65.46285,750.039978027344
"912","Matt Carpenter","STL",44.4475,65.160312954,750.690002441406
"913","Kole Calhoun","",44.4565,65.132790984,999
"914","Kyle Hurt","LAD",20.5965,64.8254,587.599975585938
"915","Deivi García","CHW",47.4818,64.8219,746.880004882812
"916","Derek Law","",43.4138,64.803265,999
"917","Jake Latz","TEX",31.757,64.7828,999
"918","Nick Ramirez","NYY",33.9051,64.55043,999
"919","Josh Staumont","MIN",34.9462,64.484655,999
"920","Deyvison De Los Santos","CLE",49.5049,64.10248138,999
"921","Jose Hernandez","PIT",37.8735,64.0774,999
"922","Trey Mancini","MIA",42.8515,64.005632912,738.47998046875
"923","Yunior Marte","PHI",39.0097,63.774345,999
"924","Justin Slaten","NYM",36.6916,62.71205,999
"925","Johnny Cueto","",10.2069,62.66695,999
"926","Nick Pratto","KCR",54.9385,62.541279256,708.400024414062
"927","Jose A. Ferrer","WSN",41.7833,62.4421,999
"928","Alexander Canario","CHC",38.4013,61.95127063,734.169982910156
"929","Tim Hill","CHW",52.6357,61.83605,748.190002441406
"930","Corey Knebel","",25.9737,61.75825,715.460021972656
"931","Jimmy Herget","LAA",33.4306,61.49765,999
"932","Eduard Bazardo","SEA",29.2391,61.48535,999
"933","Matt Sauer","KCR",33.2424,61.45405,999
"934","Mike Moustakas","",41.7622,61.108295132,728.440002441406
"935","Davis Daniel","LAA",25.8483,60.84665,731.080017089844
"936","Kenny Rosenberg","LAA",15.307,60.79135,999
"937","Sam Haggerty","SEA",42.582,60.780344579,999
"938","Sean Hjelle","SFG",29.7341,60.6649,750.900024414062
"939","Colton Cowser","BAL",45.0831,60.634947904,524.349975585938
"940","Mitch Spence","OAK",29.6838,60.55363,999
"941","Jesse Scholtens","CHW",27.0942,60.4965715,999
"942","Bryan Hudson","MIL",27.5214,60.3661,999
"943","Mitch White","TOR",29.1896,60.328,999
"944","Jorge Alcala","MIN",34.2739,60.259,999
"945","Drew Rucinski","",16.0926,60.22645,999
"946","Colin Selby","PIT",36.9541,60.161196,999
"947","Adam Cimber","LAA",43.6997,60.07572,999
"948","Dylan Crews","WSN",44.6446,59.895553723,999
"949","Steven Cruz","KCR",38.8013,59.8937755,999
"950","Orelvis Martinez","TOR",35.5511,59.527403396,999
"951","Ryan Weathers","MIA",30.013,59.4989,740.52001953125
"952","Will Warren","NYY",16.679,59.41095,999
"953","Lucas Gilbreath","COL",40.5281,59.307575,999
"954","Harold Castro","",47.3215,59.280819528,999
"955","Riley Adams","WSN",49.6247,59.07287232,737.150024414062
"956","Alec Marsh","KCR",16.1014,59.0166,749.289978027344
"957","Luis Frías","ARI",32.7277,58.845765,999
"958","Hurston Waldrep","ATL",17.4904,58.61045,999
"959","Mason Thompson","WSN",39.9547,58.3734,999
"960","Freddy Tarnok","OAK",30.0549,58.18105,999
"961","Connor Phillips","CIN",16.8327,57.94545,612.52001953125
"962","Mychal Givens","",35.6244,57.7583,999
"963","Luis Gil","NYY",17.4286,57.6163,693.460021972656
"964","Nick Ahmed","SFG",44.668,57.542291388,999
"965","Eguy Rosario","SDP",42.1171,57.520060968,742.940002441406
"966","Pablo Reyes","BOS",35.5668,57.47168412,739.849975585938
"967","Bryan Mata","BOS",35.874,57.2061,999
"968","Alan Trejo","COL",39.9836,57.099532338,750.059997558594
"969","Tim Herrin","CLE",27.2368,56.98505,999
"970","Dylan Coleman","HOU",34.8438,56.7299485,999
"971","Joely Rodríguez","",37.0327,56.2816,999
"972","Daysbel Hernández","ATL",27.6831,56.1419305,999
"973","Marc Church","TEX",29.4383,56.00805,999
"974","Brooks Lee","MIN",31.5322,55.99389612,999
"975","Cristian Pache","PHI",52.084,55.939428592,750.77001953125
"976","Matt Duffy","TEX",54.4527,55.734084672,999
"977","Casey Schmitt","SFG",42.3802,55.72379006,669.22998046875
"978","José Buttó","NYM",21.6938,55.62165,720.809997558594
"979","Keegan Thompson","CHC",27.7538,55.547635,999
"980","Mike Ford","",35.6488,55.399871316,999
"981","Joey Cantillo","CLE",7.28783,55.2989,999
"982","Ryan Fernandez","STL",31.8894,55.2877,999
"983","Alek Jacob","SDP",27.3501,55.222077,999
"984","Braden Shewmake","CHW",44.7166,55.06513477,746.22998046875
"985","Michael Kelly","OAK",31.8898,54.96405,999
"986","Osvaldo Bido","OAK",22.1599,54.9594,999
"987","Dairon Blanco","KCR",37.0554,54.874931502,652.289978027344
"988","Tyler Freeman","CLE",32.34,54.823822676,730.919982910156
"989","Tucupita Marcano","SDP",36.3529,54.77984238,999
"990","Nick Loftin","KCR",31.0923,54.634589048,642.190002441406
"991","Jake Cave","PHI",40.3852,54.580684291,999
"992","Cooper Criswell","BOS",22.582,54.3248,999
"993","Angel Felipe","OAK",29.248,54.270435,999
"994","Cade Smith","CLE",27.5461,53.9131,999
"995","Bryce Jarvis","ARI",27.0247,53.57365,999
"996","Jared Shuster","CHW",14.2877,53.11495,737.77001953125
"997","Francisco Mejía","",38.1565,53.08548996,750.52001953125
"998","Miguel Sanó","LAA",30.9246,53.033758834,743.669982910156
"999","Sammy Peralta","CHW",30.2829,53.02875,999
"1000","Mauricio Llovera","SEA",28.2905,52.87345,999
"1001","Yonny Chirinos","",21.21,52.6922,750.809997558594
"1002","Owen White","TEX",21.9987,52.64425,744.75
"1003","Parker Mushinski","HOU",26.7047,52.512745,999
"1004","Michael Stefanic","LAA",32.4578,52.309517248,750.52001953125
"1005","Jackson Kowar","SEA",34.5485,52.15805,999
"1006","Zach Davies","",14.6828,52.09795,999
"1007","Jacob Young","WSN",30.1459,52.052817296,684.419982910156
"1008","Jarlín García","",28.3324,51.710425,999
"1009","Dominic Leone","",32.2654,51.57614,999
"1010","Julio Teheran","",7.71195,51.4426,999
"1011","Cade Marlowe","SEA",45.8204,51.356040216,749.289978027344
"1012","Jon Singleton","HOU",37.5973,51.257793895,746.099975585938
"1013","Spencer Horwitz","TOR",29.8327,51.0508338176,741.849975585938
"1014","James Kaprielian","",8.50314,50.7792,999
"1015","Ty Madden","DET",16.8856,50.66445,999
"1016","Dylan Covey","PHI",32.4971,50.6137195,999
"1017","Thyago Vieira","MIL",25.2488,50.58985,999
"1018","Anthony Maldonado","MIA",25.4599,49.8262,999
"1019","Alex Jackson","TBR",42.3304,49.823560742,999
"1020","Nick Vespi","BAL",23.3163,49.787793,999
"1021","Andrés Machado","",26.7959,49.62771,999
"1022","Ty Adcock","SEA",24.914,49.2352325,999
"1023","Victor Vodnik","COL",30.1919,49.0435,999
"1024","Pavin Smith","ARI",27.6144,48.7965563664,999
"1025","Ji Man Choi","",32.4819,48.790102258,999
"1026","Bruce Zimmermann","BAL",17.9862,48.7528,749.460021972656
"1027","Matt Barnes","",32.0061,48.72989,999
"1028","Drew Rom","STL",25.7078,48.6955,999
"1029","Zack Kelly","BOS",30.5241,48.457851,999
"1030","Bryan Hoeing","MIA",30.0306,48.36515,999
"1031","Brandon Walter","BOS",10.1858,48.2024385,999
"1032","Otto Lopez","SFG",30.283,48.092025296,999
"1033","Cole Sands","MIN",24.832,47.9860225,999
"1034","Peter Strzelecki","ARI",26.536,47.920048,999
"1035","Anthony Bass","",26.4643,47.87297,999
"1036","Dustin May","LAD",14.8286,47.7319,671.650024414062
"1037","Justin Martinez","ARI",26.9791,47.448565,749.900024414062
"1038","Colby White","TBR",27.6499,47.05595,999
"1039","Josh Fleming","PIT",24.49,46.90235,999
"1040","Corey Julks","HOU",29.7731,46.7974402,744.789978027344
"1041","Luis Patiño","SDP",28.9995,46.70045,748.809997558594
"1042","Wil Myers","",33.242,46.66442695,999
"1043","Jake Alu","WSN",30.9419,46.575454296,750.130004882812
"1044","Thaddeus Ward","WSN",34.6923,46.564495,999
"1045","Adrián Martínez","OAK",33.4283,46.456,999
"1046","Zach McAllister","",29.5237,46.30365,999
"1047","Matthew Batten","SDP",43.1196,46.213074188,737.039978027344
"1048","Hanser Alberto","",30.4544,46.1905041518,999
"1049","Evan Justice","COL",33.881,46.0488,999
"1050","Brent Headrick","MIN",16.8676,45.919148,999
"1051","David Fry","CLE",37.3358,45.855206674,749.52001953125
"1052","Jesús Aguilar","",36.0736,45.826237146,999
"1053","Austin Hedges","CLE",56.2571,45.8144876,749.52001953125
"1054","Oscar Gonzalez","NYY",33.8299,45.614387803,750.599975585938
"1055","Josh Winder","MIN",24.2475,45.56458,999
"1056","Chayce McDermott","BAL",16.2073,45.55205,999
"1057","Daniel Duarte","",21.9139,45.54549,999
"1058","Cody Poteet","NYY",23.4232,45.48785,999
"1059","Vince Velasquez","PIT",7.78381,45.4411,999
"1060","Christian Arroyo","MIL",34.5332,45.331035375,999
"1061","Jacob Lopez","TBR",17.5582,45.29672,748.150024414062
"1062","Janson Junk","MIL",23.7,45.2664,999
"1063","Josh Simpson","MIA",24.8488,45.2398,999
"1064","Jeff Brigham","",26.1203,45.23821715,999
"1065","Luis F. Ortiz","PHI",24.423,45.0694805,999
"1066","Richard Bleier","WSN",34.4349,44.99723995,999
"1067","Jackson Stephens","ATL",21.8208,44.958405,999
"1068","JT Brubaker","PIT",18.1698,44.95836,999
"1069","Óscar Mercado","SDP",35.0515,44.905801292,999
"1070","Darius Vines","ATL",20.6672,44.84217,741
"1071","Josh Harrison","CIN",30.7799,44.80594253,999
"1072","Cal Mitchell","SDP",37.0779,44.78558214,749.349975585938
"1073","Yerry Rodríguez","TEX",24.8844,44.296323,999
"1074","Vinny Nittoli","OAK",25.2819,44.264075,999
"1075","Kyle Nicolas","PIT",24.6289,44.0012,999
"1076","Ryan Loutos","STL",30.7625,43.82605,999
"1077","Austin Adams","NYM",25.1765,43.57905,999
"1078","Carlos Vargas","SEA",27.0502,43.4504,999
"1079","Lou Trivino","NYY",22.9896,43.34459,999
"1080","Luis Garcia","HOU",4.34975,43.28822,723.809997558594
"1081","Garrett Stubbs","PHI",33.9173,42.992104474,748.460021972656
"1082","Glenn Otto","SDP",21.9294,42.9916,999
"1083","Andre Jackson","",12.3051,42.942695,999
"1084","Carson Spiers","CIN",22.6411,42.667725,999
"1085","Simeon Woods Richardson","MIN",14.3888,42.60205,740.309997558594
"1086","Kolby Allard","PHI",17.8729,42.594107,750.380004882812
"1087","Yohan Ramírez","NYM",22.6075,42.512345,999
"1088","Matt Bush","",23.3347,42.330595,999
"1089","Trey Wingenter","DET",24.6941,42.221555,999
"1090","Grant Hartwig","NYM",22.7937,42.2106,999
"1091","Michael Chavis","SEA",50.1673,42.12930833,999
"1092","Hogan Harris","OAK",21.3355,42.10185,999
"1093","Mick Abel","PHI",16.1753,42.0922,999
"1094","Brendan White","DET",23.486,42.04067,999
"1095","Michael Toglia","COL",30.7668,41.990101991,750.77001953125
"1096","Romy Gonzalez","BOS",37.7188,41.952655806,999
"1097","Josh Taylor","KCR",27.8768,41.78975,999
"1098","Calvin Faucher","MIA",28.911,41.576089,999
"1099","Carl Edwards Jr.","",24.4232,41.36239,999
"1100","Luke Voit","",29.4509,41.177954023,749.960021972656
"1101","Luis Guillorme","ATL",31.0177,41.1510347026,999
"1102","Kelvin Caceres","LAA",28.1453,40.9284,999
"1103","Andrew Bellatti","",22.865,40.758305,999
"1104","Shane Drohan","CHW",25.6532,40.57235,999
"1105","Jeremiah Estrada","SDP",23.7212,40.44918,749.289978027344
"1106","Jacob Misiorowski","MIL",19.0569,40.38,999
"1107","Juan Yepez","WSN",26.6024,40.365139998,698.080017089844
"1108","Tommy La Stella","",27.395,40.1498593595,999
"1109","Jordan Luplow","ATL",27.1111,39.3940104654,999
"1110","Erasmo Ramírez","TBR",19.1116,39.37696,999
"1111","Eric Haase","MIL",32.5995,39.30815825,696.210021972656
"1112","Michael Rucker","PHI",23.3093,39.2667055,999
"1113","Ryan Tepera","",23.0093,39.192655,999
"1114","Willie Calhoun","LAA",22.4736,39.0919924044,999
"1115","Forrest Wall","ATL",38.308,38.9840957267,999
"1116","Allan Winans","ATL",16.7756,38.9382,747.460021972656
"1117","Casey Legumina","CIN",25.1735,38.613965,999
"1118","Carson Coleman","TEX",22.1592,38.5449,999
"1119","Taylor Trammell","SEA",34.3711,38.491364227,999
"1120","Shawn Dubin","HOU",18.4281,38.32455,999
"1121","R.J. Dabovich","SFG",23.1748,38.25715,999
"1122","Guillermo Zuñiga","LAA",24.625,38.255105,999
"1123","Nick Nelson","PHI",17.4644,38.204061735,999
"1124","Gus Varland","LAD",23.4833,38.16195,999
"1125","Sam Bachman","LAA",24.8059,38.129113,999
"1126","Miles Mastrobuoni","CHC",27.5632,37.890606416,999
"1127","Cade Horton","CHC",4.9025,37.87903,999
"1128","Rodolfo Castro","PHI",27.9081,37.8668460722,999
"1129","Zach Pop","TOR",22.3371,37.50801,999
"1130","Nasim Nuñez","WSN",26.2137,37.3373747509,999
"1131","Nick Martini","CIN",22.885,37.3318420528,749.5
"1132","Jairo Iriarte","SDP",19.2832,37.309095,999
"1133","Jaime Barria","CLE",18.3847,37.25156,999
"1134","Tyler Duffey","",23.2136,37.049595,999
"1135","J.B. Bukauskas","MIL",20.0422,36.97277,999
"1136","Madison Bumgarner","",9.59618,36.9396,999
"1137","Luis Torrens","",43.6484,36.9293024344,999
"1138","Blake Sabol","SFG",29.919,36.7325104,514.099975585938
"1139","Forrest Whitley","HOU",20.9192,36.5734,999
"1140","Sam Coonrod","",31.266,36.48963,999
"1141","Elieser Hernández","",18.517,36.42655,999
"1142","Brent Honeywell","PIT",24.6013,36.20065,999
"1143","Mason Englert","DET",20.5427,35.88001,999
"1144","Oliver Ortega","HOU",19.1237,35.67062165,999
"1145","Rafael Ortega","CHW",30.5055,35.595810751,999
"1146","Carlos F. Rodriguez","MIL",4.44058,35.56735,999
"1147","Nathan Lukes","TOR",37.1054,35.5019054391,999
"1148","Cristian Mena","ARI",9.10548,35.3082,999
"1149","Justyn-Henry Malloy","DET",23.4029,35.2347959786,999
"1150","Troy Johnston","MIA",20.3435,35.1826442428,999
"1151","José Ruiz","PHI",21.0263,35.14526,999
"1152","Jackson Wolf","PIT",16.6279,35.07997,999
"1153","Zack Weiss","MIN",19.8681,35.03658,999
"1154","Diego Castillo","TEX",16.9311,35.02177,999
"1155","José Fermín","STL",20.0358,34.9816544264,999
"1156","Corbin Martin","ARI",22.9808,34.9529,999
"1157","Antoine Kelly","TEX",17.5951,34.896865,999
"1158","Wade Meckler","SFG",26.6656,34.745130333,747.710021972656
"1159","José Quijada","LAA",18.3495,34.72813,999
"1160","Randy Rodríguez","SFG",21.6945,34.59336,999
"1161","Sam Huff","TEX",28.3048,34.1217546585,633.25
"1162","Yosver Zulueta","TOR",20.568,34.09095,999
"1163","Jackie Bradley Jr.","",33.7844,34.061895655,999
"1164","Tucker Barnhart","ARI",42.2482,33.751342244,999
"1165","Hunter Gaddis","CLE",16.2821,33.6749,999
"1166","Matt Gage","LAD",19.1389,33.67325,999
"1167","James Wood","WSN",24.063,33.6612756761,999
"1168","Taylor Hearn","KCR",16.2745,33.635280805,999
"1169","Wes Parsons","TOR",18.1539,33.60166,999
"1170","Cade Povich","BAL",8.04016,33.5935,999
"1171","Dennis Santana","NYY",21.3426,33.586831885,999
"1172","Korey Lee","CHW",37.8976,33.582675184,677.960021972656
"1173","Franmil Reyes","",26.0289,33.5510593867,999
"1174","Sam Hilliard","BAL",30.8181,33.4328056764,750.789978027344
"1175","Jason Delay","PIT",35.6386,33.42661151,748.419982910156
"1176","Chad Kuhl","CHW",25.2133,33.373235,999
"1177","Ben Gamel","",24.457,33.3718838336,999
"1178","Spencer Howard","SFG",18.4413,33.35363,999
"1179","Amos Willingham","WSN",23.6538,33.11638,999
"1180","Shane Greene","TEX",12.815,32.824525,999
"1181","Brett Martin","",21.3271,32.65033,999
"1182","Codi Heuer","",20.0345,32.64901,999
"1183","Yu Chang","",29.8781,32.5103868426,999
"1184","Naoyuki Uwasawa","TBR",15.1278,32.49231,999
"1185","Cody Bolton","SEA",17.3842,32.43316,999
"1186","Luken Baker","STL",23.8109,32.35292796,715.440002441406
"1187","Denyi Reyes","NYM",17.6641,32.235615,999
"1188","Ernie Clement","TOR",19.5398,32.1833909456,999
"1189","Jake Brentz","KCR",25.5687,31.99757,999
"1190","Ty Blach","COL",22.3473,31.91478145,999
"1191","Chasen Shreve","TEX",20.987,31.90683,999
"1192","Wander Franco","TBR",10.7877,31.6610656608,739.789978027344
"1193","Joe Jacques","BOS",22.7914,31.5407955,999
"1194","Lane Ramsey","",25.1246,31.4811,999
"1195","Jovani Moran","MIN",14.3662,31.4392181,999
"1196","Austin Pruitt","TEX",21.2274,31.417214625,999
"1197","Brad Miller","TEX",27.2355,31.2200912616,999
"1198","Anthony Veneziano","KCR",13.7751,31.15505,750.710021972656
"1199","Cole Sulser","NYM",14.3162,31.122775,999
"1200","Ben Heller","PIT",19.2218,31.05555,999
"1201","Franchy Cordero","",26.5219,31.0201569782,999
"1202","Keider Montero","DET",18.1063,30.98684,999
"1203","Tyler Gentry","KCR",21.0559,30.9571148764,999
"1204","Blake Perkins","MIL",24.732,30.8261274012,999
"1205","Brad Keller","",9.80869,30.779601445,999
"1206","Stephen Kolek","SDP",19.4264,30.75397,999
"1207","Jacob Amaya","MIA",22.1014,30.7383995288,750.039978027344
"1208","Jonah Bride","MIA",21.3794,30.7226423278,999
"1209","Drew Carlton","SDP",13.8542,30.654225,999
"1210","Tony Santillan","CIN",24.2675,30.6264995,999
"1211","Liam Hendriks","BOS",10.9543,30.516815,735.22998046875
"1212","Anthony Molina","COL",20.5795,30.49056,999
"1213","Patrick Monteverde","MIA",15.036,30.46207,999
"1214","Mike Zunino","",30.2501,30.0929753488,999
"1215","Jake Cousins","CHW",16.2207,29.910105,999
"1216","Caleb Kilian","CHC",16.1249,29.85718,999
"1217","Tucker Davidson","BAL",21.0175,29.721255,999
"1218","Penn Murfee","ATL",16.5419,29.697565,999
"1219","Lyon Richardson","CIN",13.2517,29.672185,999
"1220","Angel Perdomo","ATL",12.304,29.56337,999
"1221","Jake Woodford","",19.211,29.50176,999
"1222","Nick Wittgren","",21.9553,29.47559,999
"1223","Seby Zavala","SEA",44.395,29.451536082,749.940002441406
"1224","Zack Short","NYM",26.2706,29.2459277876,750.849975585938
"1225","Nick Maton","BAL",21.6755,29.2157386414,999
"1226","Alfonso Rivas","STL",26.1529,29.1986197889,999
"1227","Danny Duffy","TEX",15.6243,29.070855,749.75
"1228","Jose Herrera","ARI",30.2231,28.8805761224,999
"1229","Tyson Miller","SEA",15.0953,28.833725,999
"1230","Clayton Andrews","NYY",16.1983,28.78385,999
"1231","Jonathan Heasley","BAL",18.5911,28.704025,999
"1232","Billy McKinney","PIT",24.4534,28.543381416,999
"1233","Austin Warren","SFG",16.5785,28.40881,999
"1234","Matt Bowman","",21.108,28.352255,999
"1235","Dane Myers","MIA",20.918,28.2728790216,999
"1236","Joe La Sorsa","WSN",17.9972,28.25088,999
"1237","Kaleb Ort","BAL",19.8714,28.24652675,999
"1238","Brandon Hughes","ARI",14.8856,28.159855,999
"1239","Kyle Crick","NYM",16.0456,28.12616,999
"1240","Garrett Hill","DET",16.7388,28.116615,999
"1241","Ian Anderson","ATL",7.78993,28.112615,745
"1242","Yoendrys Gómez","NYY",14.4305,28.09159,999
"1243","Danny Mendick","",22.9606,28.0353891725,999
"1244","Kyle Lewis","",19.1744,28.0044084942,999
"1245","Hunter Stratton","PIT",15.6934,27.947615,999
"1246","Brett Wisely","SFG",24.3446,27.864050184,999
"1247","Austin Nola","KCR",19.9007,27.724108732,999
"1248","Tyler Wade","SDP",37.3576,27.5901744045,999
"1249","Alex Speas","CHW",31.0209,27.57538,999
"1250","Mike Vasil","NYM",3.88765,27.54628,999
"1251","Mark Melancon","",18.1143,27.40796,999
"1252","Kolton Ingram","NYM",16.8017,27.336165,999
"1253","Ricky Vanasco","LAD",17.0678,27.14502,999
"1254","Jhonathan Diaz","",14.0028,27.100275,999
"1255","Kevin Newman","ARI",15.2393,27.0264445979,999
"1256","Dallas Keuchel","",6.75955,26.98295,999
"1257","David Villar","SFG",20.6716,26.9109613856,999
"1258","John Curtiss","",17.7498,26.843065,999
"1259","Jimmy Nelson","",18.5123,26.74174,999
"1260","Keston Hiura","",22.1004,26.7398029692,734.380004882812
"1261","Yasiel Puig","",15.1826,26.6700195624,999
"1262","Hunter Dozier","",19.209,26.5839971236,999
"1263","Kody Clemens","PHI",21.6625,26.5757457052,999
"1264","Andrew Vasquez","DET",16.2319,26.574095,999
"1265","Chase Hampton","NYY",3.82522,26.508215,999
"1266","Tyler Gilbert","CIN",9.50985,26.49147,999
"1267","Juan Brito","CLE",18.7431,26.4575030925,999
"1268","Chase De Jong","",11.452,26.35673505,999
"1269","Matt Koch","COL",24.6138,26.0507,999
"1270","Duane Underwood Jr.","NYY",17.6257,26.050135,999
"1271","Zach Remillard","",24.1763,26.0297365984,999
"1272","Josh Walker","NYM",16.2077,25.990485,999
"1273","Landon Knack","LAD",11.0541,25.890715,750.710021972656
"1274","Anthony Misiewicz","NYY",16.2133,25.887275,999
"1275","Curt Casali","MIA",26.1661,25.8404920828,999
"1276","Ryan Bliss","SEA",16.493,25.8365655496,999
"1277","Wil Crowe","",17.6325,25.74489,999
"1278","Sean Reynolds","SDP",19.1993,25.5854,999
"1279","Matt Festa","SDP",12.8449,25.542585,999
"1280","Wander Suero","HOU",15.5171,25.53274,999
"1281","Luis Perdomo","",18.8394,25.527475,999
"1282","McKinley Moore","NYY",15.9429,25.52348,999
"1283","Mason Montgomery","TBR",3.38739,25.34801,999
"1284","Austin Wynns","CIN",23.7496,25.32949866,750.559997558594
"1285","Matt Canterino","MIN",2.99956,25.32429,999
"1286","Trayce Thompson","NYM",30.4975,25.2736597275,999
"1287","Matt Krook","BAL",16.3993,25.162835,999
"1288","Julio Urías","LAD",2.21768,25.12776,706.130004882812
"1289","Leury García","ATL",18.1765,25.0690742165,999
"1290","Anthony Gose","CLE",11.8233,24.90554,999
"1291","Andrew Velazquez","ATL",34.009,24.877152596,999
"1292","Tyler Samaniego","PIT",17.8552,24.840945,999
"1293","Zach Brzykcy","WSN",15.6192,24.821255,999
"1294","Buddy Kennedy","STL",18.6877,24.8080916895,999
"1295","Adam Kloffenstein","STL",13.7177,24.79576,999
"1296","Wilmer Flores","DET",10.6529,24.77474,999
"1297","Tim Locastro","NYM",32.3552,24.7536204176,749.849975585938
"1298","Grae Kessinger","HOU",23.7135,24.7061094485,999
"1299","Richard Lovelady","",13.7146,24.6755335,999
"1300","Tirso Ornelas","SDP",16.3261,24.669386092,999
"1301","Collin Snider","SEA",23.1346,24.639785,999
"1302","Stephen Nogosek","",10.1597,24.6167,999
"1303","Trevor Brigden","TBR",13.4703,24.613815,999
"1304","Jose Barrero","CIN",24.6674,24.5922856084,999
"1305","Darin Ruf","",17.3945,24.5564293715,999
"1306","Jay Groome","SDP",9.16424,24.48115,999
"1307","Nabil Crismatt","LAD",14.1428,24.42041,999
"1308","David Festa","MIN",3.02099,24.28523,999
"1309","Braxton Ashcraft","PIT",14.0435,24.23387,999
"1310","Víctor Arano","WSN",13.4907,24.14597925,999
"1311","Lucas Luetge","BOS",14.1893,24.140735,999
"1312","Tommy Nance","SDP",12.9906,24.13408,999
"1313","Max Castillo","PHI",15.0024,24.07779,999
"1314","Ryan McKenna","BAL",27.4098,24.0702222915,999
"1315","J.P. Martínez","ATL",19.7789,24.0389845106,999
"1316","Kevin Smith","",28.5138,24.0315905542,999
"1317","Cory Abbott","",9.84226,24.013615,999
"1318","Declan Cronin","MIA",20.7194,24.004285,999
"1319","DJ Herz","WSN",11.2618,23.9751,999
"1320","Carson Seymour","SFG",11.2016,23.955445,999
"1321","Chase Anderson","PIT",16.3977,23.926565,999
"1322","Michael McGreevy","STL",6.3429,23.35433,999
"1323","Matt Shaw","CHC",12.1146,23.3490023639,999
"1324","Jordan Balazovic","",14.2299,23.221205,999
"1325","Jeter Downs","NYY",33.771,23.152635849,999
"1326","Austin Martin","MIN",14.2026,23.060670148,999
"1327","Dylan Dodd","ATL",9.76961,23.03167,999
"1328","Matthew Boyd","DET",2.64711,22.96903,999
"1329","Germán Márquez","COL",3.25682,22.919495,750.809997558594
"1330","Darick Hall","PHI",15.1618,22.9065886959,749.900024414062
"1331","Graham Pauley","SDP",12.1433,22.8871794525,999
"1332","Clint Frazier","",28.9141,22.8768427411,999
"1333","Reed Garrett","NYM",13.3184,22.860825,999
"1334","Yerry De Los Santos","NYY",14.6471,22.81738,999
"1335","Jacob Waguespack","TBR",13.2604,22.74827,999
"1336","Canaan Smith-Njigba","PIT",18.1894,22.5871684408,999
"1337","George Valera","CLE",15.8152,22.4807532246,999
"1338","Matt Carasiti","COL",20.1736,22.455747,999
"1339","José Ureña","",19.0966,22.420745,750.710021972656
"1340","Jake Lamb","",17.2369,22.3467147928,749.559997558594
"1341","Noah Davis","COL",14.1469,22.17555,999
"1342","Roddery Muñoz","MIA",14.7643,22.175355,999
"1343","Ricky Karcher","ARI",13.8926,22.155745,999
"1344","Jordyn Adams","LAA",32.7021,22.1432154492,999
"1345","Addison Barger","TOR",14.6705,21.969986384,999
"1346","Osleivis Basabe","TBR",14.542,21.8546258786,999
"1347","Jonathan Davis","MIA",19.2157,21.8488995226,999
"1348","Kyle Garlick","",26.7243,21.676037538,999
"1349","Gilberto Celestino","PIT",14.7492,21.6183668486,999
"1350","Ken Giles","ATL",15.007,21.57078,999
"1351","Terrin Vavra","BAL",22.2035,21.5399426293,999
"1352","Brett Phillips","",44.4897,21.494399188,999
"1353","Tyler Naquin","",22.0678,21.4898332615,999
"1354","Jeurys Familia","",16.9156,21.43766,999
"1355","Matt Foster","CHW",12.8863,21.409245,999
"1356","Ryder Ryan","PIT",12.6416,21.3992,999
"1357","Darren McCaughan","MIA",11.0989,21.21783,999
"1358","Adam Haseley","",34.016,21.1866523232,999
"1359","Hunter Strickland","",14.6154,21.10399,999
"1360","Ryan Burr","PHI",12.7529,21.092035,999
"1361","Everson Pereira","NYY",17.0107,21.0908976052,737.919982910156
"1362","Chad Wallach","LAA",31.2332,20.9611337388,999
"1363","Alex Reyes","",11.8039,20.84178,999
"1364","Drew Pomeranz","",13.6478,20.8090345,999
"1365","Tyler Nevin","BAL",15.0227,20.7592333676,999
"1366","Cole Winn","TEX",15.7001,20.6728,999
"1367","Nathan Martorella","SDP",12.9657,20.6265397146,999
"1368","Brett Sullivan","SDP",13.7486,20.6103271428,999
"1369","Max Kranick","NYM",14.6081,20.580325,999
"1370","Christian Roa","CIN",12.2141,20.569265,999
"1371","Adam Oller","CLE",15.0281,20.46435,999
"1372","Angel Martínez","CLE",17.9737,20.437807925,999
"1373","Hayden Juenger","TOR",11.7425,20.390615,999
"1374","Logan Gillaspie","SDP",14.4204,20.37884,999
"1375","Jorge Alfaro","CHC",19.9473,20.376470525,750.25
"1376","Heliot Ramos","SFG",16.6621,20.3528715218,750.309997558594
"1377","Will Klein","KCR",14.9667,20.142825,999
"1378","Lewin Díaz","WSN",17.5006,20.1283138222,999
"1379","Evan White","LAA",12.6109,20.069889732,999
"1380","Carlos Pérez","",17.9739,20.0293728275,999
"1381","Justin Yeager","MIL",12.6068,19.952895,999
"1382","Drew Millas","WSN",13.8609,19.9415740368,999
"1383","Kade McClure","",14.0665,19.926055,999
"1384","Mitchell Parker","WSN",7.45576,19.872065,999
"1385","Ethan Roberts","CHC",11.1151,19.777445,999
"1386","Adam Kolarek","LAA",17.2814,19.72512,999
"1387","Joey Bart","SFG",23.1801,19.7225299696,742.400024414062
"1388","Jared Young","STL",14.035,19.664085785,999
"1389","Packy Naughton","STL",8.33385,19.633315845,999
"1390","Austin Cox","KCR",13.6993,19.57605,999
"1391","Joe Barlow","",12.9753,19.47413,744.919982910156
"1392","Kirby Snead","SEA",18.7465,19.21741008,999
"1393","Cody Laweryson","MIN",12.3762,19.201815,999
"1394","James Naile","",12.8345,18.81609,999
"1395","Devin Sweet","",10.7036,18.797485,999
"1396","Drew Romo","COL",11.4421,18.7826841372,999
"1397","Alika Williams","PIT",17.514,18.769796763,999
"1398","Rony García","",7.47541,18.73755,999
"1399","Chad Smith","NYM",10.5268,18.728175,999
"1400","Pierson Ohl","MIN",11.3666,18.720465,999
"1401","Kyren Paris","LAA",15.6653,18.7146621619,999
"1402","Rob Brantly","TBR",14.8358,18.6809785582,999
"1403","Casey Lawrence","",11.7185,18.652205,999
"1404","Weston Wilson","PHI",15.4692,18.6150607321,748.52001953125
"1405","Albert Abreu","",9.30512,18.433595,999
"1406","Matt Wisler","",7.86535,18.358195,999
"1407","José Marte","LAA",13.0017,18.213735,999
"1408","Andrew Stevenson","",24.2834,17.9431909233,999
"1409","Justin Wilson","LAD",10.8177,17.878735,999
"1410","Samad Taylor","SEA",12.0708,17.8416611515,740.039978027344
"1411","Griff McGarry","PHI",9.44117,17.783365,999
"1412","Tayler Scott","HOU",10.6403,17.734095,999
"1413","Easton Lucas","OAK",10.1375,17.714861,999
"1414","Justin Dunn","",4.06982,17.6771,999
"1415","Zach DeLoach","CHW",16.1181,17.5954242134,999
"1416","Dan Altavilla","KCR",13.7218,17.57727,999
"1417","Vladimir Gutierrez","MIA",11.4124,17.56283,999
"1418","Gordon Graceffo","STL",2.40631,17.546505,999
"1419","Austin Pope","ARI",11.2203,17.46818,999
"1420","Julio Carreras","COL",11.494,17.3479792233,999
"1421","Jonathan Araúz","LAD",20.8188,17.2847855066,999
"1422","Brendon Little","TOR",10.5423,17.2682,999
"1423","Nate Eaton","KCR",22.5307,17.2068912508,999
"1424","Cam Gallagher","PHI",33.8445,17.131881876,999
"1425","Dinelson Lamet","LAD",10.7774,17.042535,999
"1426","Jake Eder","CHW",2.54844,16.939765,999
"1427","Andy Pages","LAD",13.3706,16.788693491,999
"1428","Roberto Pérez","BOS",16.0525,16.7846211934,999
"1429","Luisangel Acuña","NYM",12.8576,16.7740874896,999
"1430","Trey Cabbage","HOU",17.5511,16.7657301522,710.27001953125
"1431","Spencer Arrighetti","HOU",4.91312,16.694535,999
"1432","Mike Brosseau","KCR",13.6025,16.5675445226,999
"1433","Ryan Kreidler","DET",15.658,16.5353364628,999
"1434","Jack Leiter","TEX",2.96234,16.48603,999
"1435","Michael Siani","STL",19.2277,16.4714279788,999
"1436","Tyler Heineman","BOS",14.7341,16.3485712826,999
"1437","Diego Castillo","BAL",14.7468,16.3434543684,999
"1438","Sam Long","KCR",8.24582,16.33948,999
"1439","Mark Mathias","CIN",14.7614,16.23675574,999
"1440","Jonatan Clase","SEA",15.6367,16.1823876357,999
"1441","Donny Sands","DET",18.5706,16.1754029232,999
"1442","Chris Rodriguez","ARI",12.6957,16.14975,999
"1443","T.J. Brock","TOR",8.66533,16.09777,999
"1444","Joel Kuhnel","HOU",12.1186,16.05170306,999
"1445","Victor Mederos","LAA",10.4997,16.035075,999
"1446","Justin Garza","",11.0743,15.96239,999
"1447","Manny Piña","",10.0419,15.8937912391,999
"1448","Luke Williams","ATL",21.9332,15.866861936,999
"1449","Thomas Hatch","PIT",10.7365,15.804715,999
"1450","Brett Harris","OAK",10.4752,15.7875892304,999
"1451","Zak Kent","TEX",8.18827,15.76193,999
"1452","Jacob Barnes","WSN",14.3871,15.712075,999
"1453","Victor Scott II","STL",8.85416,15.6793555998,999
"1454","Jahmai Jones","MIL",14.862,15.6564740905,999
"1455","Irving Lopez","",20.5161,15.6370402344,999
"1456","Kyle Stowers","BAL",13.1624,15.547542505,748.440002441406
"1457","Rafael Marchán","PHI",9.43567,15.5460960509,999
"1458","Geoff Hartlieb","COL",13.1529,15.513725,999
"1459","Wilking Rodríguez","STL",9.49901,15.50996,999
"1460","Tyler Beede","",15.0645,15.355835,999
"1461","Jonathan Bowlan","KCR",12.7207,15.351595,999
"1462","Ryan Rolison","COL",6.38773,15.313765,999
"1463","Conner Capel","CIN",14.1278,15.3135299614,999
"1464","Jake Marisnick","LAA",16.5872,15.2962628886,999
"1465","Jace Jung","DET",10.1586,15.2506520856,999
"1466","Blayne Enlow","SFG",3.72012,15.20679,999
"1467","Taylor Kohlwey","NYM",15.2874,15.1955962111,999
"1468","Kris Bubic","KCR",4.53647,15.194595,746.630004882812
"1469","Nic Enright","CLE",8.53827,15.137205,999
"1470","Connor Overton","CIN",5.9222,15.13167,999
"1471","Levi Stoudt","SEA",10.9917,15.04956,999
"1472","Bryce Johnson","SDP",22.9623,14.9937295,999
"1473","Thomas Szapucki","SFG",5.39602,14.977725,999
"1474","Trevor Kelley","",11.6143,14.970525,999
"1475","Brennen Davis","CHC",13.8389,14.9435279456,999
"1476","Riley Pint","COL",19.6947,14.86603,999
"1477","David Hensley","HOU",14.4904,14.7814985037,999
"1478","Ben Rortvedt","NYY",14.2306,14.7764656344,999
"1479","Michael Plassmeyer","PIT",10.4427,14.774325,999
"1480","Jordan Groshans","NYY",9.26934,14.739945802,999
"1481","Bligh Madris","DET",17.6989,14.7256960833,999
"1482","Randy Dobnak","MIN",8.69293,14.683555,999
"1483","Danny Young","NYM",6.83496,14.6336365,999
"1484","Will Dion","CLE",7.49428,14.606785,999
"1485","Devin Smeltzer","MIA",8.76664,14.5198,999
"1486","Erik Sabrowski","CLE",9.0419,14.48723,999
"1487","Cam Sanders","CHC",8.14694,14.458445,999
"1488","Ronny Mauricio","NYM",7.44867,14.2997746056,999
"1489","P.J. Higgins","CIN",14.4796,14.2563564477,999
"1490","Derek Hill","TEX",12.897,14.2138028239,999
"1491","Nicholas Padilla","CHW",13.8969,14.021515,999
"1492","Bubba Thompson","CIN",15.2805,13.9240102954,750.77001953125
"1493","José Tena","CLE",16.1689,13.8536798928,999
"1494","Kevin Kopps","SDP",10.1085,13.75121,999
"1495","Travis Blankenhorn","WSN",12.3498,13.7372686418,999
"1496","Jhonkensy Noel","CLE",14.0316,13.7081369831,999
"1497","Tyler Fitzgerald","SFG",10.5605,13.6974712466,748.690002441406
"1498","Eddys Leonard","DET",8.41132,13.6249933605,999
"1499","Jimmy Cordero","",6.43058,13.50506,999
"1500","Coby Mayo","BAL",7.94805,13.4859658176,999
"1501","Rob Zastryzny","MIL",9.01603,13.48512,999
"1502","Jose Iglesias","NYM",8.98104,13.4813897749,999
"1503","Spenser Watkins","WSN",7.14197,13.38548,999
"1504","Drew Hutchison","",3.77485,13.35989,999
"1505","Ronny Henriquez","MIN",8.20367,13.358075,999
"1506","Tim Cate","WSN",10.2066,13.262275,999
"1507","Wenceel Pérez","DET",8.16268,13.1726164162,999
"1508","Taylor Lehman","PHI",11.5388,13.069205,999
"1509","Cooper Hummel","SFG",11.0712,13.0053030345,999
"1510","Bradley Zimmer","COL",22.3665,12.92415845,750.5
"1511","Justin Bruihl","",9.37126,12.7316373,999
"1512","Vinny Capra","MIL",10.8485,12.701178549,999
"1513","Royber Salinas","OAK",7.02882,12.689435,999
"1514","Damiano Palmegiani","TOR",9.50625,12.672360913,999
"1515","Jonathan Ornelas","TEX",18.7317,12.6722815115,999
"1516","Bailey Horn","CHC",5.97558,12.60589,999
"1517","Blake Walston","ARI",2.74467,12.581595,999
"1518","Símon Muzziotti","PHI",10.3133,12.5562997774,999
"1519","Johnathan Rodriguez","CLE",9.67302,12.5467840768,999
"1520","Colton Gordon","HOU",6.53003,12.478215,999
"1521","Ali Sánchez","PIT",9.07225,12.3537755448,999
"1522","David Hamilton","BOS",9.29367,12.3402162056,749.880004882812
"1523","Robert Gsellman","WSN",10.7859,12.2058901,999
"1524","Sem Robberse","STL",2.11635,12.161925,999
"1525","Wily Peralta","PIT",5.93879,12.012715,999
"1526","Connor Cooke","TOR",6.41512,11.96323,999
"1527","Andre Lipcius","DET",7.85705,11.756629762,999
"1528","Charles Leblanc","LAA",11.7489,11.7501531526,999
"1529","Kenedy Corona","HOU",8.78957,11.7231428214,999
"1530","Victor Reyes","",9.69636,11.6230220502,999
"1531","Ehire Adrianza","",10.5068,11.5530204543,999
"1532","Michael Mercado","PHI",6.18461,11.483325,999
"1533","Peyton Battenfield","NYM",10.4386,11.461395,999
"1534","Brooks Kriske","CIN",6.98161,11.377905,999
"1535","Jorge Barrosa","ARI",6.45044,11.355586785,999
"1536","Jimmy Herron","COL",5.88375,11.334439934,999
"1537","Pedro Pagés","STL",8.18839,11.0996999949,999
"1538","Aaron Schunk","COL",7.58688,11.054564732,999
"1539","Adam Engel","",17.4102,11.039582521,999
"1540","Logan Sawyer","STL",8.62991,10.98969,999
"1541","Josh James","",7.72374,10.948135,999
"1542","Brady House","WSN",8.04534,10.7557966378,999
"1543","Heath Hembree","",6.28173,10.69508,999
"1544","Moisés Gómez","STL",13.2306,10.5750941528,999
"1545","Ryan Bergert","SDP",1.63241,10.440175,999
"1546","Coco Montes","COL",8.51869,10.3470896138,735.52001953125
"1547","Hobie Harris","MIN",12.157,10.3369,999
"1548","Grant Holmes","ATL",6.94993,10.19676,999
"1549","Joey Krehbiel","SEA",7.85375,10.163543975,999
"1550","Sandy León","KCR",17.6256,10.132455775,999
"1551","Greg Allen","NYY",11.6948,9.9636372928,999
"1552","Richard Fitts","BOS",1.33226,9.962505,999
"1553","Dustin Harris","TEX",7.60888,9.8916333544,999
"1554","Antonio Senzatela","COL",2.6537,9.88351,999
"1555","Thomas Saggese","STL",5.59635,9.7788514866,999
"1556","José Castillo","ARI",6.68601,9.777225,999
"1557","Nick Frasso","LAD",2.85234,9.727635,999
"1558","TJ Hopkins","",10.9483,9.6816535228,999
"1559","Jorbit Vivas","NYY",6.20918,9.6082043876,999
"1560","Nick Snyder","PHI",5.84877,9.504795,999
"1561","Leo Jimenez","TOR",6.24149,9.4840935362,999
"1562","Logan Porter","KCR",8.86217,9.4271922876,999
"1563","Connor Norby","BAL",7.59537,9.331088585,999
"1564","Austin Shenton","TBR",7.29627,9.2512011567,999
"1565","Frank German","BOS",6.4969,9.237635,999
"1566","Michael Pérez","BAL",9.0345,9.1816550772,999
"1567","Alan Busenitz","CIN",8.66436,9.11523,999
"1568","Austin Davis","SDP",6.36063,8.912385,999
"1569","Zach Logue","ATL",6.20841,8.89989,999
"1570","Chadwick Tromp","ATL",6.85758,8.8474588006,999
"1571","Francisco Pérez","OAK",4.58795,8.81455,999
"1572","Israel Pineda","WSN",8.44955,8.8057673295,999
"1573","Davis Martin","CHW",3.18013,8.709415,999
"1574","César Salazar","HOU",10.229,8.6230888852,999
"1575","Chih-Jung Liu","BOS",6.12709,8.603615,999
"1576","Dillon Dingler","DET",7.55444,8.5005574339,750.75
"1577","Erich Uelmen","PHI",6.44115,8.179145,999
"1578","Tomás Nido","NYM",9.5346,7.826600509,999
"1579","Oliver Dunn","MIL",5.81288,7.8229192212,999
"1580","Livan Soto","LAA",7.87743,7.792135128,999
"1581","Colten Brewer","CHC",5.38742,7.630305,999
"1582","Luis Liberato","ATL",8.68576,7.5630492808,999
"1583","Daniel Castano","",2.50764,7.43824,999
"1584","Zach McCambley","MIA",6.41115,7.37935,999
"1585","Dugan Darnell","COL",7.51785,7.25534,999
"1586","David Parkinson","PHI",4.41321,7.23604,999
"1587","Rece Hinds","CIN",5.8219,6.9629869056,749.349975585938
"1588","Adrian Sampson","",1.69907,6.92263,999
"1589","Blair Calvo","DET",6.30976,6.9212768,999
"1590","Anthony Bemboom","DET",11.8899,6.9154430236,999
"1591","Matt Andriese","MIA",5.79987,6.523135,999
"1592","Austin Schulfer","MIN",5.19179,6.473157,999
"1593","Peyton Burdick","CHW",7.78684,6.4417173372,999
"1594","Daulton Jefferies","SFG",1.19942,6.350795,999
"1595","Brian Serven","TOR",8.30979,6.1788773121,999
"1596","Pedro León","HOU",5.65101,6.0752605256,999
"1597","Jair Camargo","MIN",5.53291,5.9976732846,999
"1598","Lazaro Armenteros","OAK",6.82773,5.775565334,999
"1599","Blaze Alexander","ARI",6.67366,5.4226855096,999
"1600","Juan Then","CHW",5.15395,4.77281,999
"1601","Jeff Criswell","COL",1.50918,4.57974,999
"1602","Noah Skirrow","PHI",1.09415,4.429995,999
"1603","Luis Cessa","KCR",7.04447,4.388565,999
"1604","Luke Albright","ARI",1.33226,4.363418,999
"1605","Kyle McCann","OAK",6.13205,4.2742734686,999
"1606","Brett Kerry","LAA",1.19689,4.122405,999
"1607","Mason McCoy","SDP",13.8039,1.42094243,999
"1608","Karl Kauffmann","COL",6.04121,-0.716780000000006,999
