"","Name","Team","PlayerId","IP","SO","QS","ERA","WHIP","SVHD","pr","rank","pos"
"1","Corbin Burnes","MIL","19361",1.78022684542519,2.73693567927328,2.16529409000974,1.63705788265218,2.09009754547227,-0.844808668597196,9.56480337423548,1,"SP"
"2","Gerrit Cole","NYY","13125",1.84143574521442,2.94712964895866,2.16529409000974,1.16217615835658,2.21133820044333,-0.844808668597196,9.48256517438553,2,"SP"
"3","Jacob deGrom","TEX","10954",0.841690381990459,1.95921799143739,1.61323610672114,2.05435484602809,3.38299860850236,-0.844808668597196,9.00668926608225,3,"SP"
"8","Max Scherzer","NYM","3137",1.27015268051501,2.04329557931154,1.61323610672114,1.48663978174474,2.41808542260449,-0.844808668597196,7.98660090229973,4,"SP"
"7","Carlos Rodón","NYY","16137",1.35176454690064,2.37960593080814,1.61323610672114,1.4296666606932,1.99867397024051,-0.844808668597196,7.92813854676643,5,"SP"
"4","Aaron Nola","PHI","16149",1.90264464500364,2.44266412171376,1.79725543448401,0.635984645121922,1.93080240740982,-0.844808668597196,7.86454258513595,6,"SP"
"5","Shane Bieber","CLE","19427",1.8006298120216,2.00125678537447,2.16529409000974,0.991166181888163,1.42124359723482,-0.844808668597196,7.5347817979316,7,"SP"
"6","Sandy Alcantara","MIA","18684",2.04546541117849,1.81208221265763,2.16529409000974,1.09824846547092,1.22505417373621,-0.844808668597196,7.50133568445579,8,"SP"
"9","Shohei Ohtani","LAA","19755",1.29055564711142,2.1904313580913,1.61323610672114,1.51153578971119,1.6368083215757,-0.844808668597196,7.39775855461357,9,"SP"
"11","Shane McClanahan","TBR","21483",1.39257048009346,1.91717919750032,1.61323610672114,1.4962900996644,1.62822285892704,-0.844808668597196,7.20269007430915,10,"SP"
"14","Spencer Strider","ATL","27498",1.08652598114735,2.31654773990253,1.24519745119541,1.46731649257696,1.73472900367673,-0.844808668597196,7.00550799990177,11,"SP"
"15","Justin Verlander","NYM","8700",1.2497497139186,1.66494643387786,1.42921677895827,1.22889021064159,2.23303389659604,-0.844808668597196,6.96102836539517,12,"SP"
"13","Brandon Woodruff","MIL","16162",1.41297344668986,2.022276182343,1.61323610672114,1.06155007338205,1.6902934334816,-0.844808668597196,6.95552057402046,13,"SP"
"10","Luis Castillo","SEA","15689",1.8006298120216,2.08533437324862,1.98127476224688,1.13422195104938,0.775593602101883,-0.844808668597196,6.93224583207117,14,"SP"
"12","Kevin Gausman","TOR","14107",1.53539124626831,2.04329557931154,1.79725543448401,0.83447310900009,1.4566296257192,-0.844808668597196,6.82223632618595,15,"SP"
"17","Edwin O Díaz","NYM","14710",-0.831352878914939,-0.0166053236051454,-0.963034481959006,3.17023515214253,2.89636530399461,2.55203929151066,6.80764706316871,16,"SP"
"16","Zack Wheeler","PHI","10310",1.63740607925034,1.72800462478348,1.79725543448401,0.929005448621591,1.26078826151715,-0.844808668597196,6.50765118005937,17,"SP"
"18","Max Fried","ATL","13743",1.61700311265394,1.3496554793498,1.98127476224688,1.23235616989442,0.970158748883183,-0.844808668597196,6.30563960443102,18,"SP"
"23","Emmanuel Clase","CLE","21032",-0.770143979125717,-0.710245423566887,-0.963034481959006,3.36027392450888,2.59698790104025,2.55203929151066,6.06587723240818,19,"SP"
"20","Joe Musgrove","SDP","12970",1.57619717946112,1.64392703690933,1.79725543448401,0.684961141230642,1.15776270973313,-0.844808668597196,6.01529483322103,20,"SP"
"19","Framber Valdez","HOU","17295",1.82103277861801,1.62290763994079,2.16529409000974,1.13166212493454,-0.0349204798385871,-0.844808668597196,5.8611674850673,21,"SP"
"21","Yu Darvish","SDP","13074",1.59660014605753,1.79106281568909,1.98127476224688,0.0102997133352288,1.30928452350557,-0.844808668597196,5.8437132922371,22,"SP"
"22","Alek Manoah","TOR","26410",1.73942091223238,1.64392703690933,1.98127476224688,0.216558268871718,1.04452741858313,-0.844808668597196,5.78089973024624,23,"SP"
"27","Cristian Javier","HOU","17606",1.37216751349705,2.12737316718569,1.24519745119541,0.402451482131733,1.30742820725721,-0.844808668597196,5.60980915266989,24,"SP"
"26","Zac Gallen","ARI","19291",1.43337641328627,1.70698522781494,1.61323610672114,0.596839693560466,0.947998973668377,-0.844808668597196,5.453627746454,25,"SP"
"24","Robbie Ray","SEA","11486",1.61700311265394,2.25348954899692,1.79725543448401,0.021354537618788,0.565829866037128,-0.844808668597196,5.41012383119358,26,"SP"
"25","Dylan Cease","CHW","18525",1.55579421286471,2.40062532777668,1.42921677895827,0.620942835031177,0.226007972821606,-0.844808668597196,5.38777845885526,27,"SP"
"31","Andrés Muñoz","SEA","20373",-0.872158812107754,-0.352915675101747,-0.963034481959006,2.90593876911735,2.60963405548221,1.89154107704525,5.2190049324763,28,"SP"
"32","Tyler Glasnow","TBR","14374",0.780481482201237,1.60188824297225,0.877158795669671,1.12407325990382,1.54236823244035,-0.844808668597196,5.08116134459014,29,"SP"
"28","Julio Urías","LAD","14765",1.53539124626831,1.43373306722395,1.42921677895827,0.352229052958268,1.06947166817048,-0.844808668597196,4.97523314498208,30,"SP"
"30","Triston McKenzie","CLE","18000",1.5149882796719,1.70698522781494,1.42921677895827,-0.191994509722526,1.04069876632089,-0.844808668597196,4.65508587444628,31,"SP"
"29","Logan Webb","SFG","17995",1.75982387882879,1.24455849450711,1.79725543448401,0.461984429298114,0.0795910287321611,-0.844808668597196,4.49840459725299,32,"SP"
"35","George Kirby","SEA","25436",1.06612301455094,1.05538392179027,1.24519745119541,0.779470827523693,0.879431292244557,-0.844808668597196,4.18079783870767,33,"SP"
"33","Logan Gilbert","SEA","22250",1.5149882796719,1.43373306722395,1.42921677895827,-0.0191043069927633,0.547614762850091,-0.844808668597196,4.06163991311426,34,"SP"
"37","Hunter Greene","CIN","22182",1.12733191434016,2.00125678537447,0.877158795669671,0.107006772487922,0.712130790361052,-0.844808668597196,3.98007638963608,35,"SP"
"34","Chris Bassitt","TOR","12304",1.49458531307549,1.11844211269589,1.61323610672114,0.0083288737600862,0.521626335373042,-0.844808668597196,3.91141007302845,36,"SP"
"44","Luis Severino","NYY","15890",0.862093348586866,1.11844211269589,0.877158795669671,0.603680998752341,1.24094888161279,-0.844808668597196,3.85751546872036,37,"SP"
"41","Jhoan Duran","MIN","21029",-0.770143979125717,-0.373935072070285,-0.963034481959006,2.37705150979715,1.54584882540603,1.98589796482602,3.80168476687419,38,"SP"
"42","Nestor Cortes","NYY","17874",1.02531708135812,1.1815003036015,1.06117812343254,0.18898916814817,1.15532629465716,-0.844808668597196,3.76750230260029,39,"SP"
"36","Pablo López","MIN","17085",1.31095861370783,1.28659728844419,1.42921677895827,0.100278733938297,0.466632966515355,-0.844808668597196,3.74887571296674,40,"SP"
"39","Josh Hader","SDP","14212",-0.933367711896976,-0.33189627813321,-0.963034481959006,1.53706609087425,1.95806705230762,2.45768240372989,3.72451707492257,41,"SP"
"38","Lance Lynn","CHW","2520",1.27015268051501,1.26557789147565,1.42921677895827,-0.0812423869308838,0.679645256014742,-0.844808668597196,3.7185415514356,42,"SP"
"40","Jordan Montgomery","STL","16511",1.43337641328627,1.11844211269589,1.24519745119541,0.246256782469558,0.489488860323296,-0.844808668597196,3.68795295137322,43,"SP"
"50","Clayton Kershaw","LAD","2036",0.45403401665872,0.592957188482446,0.877158795669671,0.997871567109338,1.5369153034608,-0.844808668597196,3.61412820278377,44,"SP"
"43","Charlie Morton","ATL","4676",1.35176454690064,1.81208221265763,1.06117812343254,-0.11490523300746,0.241902680698195,-0.844808668597196,3.50721366208435,45,"SP"
"47","Raisel Iglesias","ATL","17130",-0.810949912318532,-0.563109644787124,-0.963034481959006,1.52542228005099,1.81513070118385,2.26896862816834,3.27242757033852,46,"SP"
"45","Miles Mikolas","STL","9803",1.61700311265394,0.656015379388058,1.61323610672114,-0.298963526663031,0.439020262320993,-0.844808668597196,3.1815026658239,47,"SP"
"49","Ryan Helsley","STL","18138",-0.729338045932903,-0.352915675101747,-0.963034481959006,1.8092005255431,1.32158261865096,2.08025485260679,3.16574979380719,48,"SP"
"55","Blake Snell","SDP","13543",0.719272582412015,1.47577186116103,0.877158795669671,0.560979474624248,0.36267925660716,-0.844808668597196,3.15105330187692,49,"SP"
"54","Ryan Pressly","HOU","7005",-0.97417364508979,-0.7733036144725,-0.963034481959006,1.94722725578844,1.69795073800608,2.17461174038757,3.10927799266079,50,"SP"
"46","Lucas Giolito","CHW","15474",1.41297344668986,1.74902402175201,1.24519745119541,-0.465442837441467,0.000581568411311061,-0.844808668597196,3.09752498200993,51,"SP"
"53","Joe Ryan","MIN","21390",1.16813784753298,1.24455849450711,1.06117812343254,-0.422378860058176,0.884188102630982,-0.844808668597196,3.09087503944824,52,"SP"
"52","Nick Lodolo","CIN","26378",1.00491411476172,1.58086884600371,1.06117812343254,0.0464544255412959,0.222063300793839,-0.844808668597196,3.07067014193591,53,"SP"
"56","Félix Bautista","BAL","20666",-0.851755845511347,-0.458012659944436,-0.963034481959006,1.91632811578275,1.43087323777319,1.98589796482602,3.06029633096717,54,"SP"
"57","Drew Rasmussen","TBR","25385",1.16813784753298,0.845189952104897,0.877158795669671,0.459198069898774,0.545294367539638,-0.844808668597196,3.05017036414876,55,"SP"
"48","Brady Singer","KCR","25377",1.49458531307549,1.28659728844419,1.42921677895827,-0.161299249672889,-0.222292401157492,-0.844808668597196,2.98199906105038,56,"SP"
"62","Jeffrey Springs","TBR","17677",0.862093348586866,0.99232573088466,0.509120140143935,0.496847901782535,0.689738975615202,-0.750451780816422,2.79967431619678,57,"SP"
"51","Kyle Wright","ATL","19665",1.47418234647908,1.24455849450711,1.42921677895827,-0.221534450021216,-0.306986829988945,-0.844808668597196,2.77462767133711,58,"SP"
"59","Pete Fairbanks","TBR","17998",-0.933367711896976,-0.563109644787124,-0.963034481959006,2.01960464018592,1.30812432585035,1.89154107704525,2.75975820443841,59,"SP"
"58","Jordan Romano","TOR","16122",-0.810949912318532,-0.605148438724199,-0.963034481959006,1.48061399637706,1.02457201891326,2.45768240372989,2.58373558601847,60,"SP"
"64","A.J. Minter","ATL","18655",-0.831352878914939,-0.521070850850048,-0.963034481959006,1.75147984465271,1.30255537710526,1.79718418926447,2.53576119929845,61,"SP"
"63","Alex Cobb","SFG","6562",1.04572004795453,0.99232573088466,0.877158795669671,0.608755344325122,-0.195955914383875,-0.844808668597196,2.48319533585291,62,"SP"
"72","Freddy Peralta","MIL","18679",0.576451816237164,0.950286936947585,0.693139467906803,0.220749134634953,0.844509342822273,-0.844808668597196,2.44032802995158,63,"SP"
"60","Devin Williams","MIL","15816",-0.872158812107754,-0.394954469038823,-0.963034481959006,1.78530126402843,0.561769174243841,2.26896862816834,2.38589130333503,64,"SP"
"65","Luis Garcia","HOU","23735",1.16813784753298,1.1815003036015,0.877158795669671,-0.362732646249546,0.365115671683134,-0.844808668597196,2.38437130364054,65,"SP"
"69","Nathan Eovaldi","TEX","9132",0.98451114816531,0.803151158167822,1.06117812343254,-0.141047174038663,0.480439318612538,-0.844808668597196,2.34342390574235,66,"SP"
"77","Andrew Heaney","TEX","15423",0.617257749429978,1.1815003036015,0.509120140143935,-0.268494799897893,1.02259968289937,-0.844808668597196,2.2171744075797,67,"SP"
"61","Merrill Kelly","ARI","11156",1.59660014605753,1.07640331875881,1.42921677895827,-0.722943221931669,-0.32821844707957,-0.844808668597196,2.20624990616618,68,"SP"
"74","Jason Adam","TBR","11861",-0.892561778704161,-0.668206629629812,-0.963034481959006,1.50709573733501,1.39374691280598,1.79718418926447,2.17422394911248,69,"SP"
"81","Chris Sale","BOS","10603",0.556048849640757,0.99232573088466,0.509120140143935,0.285220507403415,0.673960287504136,-0.844808668597196,2.17186684697971,70,"SP"
"67","Patrick Sandoval","LAA","19447",1.14773488093657,1.1815003036015,1.06117812343254,0.265308231695938,-0.644720367425061,-0.844808668597196,2.16619250364429,71,"SP"
"75","Tony Gonsolin","LAD","19388",0.841690381990459,0.719073570293671,0.877158795669671,0.128097021274795,0.429158582251576,-0.844808668597196,2.15036968288298,72,"SP"
"73","Kodai Senga","NYM","31838",0.90289928177968,1.13946150966442,0.877158795669671,0.115026050759193,-0.0397933099905349,-0.844808668597196,2.14994365928524,73,"SP"
"68","Marcus Stroman","CHC","13431",1.37216751349705,0.782131761199284,1.24519745119541,-0.193648202699369,-0.254197836676188,-0.844808668597196,2.10684201791898,74,"SP"
"76","Giovanny Gallegos","STL","14986",-0.810949912318532,-0.626167835692736,-0.963034481959006,0.970959412910837,1.72904403516612,1.79718418926447,2.09703540737116,75,"SP"
"71","Jesús Luzardo","MIA","19959",0.882496315183273,1.13946150966442,1.06117812343254,-0.0903943316246497,-0.0691463106677368,-0.844808668597196,2.07878663739065,76,"SP"
"70","Jon Gray","TEX","14916",1.14773488093657,1.22353909753857,1.06117812343254,-0.529710330253881,-0.0416496262388948,-0.844808668597196,2.01628347681771,77,"SP"
"66","José Berríos","TOR","14168",1.43337641328627,1.16048090663296,1.42921677895827,-1.0945031151672,-0.122631422573628,-0.844808668597196,1.96113089253948,78,"SP"
"78","Reid Detmers","LAA","27468",1.14773488093657,1.20251970057004,0.877158795669671,-0.43209713796319,-0.179365087914151,-0.844808668597196,1.77114248270174,79,"SP"
"80","Tyler Mahle","MIN","16358",1.02531708135812,1.07640331875881,1.06117812343254,-0.538658394991597,-0.0848089790132793,-0.844808668597196,1.6946224809474,80,"SP"
"83","David Bednar","PIT","19569",-0.810949912318532,-0.542090247818586,-0.963034481959006,1.15454198666896,0.934772720398809,1.89154107704525,1.66478114201689,81,"SP"
"85","Sonny Gray","MIN","12768",0.800884448797644,0.803151158167822,0.877158795669671,-0.0367285965267981,-0.00104270830600485,-0.844808668597196,1.59861442920514,82,"SP"
"79","Tyler Anderson","LAA","12880",1.37216751349705,0.656015379388058,1.24519745119541,-0.767774158934052,-0.0707705873850527,-0.844808668597196,1.59002692916421,83,"SP"
"87","Paul Sewald","SEA","13892",-0.851755845511347,-0.605148438724199,-0.963034481959006,0.663938852429118,1.52392108972227,1.79718418926447,1.56510536522131,84,"SP"
"88","Zach Eflin","TBR","13774",0.800884448797644,0.403782615765607,0.877158795669671,-0.27230055907748,0.5023670542963,-0.844808668597196,1.46708368685455,85,"SP"
"89","Evan Phillips","LAD","17734",-0.872158812107754,-0.647187232661274,-0.963034481959006,1.62027176627079,0.908552253390715,1.41975663814138,1.46620013107485,86,"SP"
"86","Lance McCullers Jr.","HOU","14120",0.719272582412015,0.761112364230747,1.06117812343254,0.260233886123157,-0.502828194190994,-0.844808668597196,1.45416009341027,87,"SP"
"82","Sean Manaea","SFG","15873",1.14773488093657,1.05538392179027,1.24519745119541,-0.706678132104627,-0.457464465871682,-0.844808668597196,1.43936498734874,88,"SP"
"94","Dustin May","LAD","19716",0.270407317291054,0.403782615765607,0.325100812381068,0.407321947748465,0.873862343499475,-0.844808668597196,1.43566636808847,89,"SP"
"84","Martín Pérez","TEX","6902",1.43337641328627,0.824170555136359,1.42921677895827,-0.443469108845048,-1.24326633775585,-0.844808668597196,1.15521963218281,90,"SP"
"101","Grayson Rodriguez","BAL","sa3008130",0.290810283887462,0.445821409702682,0.509120140143935,-0.0261721454691363,0.695539963891328,-0.844808668597196,1.07031098355908,91,"SP"
"90","Jameson Taillon","CHC","11674",1.31095861370783,0.824170555136359,0.877158795669671,-1.12705594814973,-0.062997263095043,-0.844808668597196,0.97742608467189,92,"SP"
"106","Alex Wood","SFG","13781",0.433631050062313,0.424802012734145,0.509120140143935,0.0541112505573675,0.311746579542764,-0.844808668597196,0.888602364443328,93,"SP"
"91","Eduardo Rodriguez","DET","13164",1.06612301455094,0.824170555136359,1.06117812343254,-0.551819978820999,-0.688691858558106,-0.844808668597196,0.866151187143536,94,"SP"
"93","José Urquidy","HOU","18413",1.10692894774375,0.592957188482446,1.06117812343254,-1.28880071328213,0.236101692422069,-0.844808668597196,0.863556570201478,95,"SP"
"95","José Quintana","NYM","11423",1.00491411476172,0.782131761199284,0.693139467906803,0.0247751902147257,-0.822230608674549,-0.844808668597196,0.837921256810785,96,"SP"
"100","Ranger Suárez","PHI","17277",1.20894378072579,0.656015379388058,0.693139467906803,-0.119843658609541,-0.974448541040123,-0.844808668597196,0.618997759773791,97,"SP"
"92","Adam Wainwright","STL","2233",1.45377937988268,0.508879600608295,1.24519745119541,-0.837070690662347,-0.908433294457798,-0.844808668597196,0.617543777969038,98,"SP"
"145","Liam Hendriks","CHW","3548",-1.64747154277123,-1.48796311140278,-0.963034481959006,2.08015698713255,2.71335572585936,-0.0899535663510051,0.605090010507884,99,"SP"
"114","Collin McHugh","ATL","7531",-0.872158812107754,-0.794323011441037,-0.779015154196139,1.25639135137978,1.21530851343231,0.570544648114412,0.596747535181579,100,"SP"
"105","Justin Steele","CHC","17312",0.780481482201237,0.740092967262209,0.693139467906803,0.00529332774779762,-0.796358200963023,-0.844808668597196,0.577840375557827,101,"SP"
"97","Eric Lauer","MIL","19316",1.00491411476172,0.929267539979048,0.877158795669671,-0.847491221749308,-0.545407448137767,-0.844808668597196,0.573633111926164,102,"SP"
"102","Clay Holmes","NYY","13649",-0.851755845511347,-0.815342408409575,-0.963034481959006,1.24921024626116,0.139341207976269,1.79718418926447,0.555602907621974,103,"SP"
"103","Carlos Carrasco","NYM","6632",0.841690381990459,0.761112364230747,0.877158795669671,-0.592301476760999,-0.488673782797244,-0.844808668597196,0.554177613735438,104,"SP"
"98","Scott Barlow","KCR","14993",-0.688532112740088,-0.584129041755661,-0.963034481959006,0.795758570679183,0.178903948019455,1.79718418926447,0.536151071508354,105,"SP"
"110","Garrett Whitlock","BOS","20191",0.413228083465905,0.340724424859994,0.509120140143935,-0.275879784972566,0.223687577511155,-0.750451780816422,0.460428660192003,106,"SP"
"99","Cal Quantrill","CLE","19312",1.35176454690064,0.445821409702682,1.06117812343254,-0.968437342343413,-0.602373153009334,-0.844808668597196,0.443144916085918,107,"SP"
"104","Camilo Doval","SFG","21992",-0.770143979125717,-0.563109644787124,-0.963034481959006,1.12343896670722,-0.517446684646834,1.98589796482602,0.295602141014562,108,"SP"
"121","Hunter Brown","HOU","25880",0.0459746847305742,0.151549852143156,0.325100812381068,0.74773351436536,-0.357339408225728,-0.750451780816422,0.162567674578008,109,"SP"
"128","Chris Martin","BOS","11847",-0.953770678493383,-0.899419996283725,-0.963034481959006,0.757746285540223,1.36567012954952,0.853615311456734,0.160806569810366,110,"SP"
"113","Aaron Civale","CLE","19479",0.617257749429978,0.361743821828532,0.693139467906803,-0.935635322747934,0.264410515209569,-0.844808668597196,0.156107563029751,111,"SP"
"119","Robert Suarez","SDP","30115",-0.851755845511347,-0.689226026598349,-0.963034481959006,1.00407857910461,0.475450468695069,1.13668597479905,0.112198668530036,112,"SP"
"96","Germán Márquez","COL","15038",1.67821201244316,1.20251970057004,1.42921677895827,-1.99431597452633,-1.38887114348664,-0.844808668597196,0.0819527053613048,113,"SP"
"117","Taylor Rogers","SFG","13449",-0.851755845511347,-0.605148438724199,-0.963034481959006,0.505524126578853,0.764803763908286,1.23104286257983,0.0814319868724154,114,"SP"
"123","Alex Vesia","LAD","25007",-0.912964745300568,-0.542090247818586,-0.963034481959006,0.8859867778952,0.560724996354137,1.04232908701828,0.0709513861894564,115,"SP"
"108","Kenley Jansen","BOS","3096",-0.872158812107754,-0.647187232661274,-0.963034481959006,0.101660586973742,0.463964511908337,1.98589796482602,0.0691425369800645,116,"SP"
"120","Brusdar Graterol","LAD","20367",-0.912964745300568,-1.04655577506349,-0.963034481959006,0.881569378847466,0.776637779991585,1.3253997503606,0.0610519068765905,117,"SP"
"116","Jack Flaherty","STL","17479",0.515242916447942,0.424802012734145,0.693139467906803,-0.49706688395755,-0.315920351934182,-0.844808668597196,-0.0246115074000385,118,"SP"
"109","Cole Irvin","BAL","19244",1.37216751349705,0.361743821828532,1.24519745119541,-1.55937206828793,-0.645416486018198,-0.844808668597196,-0.0704884363823428,119,"SP"
"124","Ken Waldichuk","OAK","27681",0.535645883044349,0.46684080667122,0.509120140143935,-0.456109666120102,-0.298517387105801,-0.844808668597196,-0.0878288919635942,120,"SP"
"133","Steven Matz","STL","13361",0.270407317291054,0.172569249111693,0.325100812381068,-0.159872089980544,0.103375080664281,-0.844808668597196,-0.133228299129644,121,"SP"
"107","Kyle Gibson","BAL","10123",1.29055564711142,0.698054173325134,1.24519745119541,-1.26737066456851,-1.27795624764709,-0.844808668597196,-0.156328309180836,122,"SP"
"129","Erik Swanson","TOR","16587",-0.851755845511347,-0.7733036144725,-0.779015154196139,0.239823237189782,0.962385424593174,1.04232908701828,-0.159536865378748,123,"SP"
"118","John Schreiber","BOS","20020",-0.831352878914939,-0.7733036144725,-0.963034481959006,0.811797127221724,0.0810992856839537,1.51411352592215,-0.160681036518617,124,"SP"
"140","Michael King","NYY","19853",-0.953770678493383,-0.815342408409575,-0.963034481959006,0.994881327753948,0.891149288562333,0.664901535895186,-0.181215416650497,125,"SP"
"126","Andrew Chafin","ARI","12988",-0.892561778704161,-0.85738120234665,-0.963034481959006,0.876789526544534,0.322884477032928,1.3253997503606,-0.187903709071753,126,"SP"
"112","Alexis Díaz","CIN","21132",-0.790546945722125,-0.436993262975898,-0.963034481959006,0.256881193512569,-0.153376660437102,1.89154107704525,-0.195529080536315,127,"SP"
"135","Kenta Maeda","MIN","18498",0.270407317291054,0.214608043048768,0.325100812381068,-0.600819128258169,0.406186668678112,-0.844808668597196,-0.229324955456362,128,"SP"
"127","Daniel Hudson","LAD","7146",-1.05578551147542,-0.85738120234665,-0.963034481959006,0.264651285170891,0.84439332305675,1.51411352592215,-0.253043061631285,129,"SP"
"111","Marco Gonzales","SEA","15467",1.41297344668986,0.172569249111693,1.24519745119541,-1.38695758545562,-0.868406475352522,-0.844808668597196,-0.269432582408374,130,"SP"
"143","Brock Burke","TEX","17968",-0.729338045932903,-0.626167835692736,-0.963034481959006,1.0744171639416,0.399109462981237,0.570544648114412,-0.274469088547391,131,"SP"
"115","Taijuan Walker","PHI","11836",1.08652598114735,0.529898997576833,0.877158795669671,-1.31236017487004,-0.61768776205831,-0.844808668597196,-0.281272831131701,132,"SP"
"125","Roansy Contreras","PIT","22810",0.882496315183273,0.677034776356596,0.509120140143935,-0.911328301321173,-0.607594042457849,-0.844808668597196,-0.295079780692413,133,"SP"
"130","Ross Stripling","SFG","13273",0.617257749429978,0.193588646080231,0.509120140143935,-0.64628435845715,-0.129940667801547,-0.844808668597196,-0.301067159201749,134,"SP"
"134","Héctor Neris","HOU","11804",-0.831352878914939,-0.605148438724199,-0.963034481959006,0.305200743096242,0.614558167556595,1.13668597479905,-0.343090914146253,135,"SP"
"132","Seranthony Domínguez","PHI","19249",-0.872158812107754,-0.710245423566887,-0.963034481959006,0.723449146267049,-0.270672643380391,1.51411352592215,-0.578548688824838,136,"SP"
"139","José Alvarado","PHI","17780",-0.994576611686198,-0.563109644787124,-0.963034481959006,1.14865212127198,-0.385648231013228,1.13668597479905,-0.621030873374519,137,"SP"
"142","Trevor Rogers","MIA","22286",0.474436983255127,0.55091839454537,0.325100812381068,-0.528373783875336,-0.602257133243811,-0.844808668597196,-0.624983395534778,138,"SP"
"137","Brandon Hughes","CHC","23460",-0.851755845511347,-0.710245423566887,-0.963034481959006,0.163526826970464,0.273111997623759,1.41975663814138,-0.66864028830164,139,"SP"
"122","Nick Pivetta","BOS","15454",1.39257048009346,1.30761668541272,0.877158795669671,-1.92560842933773,-1.49839380213992,-0.844808668597196,-0.691464938898995,140,"SP"
"151","James Karinchak","CLE","20151",-0.933367711896976,-0.500051453881511,-0.963034481959006,0.898627335170253,0.0121835449635639,0.75925842367596,-0.726384343927716,141,"SP"
"171","Dylan Lee","ATL","19996",-0.994576611686198,-0.899419996283725,-0.963034481959006,1.06392867286929,0.865740959912898,0.193117096991317,-0.734244360155421,142,"SP"
"146","Luis García","SDP","6984",-0.892561778704161,-0.836361805378113,-0.963034481959006,0.56865895296877,0.211273462600245,1.13668597479905,-0.77533967567321,143,"SP"
"144","Rafael Montero","HOU","12760",-0.912964745300568,-0.920439393252263,-0.963034481959006,0.358481371610445,0.242714819056853,1.41975663814138,-0.775485791703163,144,"SP"
"131","Alex Lange","DET","19883",-0.810949912318532,-0.626167835692736,-0.963034481959006,0.406370507953569,-0.615715426044426,1.79718418926447,-0.81231295879666,145,"SP"
"149","Trevor Stephan","CLE","19932",-0.831352878914939,-0.626167835692736,-0.963034481959006,0.410312187103854,0.147926670624937,1.04232908701828,-0.81998725181961,146,"SP"
"148","Adam Ottavino","NYM","1247",-0.790546945722125,-0.605148438724199,-0.963034481959006,0.651502175110114,-0.158249490589047,1.04232908701828,-0.823148094865982,147,"SP"
"150","A.J. Puk","MIA","19343",-0.668129146143681,-0.542090247818586,-0.963034481959006,0.360293637886438,0.0312107865092615,0.947972199237507,-0.833777252288066,148,"SP"
"152","Aaron Bummer","CHW","16258",-1.05578551147542,-0.962478187189338,-0.963034481959006,1.59823007768902,-0.511877735901752,1.04232908701828,-0.852616751818212,149,"SP"
"158","Matt Bush","MIL","1246",-0.953770678493383,-0.752284217503962,-0.963034481959006,0.0672954877152188,0.783018867095325,0.947972199237507,-0.8708028239083,150,"SP"
"160","Diego Castillo","SEA","17496",-0.933367711896976,-0.878400599315188,-0.963034481959006,0.608506157712173,0.307685887749476,0.947972199237507,-0.910638548472014,151,"SP"
"138","Corey Kluber","BOS","2429",1.00491411476172,0.487860203639757,0.877158795669671,-1.64790127587021,-0.806451920563483,-0.844808668597196,-0.929228750959741,152,"SP"
"136","JT Brubaker","PIT","17578",1.06612301455094,0.929267539979048,0.693139467906803,-1.52113324986447,-1.25324403759079,-0.844808668597196,-0.930655933615669,153,"SP"
"164","Reynaldo López","CHW","16400",-0.933367711896976,-0.962478187189338,-0.779015154196139,0.104764092971381,0.795200942475192,0.75925842367596,-1.01563759415992,154,"SP"
"147","Michael Kopech","CHW","17282",0.617257749429978,0.634995982419521,0.509120140143935,-1.21893784834259,-0.843462225765174,-0.750451780816422,-1.05147798293075,155,"SP"
"162","Seth Lugo","SDP","12447",0.0255717181341669,0.0254334703319298,-0.226957170907536,-0.548421979553512,-0.160685905665021,-0.184310454131779,-1.06937032179175,156,"SP"
"161","Edward Cabrera","MIA","21690",0.290810283887462,0.403782615765607,0.325100812381068,-0.538567781677797,-0.71769679993874,-0.844808668597196,-1.0813795381796,157,"SP"
"141","Kendall Graveman","CHW","15514",-0.831352878914939,-0.878400599315188,-0.963034481959006,0.510371938867135,-0.733011408987716,1.79718418926447,-1.09824324104524,158,"SP"
"174","Caleb Thielbar","MIN","10078",-0.933367711896976,-0.710245423566887,-0.963034481959006,0.359523424719141,0.562233253305929,0.570544648114412,-1.11434629128339,159,"SP"
"155","Joe Mantiply","ARI","14857",-0.912964745300568,-0.983497584157876,-0.963034481959006,0.501287954158719,-0.0921182242412009,1.3253997503606,-1.12492733113933,160,"SP"
"180","Aaron Ashby","MIL","23550",-0.321278714004757,-0.0586441175422207,-0.226957170907536,0.510689085465433,-0.420918239732079,-0.656094893035648,-1.17320404975681,161,"SP"
"175","Bryan Abreu","HOU","16609",-0.851755845511347,-0.521070850850048,-0.963034481959006,1.03828510506399,-0.385996290309795,0.476187760333638,-1.20738460323257,162,"SP"
"159","Kyle Bradish","BAL","24586",0.637660716026386,0.424802012734145,0.509120140143935,-1.06310560193561,-0.876759898470142,-0.844808668597196,-1.21309130009849,163,"SP"
"157","Paul Blackburn","OAK","14739",0.98451114816531,0.172569249111693,0.509120140143935,-1.08843202314262,-0.963542683081005,-0.844808668597196,-1.23058283739988,164,"SP"
"167","Anthony Bass","TOR","7982",-0.872158812107754,-0.920439393252263,-0.963034481959006,0.491388449626105,0.0819114240426117,0.947972199237507,-1.2343606144128,165,"SP"
"182","Tommy Kahnle","NYY","11384",-1.03538254487901,-0.941458790220801,-0.963034481959006,0.371348462169998,0.625464025515716,0.664901535895186,-1.27816179347792,166,"SP"
"188","Tanner Houck","BOS","19879",-0.545711346565237,-0.458012659944436,-0.779015154196139,0.459628483139322,-0.112885762269735,0.0987602092105427,-1.33723623062568,167,"SP"
"237","Trevor Bauer","","12703",-1.70868044256045,-1.69815708108816,-0.594995826433271,1.32756810936942,2.16678661048267,-0.844808668597196,-1.35228729882698,168,"SP"
"172","Spencer Turnbull","DET","16207",0.290810283887462,-0.0376247205736831,0.325100812381068,-0.421518033577079,-0.674073368102265,-0.844808668597196,-1.36211369458169,169,"SP"
"205","Ron Marinaccio","NYY","23488",-1.07618847807183,-0.85738120234665,-0.963034481959006,0.995923380862645,0.435191610058747,0.0987602092105427,-1.36672896224555,170,"SP"
"178","Jonathan Loáisiga","NYY","19753",-0.933367711896976,-1.06757517203203,-0.963034481959006,0.719235627175364,0.0198408494880528,0.853615311456734,-1.37128557776786,171,"SP"
"169","Domingo Acevedo","OAK","17092",-0.912964745300568,-1.04655577506349,-0.963034481959006,-0.0880836921227582,0.496566066020171,1.13668597479905,-1.3773866536266,172,"SP"
"170","Matthew Boyd","DET","15440",0.515242916447942,0.298685630922919,0.1410814846182,-1.08849998312797,-0.503756352315175,-0.750451780816422,-1.38769808427051,173,"SP"
"166","Zach Plesac","CLE","19979",0.617257749429978,-0.0796635145107583,0.693139467906803,-1.37268598853217,-0.469414501720502,-0.844808668597196,-1.45617545602385,174,"SP"
"153","Josiah Gray","WSN","24580",1.10692894774375,1.11844211269589,0.693139467906803,-2.40126036680063,-1.14580973471692,-0.844808668597196,-1.4733682417683,175,"SP"
"204","Jalen Beeks","TBR","17192",-0.933367711896976,-0.836361805378113,-0.963034481959006,1.00124691304838,0.0605637871864634,0.193117096991317,-1.47783620200794,176,"SP"
"179","Yimi Garcia","TOR","12095",-0.851755845511347,-0.899419996283725,-0.963034481959006,-0.272595052347328,0.553183711595171,0.947972199237507,-1.48564946526873,177,"SP"
"176","David Robertson","NYM","8241",-0.892561778704161,-0.668206629629812,-0.963034481959006,0.571988992250907,-0.498883522163227,0.947972199237507,-1.50272522096779,178,"SP"
"154","Kyle Finnegan","WSN","15009",-0.770143979125717,-0.710245423566887,-0.963034481959006,-0.0154344677838759,-0.749834274988484,1.7028273014837,-1.50586532594027,179,"SP"
"165","Dylan Floro","MIA","13394",-0.912964745300568,-1.1096139659691,-0.963034481959006,0.439648247446496,-0.475563549293198,1.51411352592215,-1.50741496915323,180,"SP"
"168","Noah Syndergaard","LAD","11762",0.800884448797644,0.067472264269005,0.509120140143935,-1.46957427431246,-0.58206969404289,-0.844808668597196,-1.51897578374197,181,"SP"
"190","Adbert Alzolay","CHC","17859",-0.810949912318532,-0.710245423566887,-0.779015154196139,-0.271303812625683,0.481251456971196,0.570544648114412,-1.51971819762163,182,"SP"
"156","Mitch Keller","PIT","17594",1.08652598114735,0.719073570293671,0.693139467906803,-1.33136631743952,-1.84239240691425,-0.844808668597196,-1.51982837360315,183,"SP"
"177","Joe Kelly","CHW","9761",-0.97417364508979,-0.794323011441037,-0.963034481959006,0.496689328483386,-0.367085068529621,1.04232908701828,-1.55959779151779,184,"SP"
"163","Johnny Cueto","MIA","6893",0.862093348586866,-0.0376247205736831,0.877158795669671,-1.26159406581378,-1.15903598798648,-0.844808668597196,-1.56381129871461,185,"SP"
"211","Bailey Ober","MIN","21224",-0.341681680601164,-0.458012659944436,-0.226957170907536,-0.390256440316195,0.685678283821912,-0.844808668597196,-1.57603833654461,186,"SP"
"185","Hunter Harvey","WSN","15507",-0.97417364508979,-0.899419996283725,-0.963034481959006,0.309029155604278,-0.00951215118915171,0.947972199237507,-1.58913891967989,187,"SP"
"189","Joe Jiménez","ATL","15761",-0.912964745300568,-0.605148438724199,-0.963034481959006,-0.315296576475421,0.334718493116228,0.853615311456734,-1.60811043788623,188,"SP"
"192","Brooks Raley","NYM","10061",-0.97417364508979,-0.878400599315188,-0.963034481959006,0.150161363185013,0.193522438475295,0.853615311456734,-1.61830961324694,189,"SP"
"186","Dylan Coleman","KCR","22276",-0.810949912318532,-0.731264820535425,-0.963034481959006,0.561885607762245,-0.721525452200984,0.947972199237507,-1.71691686001419,190,"SP"
"184","José Suarez","LAA","19911",0.576451816237164,0.277666233954381,0.325100812381068,-1.26055201270509,-0.801115011349448,-0.844808668597196,-1.72725683007912,191,"SP"
"212","David Peterson","NYM","20302",-0.402890580390386,-0.184760499353446,-0.410976498670403,0.312698994813164,-0.388200665854725,-0.656094893035648,-1.73022414249144,192,"SP"
"216","Cody Morris","CLE","25388",-0.647726179547274,-0.521070850850048,-0.410976498670403,0.34908024030373,0.0480336525100294,-0.561738005254874,-1.74439764150884,193,"SP"
"197","Matt Brash","SEA","25756",-0.912964745300568,-0.647187232661274,-0.779015154196139,0.723426492938599,-0.706790941979622,0.570544648114412,-1.75198693308459,194,"SP"
"181","Dean Kremer","BAL","19350",0.6784666492192,0.067472264269005,0.509120140143935,-1.21415799603966,-0.966327157453546,-0.844808668597196,-1.77023476845826,195,"SP"
"200","Bailey Falter","PHI","20070",-0.0560401482514622,-0.268838087227597,0.1410814846182,-1.11217271135813,0.154191737963154,-0.656094893035648,-1.79787261729149,196,"SP"
"173","José Leclerc","TEX","14524",-0.953770678493383,-0.815342408409575,-0.963034481959006,0.051800611055476,-0.635670825714303,1.51411352592215,-1.80190425759864,197,"SP"
"207","Steven Okert","MIA","13580",-1.0149795782826,-0.85738120234665,-0.963034481959006,0.372639701891642,-0.0396772902250116,0.664901535895186,-1.83753131502644,198,"SP"
"202","Domingo Germán","NYY","17149",0.0663776513269815,-0.226799293290522,0.325100812381068,-1.14280001142242,-0.0269151160175309,-0.844808668597196,-1.84984462561962,199,"SP"
"215","Sam Hentges","CLE","18548",-0.831352878914939,-0.710245423566887,-0.963034481959006,0.54965281039929,-0.0929303625998589,0.193117096991317,-1.85479323965008,200,"SP"
"223","Caleb Ferguson","LAD","19349",-1.11699441126464,-1.00451698112641,-0.963034481959006,1.19935027034289,-0.181105384396988,0.193117096991317,-1.87318389141284,201,"SP"
"191","Nick Martinez","SDP","12730",0.22960138409824,-0.0376247205736831,0.1410814846182,-0.63303216131395,-1.1133242003706,-0.4673811174741,-1.8806793310159,202,"SP"
"224","Garrett Cleavinger","TBR","17897",-1.03538254487901,-0.689226026598349,-0.963034481959006,0.89400605616647,-0.197000092273577,0.0987602092105427,-1.89187688033293,203,"SP"
"193","Craig Kimbrel","PHI","6655",-0.933367711896976,-0.689226026598349,-0.963034481959006,-0.0917988379885447,-0.358731645412,1.13668597479905,-1.89947272905582,204,"SP"
"203","James Paxton","BOS","11828",0.00516875153775964,0.0464528673004674,0.325100812381068,-1.1346674665089,-0.307218869519991,-0.844808668597196,-1.90997257340679,205,"SP"
"198","Drew Rucinski","OAK","12499",0.290810283887462,-0.0166053236051454,0.325100812381068,-0.894202385013037,-0.78394408605211,-0.844808668597196,-1.92364936699896,206,"SP"
"187","Trevor May","OAK","6398",-0.912964745300568,-0.794323011441037,-0.963034481959006,-0.289131982115767,-0.295384853436692,1.3253997503606,-1.92943932389247,207,"SP"
"218","Tim Mayza","TOR","15042",-1.15780034445746,-1.23573034778033,-0.963034481959006,0.529264814794365,0.316503389929188,0.570544648114412,-1.94025232135883,208,"SP"
"208","Colin Poche","TBR","19403",-1.05578551147542,-0.941458790220801,-0.963034481959006,-0.250122950525011,0.265570712864794,0.947972199237507,-1.99685882207794,209,"SP"
"219","JP Sears","OAK","23429",-0.219263881022721,-0.479032056912973,-0.0429378431446678,-0.232611927633225,-0.276357611890994,-0.750451780816422,-2.000655101421,210,"SP"
"199","Michael Wacha","SDP","14078",0.45403401665872,0.0884916612375427,0.325100812381068,-1.36233341743056,-0.663167510143145,-0.844808668597196,-2.00268310589357,211,"SP"
"195","Michael Lorenzen","DET","14843",0.556048849640757,0.067472264269005,0.509120140143935,-1.14341165129057,-1.45964320045539,-0.656094893035648,-2.12650849072791,212,"SP"
"222","Wandy Peralta","NYY","14295",-0.912964745300568,-1.06757517203203,-0.963034481959006,0.646609056164932,-0.420570180435512,0.570544648114412,-2.14699087544777,213,"SP"
"206","Jimmy Herget","LAA","17556",-0.790546945722125,-0.878400599315188,-0.963034481959006,-0.284374783141285,-0.281926560636077,1.04232908701828,-2.1559542837554,214,"SP"
"233","Penn Murfee","SEA","25174",-0.912964745300568,-0.920439393252263,-0.963034481959006,0.0366681876509313,0.502715113592867,0.0987602092105427,-2.1582951100575,215,"SP"
"226","Bryan Baker","BAL","19804",-0.912964745300568,-0.815342408409575,-0.963034481959006,0.288731773313152,-0.258722607531569,0.476187760333638,-2.18514470955393,216,"SP"
"194","Carlos Estévez","LAA","14542",-0.872158812107754,-0.85738120234665,-0.963034481959006,-0.541490061047836,-0.601561014650676,1.60847041370292,-2.227155158409,217,"SP"
"217","Braxton Garrett","MIA","21844",0.0663776513269815,-0.100682911479296,0.1410814846182,-0.703733199406138,-0.900195891105697,-0.750451780816422,-2.24760464686237,218,"SP"
"201","Zach Jackson","OAK","19493",-0.994576611686198,-0.731264820535425,-0.963034481959006,0.403402921926629,-1.37077206006512,1.3253997503606,-2.33084530195852,219,"SP"
"196","Jorge López","MIN","14527",-0.688532112740088,-0.689226026598349,-0.963034481959006,-0.44840753444713,-1.05891093034053,1.51411352592215,-2.33399756016296,220,"SP"
"243","Tarik Skubal","DET","22267",-0.729338045932903,-0.731264820535425,-0.0429378431446678,-0.332784946038756,0.346784548730571,-0.844808668597196,-2.33434977551838,221,"SP"
"183","Daniel Bard","COL","7115",-0.851755845511347,-0.710245423566887,-0.963034481959006,-0.34794002277175,-1.36172251835436,1.89154107704525,-2.34315721511811,222,"SP"
"234","Eli Morgan","CLE","20203",-0.810949912318532,-0.815342408409575,-0.779015154196139,-0.872659069657167,0.714915264733593,0.193117096991317,-2.3699341828565,223,"SP"
"280","Andrew Kittredge","TBR","12828",-1.72908340915686,-1.78223466896231,-0.963034481959006,1.27523892065012,1.28538445180793,-0.4673811174741,-2.38111030509423,224,"SP"
"227","Drew Smyly","CHC","11760",0.22960138409824,-0.0166053236051454,0.1410814846182,-1.23699255111717,-0.661659253191352,-0.844808668597196,-2.38938292779443,225,"SP"
"221","Cionel Pérez","BAL","19614",-0.97417364508979,-0.962478187189338,-0.963034481959006,0.918154504294081,-1.27459167444694,0.853615311456734,-2.40250817293426,226,"SP"
"238","Drew Smith","NYM","17755",-1.05578551147542,-0.983497584157876,-0.963034481959006,0.0633764618933827,0.146302393907621,0.381830872552864,-2.41080784923843,227,"SP"
"228","Kyle Muller","OAK","20167",0.0255717181341669,-0.142721705416371,0.1410814846182,-0.634889734246843,-1.00693407538643,-0.844808668597196,-2.46270098089448,228,"SP"
"220","Griffin Jax","MIN","20253",-0.770143979125717,-0.836361805378113,-0.779015154196139,-0.981870766114212,0.0501220082894359,0.853615311456734,-2.46365438506801,229,"SP"
"231","Michael Soroka","ATL","18383",-0.158054981233499,-0.605148438724199,0.1410814846182,-0.693267361662277,-0.427415346601343,-0.750451780816422,-2.49325642441954,230,"SP"
"213","Tanner Scott","MIA","17586",-0.831352878914939,-0.500051453881511,-0.963034481959006,0.38149715331556,-1.6362252835807,1.04232908701828,-2.50683785800231,231,"SP"
"245","Connor Brogdon","PHI","21205",-0.953770678493383,-0.941458790220801,-0.963034481959006,-0.0703687892749241,0.190621944337231,0.193117096991317,-2.54489369861957,232,"SP"
"232","Emilio Pagán","MIN","14771",-0.831352878914939,-0.647187232661274,-0.963034481959006,-0.880112014717189,0.181456382860952,0.570544648114412,-2.56968557727704,233,"SP"
"209","Graham Ashcraft","CIN","27552",0.821287415394051,0.067472264269005,0.693139467906803,-1.36652428319379,-1.97813553257562,-0.844808668597196,-2.60756933679675,234,"SP"
"242","Tyler Wells","BAL","20000",-0.0356371816550549,-0.352915675101747,-0.0429378431446678,-1.30871298898961,-0.129940667801547,-0.750451780816422,-2.62059613750905,235,"SP"
"246","Andrew Painter","PHI","sa3017880",-0.443696513583201,-0.458012659944436,-0.0429378431446678,-0.863257938350451,0.0305146679161269,-0.844808668597196,-2.62219895570382,236,"SP"
"251","Yency Almonte","LAD","15068",-1.03538254487901,-1.02553637809495,-0.963034481959006,-0.279526970853003,0.354093793958493,0.28747398477209,-2.66191259705539,237,"SP"
"235","Aaron Loup","LAA","10343",-0.953770678493383,-1.08859456900056,-0.963034481959006,0.177435970638713,-0.602489172774857,0.75925842367596,-2.67119450791314,238,"SP"
"261","Jake Cousins","MIL","21620",-0.994576611686198,-0.794323011441037,-0.963034481959006,0.358277491654396,-0.210690424605236,-0.0899535663510051,-2.69430060438809,239,"SP"
"229","Zack Greinke","KCR","1943",0.433631050062313,-0.542090247818586,0.509120140143935,-1.42157187132709,-0.851815648882798,-0.844808668597196,-2.71753524641942,240,"SP"
"254","Adam Cimber","TOR","15288",-0.994576611686198,-1.29878853868594,-0.963034481959006,0.170277518848539,-0.0230864637552877,0.381830872552864,-2.72737770468503,241,"SP"
"225","James Kaprielian","OAK","18331",0.698869615815608,0.151549852143156,0.509120140143935,-1.91040804594784,-1.36125843929227,-0.844808668597196,-2.75693554573461,242,"SP"
"276","Jovani Moran","MIN","20422",-0.97417364508979,-0.710245423566887,-0.963034481959006,0.874207047101243,-0.566523045462869,-0.4673811174741,-2.80715066645141,243,"SP"
"257","Peter Strzelecki","MIL","21367",-0.892561778704161,-0.752284217503962,-0.963034481959006,-0.347464302874302,-0.058008413177572,0.193117096991317,-2.82023609722769,244,"SP"
"248","Dillon Tate","BAL","17796",-0.912964745300568,-1.15165275990618,-0.963034481959006,-0.221466490035867,-0.165906795113536,0.570544648114412,-2.84448062420074,245,"SP"
"240","Yusei Kikuchi","TOR","20633",0.00516875153775964,0.130530455174618,0.1410814846182,-1.13958323878253,-1.26554213273618,-0.750451780816422,-2.87879646100455,246,"SP"
"283","Garrett Crochet","CHW","27463",-1.34142704382512,-1.21471095081179,-0.963034481959006,1.04943054266135,-0.132377082877521,-0.278667341912553,-2.88078635872464,247,"SP"
"210","Jordan Lyles","KCR","7593",1.29055564711142,0.382763218797069,0.877158795669671,-2.63223370367598,-1.96931803039591,-0.844808668597196,-2.89588274109092,248,"SP"
"277","Tylor Megill","NYM","21318",-0.810949912318532,-0.752284217503962,-0.410976498670403,-0.507668641672111,0.32381263515711,-0.750451780816422,-2.90851841582432,249,"SP"
"230","Matt Manning","DET","20369",0.535645883044349,-0.142721705416371,0.509120140143935,-1.64042567748174,-1.33840254548433,-0.844808668597196,-2.92159257379135,250,"SP"
"244","Anthony DeSclafani","SFG","13050",-0.0152342150586476,-0.373935072070285,0.1410814846182,-1.2014721321077,-0.821882549377982,-0.656094893035648,-2.92753737703207,251,"SP"
"264","Adrian Morejon","SDP","20039",-0.647726179547274,-0.710245423566887,-0.594995826433271,-0.697548840739312,-0.0389811716318769,-0.278667341912553,-2.96816478383117,252,"SP"
"249","Ryne Stanek","HOU","15947",-0.953770678493383,-0.815342408409575,-0.963034481959006,0.113938690993597,-0.93001297084499,0.570544648114412,-2.97767720059895,253,"SP"
"236","Kevin Ginkel","ARI","19876",-0.933367711896976,-0.85738120234665,-0.963034481959006,-0.397709385376217,-1.00565785796568,1.13668597479905,-3.02046466474548,254,"SP"
"265","Ryan Thompson","TBR","16647",-1.13739737786105,-1.2777691417174,-0.963034481959006,0.0332022283980945,-0.0606768677845925,0.381830872552864,-3.02384476837109,255,"SP"
"241","Cade Cavalli","WSN","27473",0.392825116869498,0.235627440017306,0.325100812381068,-1.745922228073,-1.40905858268756,-0.844808668597196,-3.04623611008988,256,"SP"
"259","Jordan Hicks","STL","19618",-0.97417364508979,-0.920439393252263,-0.963034481959006,0.22398856060329,-0.911681847892427,0.476187760333638,-3.06915304725656,257,"SP"
"272","DL Hall","BAL","22207",-0.831352878914939,-0.500051453881511,-0.226957170907536,-0.124238404328825,-0.671172873964201,-0.750451780816422,-3.10422456281343,258,"SP"
"284","Matt Festa","SEA","19330",-1.09659144466823,-1.00451698112641,-0.963034481959006,-0.365926765560984,0.398065285091535,-0.0899535663510051,-3.12195795457411,259,"SP"
"271","Hoby Milner","MIL","13346",-0.912964745300568,-0.920439393252263,-0.963034481959006,-0.518089172759073,-0.0296995903900721,0.193117096991317,-3.15111028666967,260,"SP"
"273","Matt Strahm","PHI","13799",-1.07618847807183,-1.04655577506349,-0.963034481959006,-0.486034713002441,0.122054262913411,0.28747398477209,-3.16228520041126,261,"SP"
"255","Ryne Nelson","ARI","26253",0.0867806179233888,-0.226799293290522,0.325100812381068,-1.58315806316035,-0.919803231479006,-0.844808668597196,-3.16268782622261,262,"SP"
"239","Brad Boxberger","CHC","10133",-0.912964745300568,-0.899419996283725,-0.963034481959006,-0.562648269820058,-1.0628556023683,1.23104286257983,-3.16988023315183,263,"SP"
"214","Kyle Freeland","COL","16256",1.35176454690064,0.46684080667122,1.06117812343254,-2.79551889514298,-2.44952383989371,-0.844808668597196,-3.21006792662948,264,"SP"
"300","Casey Sadler","","11209",-1.40263594361434,-1.53000190533985,-0.963034481959006,0.569202632851568,0.389827881739435,-0.278667341912553,-3.21530915823475,265,"SP"
"250","Aroldis Chapman","KCR","10233",-1.13739737786105,-0.920439393252263,-0.963034481959006,0.307760569211082,-1.47031701888346,0.947972199237507,-3.23545550350719,266,"SP"
"258","Brayan Bello","BOS","23920",0.0459746847305742,-0.0166053236051454,0.1410814846182,-0.765984545986508,-1.80178548898136,-0.844808668597196,-3.24212785782144,267,"SP"
"253","Tyler Rogers","SFG","15541",-0.729338045932903,-1.19369155384325,-0.963034481959006,-0.331493706317111,-0.985006339702674,0.947972199237507,-3.25459192851744,268,"SP"
"252","Dany Jiménez","OAK","21170",-0.953770678493383,-0.899419996283725,-0.963034481959006,-0.286617462657826,-1.11344022013613,0.947972199237507,-3.26831064029256,269,"SP"
"278","Jakob Junis","SFG","13619",-0.382487613793979,-0.542090247818586,-0.410976498670403,-0.96900367555466,-0.538910341268503,-0.4673811174741,-3.31084949458023,270,"SP"
"247","Ryan Tepera","LAA","10291",-0.892561778704161,-0.962478187189338,-0.963034481959006,-0.847763061690707,-0.78394408605211,1.13668597479905,-3.31309562079627,271,"SP"
"282","Scott Alexander","SFG","10591",-1.09659144466823,-1.42490492049717,-0.963034481959006,0.528925014867617,-0.647620861563125,0.28747398477209,-3.31575270904782,272,"SP"
"281","JT Chargois","MIA","13767",-1.07618847807183,-1.19369155384325,-0.963034481959006,0.0288301360072601,-0.406415769041762,0.28747398477209,-3.3230261621365,273,"SP"
"270","Mike Clevinger","CHW","12808",-0.158054981233499,-0.436993262975898,0.1410814846182,-1.57479898496233,-0.486933486314407,-0.844808668597196,-3.36050789946513,274,"SP"
"295","Drew Pomeranz","SDP","11426",-1.34142704382512,-1.2777691417174,-0.963034481959006,0.623366741175319,-0.414885211924909,0.00440332142976879,-3.36934581682135,275,"SP"
"285","Clarke Schmidt","NYY","19899",-0.504905413372423,-0.584129041755661,-0.594995826433271,-0.406612143457034,-0.826639359764406,-0.4673811174741,-3.3846629022569,276,"SP"
"256","MacKenzie Gore","WSN","22201",0.22960138409824,0.130530455174618,0.325100812381068,-1.44855198551094,-1.89935811178582,-0.750451780816422,-3.41312922645926,277,"SP"
"292","Nabil Crismatt","SDP","17732",-0.872158812107754,-1.00451698112641,-0.963034481959006,-0.114361553124661,-0.377178788130083,-0.0899535663510051,-3.42120418279892,278,"SP"
"294","Shawn Armstrong","TBR","12857",-0.912964745300568,-0.878400599315188,-0.963034481959006,-0.399816144922059,-0.205469535156721,-0.0899535663510051,-3.44963907300455,279,"SP"
"266","Kyle Hendricks","CHC","12049",0.147989517712611,-0.521070850850048,0.325100812381068,-1.80260085585469,-0.787424679017786,-0.844808668597196,-3.48281472422604,280,"SP"
"290","Trevor Gott","SEA","15046",-0.994576611686198,-1.06757517203203,-0.963034481959006,-0.751123962523364,0.0786628706079799,0.193117096991317,-3.5045302606013,281,"SP"
"269","Wade Miley","MIL","8779",-0.0356371816550549,-0.647187232661274,0.325100812381068,-0.728266754117399,-1.58250813214376,-0.844808668597196,-3.51330715679362,282,"SP"
"260","Lucas Sims","CIN","13470",-0.912964745300568,-0.647187232661274,-0.963034481959006,-1.39416134390269,-0.656902442804927,1.04232908701828,-3.53192115961019,283,"SP"
"274","John Brebbia","SFG","12777",-0.97417364508979,-1.08859456900056,-0.963034481959006,-0.613482338861671,-0.677437941302418,0.75925842367596,-3.55746455253749,284,"SP"
"289","Richard Bleier","BOS","7803",-1.03538254487901,-1.42490492049717,-0.963034481959006,0.0167785652719051,-0.553412811958823,0.381830872552864,-3.57812532146924,285,"SP"
"263","Gregory Soto","PHI","19677",-0.851755845511347,-0.7733036144725,-0.963034481959006,-0.069983682691275,-1.88682797710938,0.947972199237507,-3.596933402506,286,"SP"
"287","Rich Hill","PIT","4806",-0.0764431148478695,-0.41597386600736,-0.0429378431446678,-1.35932052474672,-0.89532306095375,-0.844808668597196,-3.63480707829756,287,"SP"
"275","Carl Edwards Jr.","WSN","13607",-0.912964745300568,-0.983497584157876,-0.963034481959006,-0.368418631690475,-1.17875934812532,0.75925842367596,-3.64741636755728,288,"SP"
"286","Mychal Givens","BAL","10430",-0.912964745300568,-0.836361805378113,-0.963034481959006,-0.38873866731005,-0.937554255603955,0.381830872552864,-3.65682308299883,289,"SP"
"293","Will Smith","","8048",-0.994576611686198,-0.941458790220801,-0.963034481959006,-0.644313518882007,-0.426139129180594,0.28747398477209,-3.68204854715652,290,"SP"
"268","Michael Fulmer","CHC","13218",-0.872158812107754,-0.962478187189338,-0.963034481959006,-0.695487387850369,-1.30359661582757,1.04232908701828,-3.75442639791576,291,"SP"
"291","Drey Jameson","ARI","26260",-0.30087574740835,-0.605148438724199,0.1410814846182,-1.14391002451646,-1.03837543184304,-0.844808668597196,-3.79203682647105,292,"SP"
"267","Madison Bumgarner","ARI","5524",0.841690381990459,0.067472264269005,0.325100812381068,-2.64423996775443,-1.5451497676455,-0.844808668597196,-3.7999349453566,293,"SP"
"297","Andrew Bellatti","PHI","10657",-0.994576611686198,-0.710245423566887,-0.963034481959006,-0.274271398652622,-1.08107070555534,0.193117096991317,-3.83008152442873,294,"SP"
"288","Lou Trivino","NYY","15043",-1.0149795782826,-1.00451698112641,-0.963034481959006,-0.456087012791652,-1.21356527778208,0.75925842367596,-3.8929249082658,295,"SP"
"298","José Quijada","LAA","19200",-1.07618847807183,-0.836361805378113,-0.963034481959006,-0.602427514578112,-0.827683537654108,0.381830872552864,-3.9238649450883,296,"SP"
"279","Shintaro Fujinami","OAK","31839",0.494839949851535,0.382763218797069,0.1410814846182,-1.29874552447165,-2.80756083629627,-0.844808668597196,-3.9324303760983,297,"SP"
"262","Patrick Corbin","WSN","9323",0.882496315183273,0.340724424859994,0.693139467906803,-2.58534131378465,-2.44766752364534,-0.844808668597196,-3.96145729807712,298,"SP"
"299","Trevor Williams","WSN","16977",0.147989517712611,-0.226799293290522,-0.0429378431446678,-2.01037718439732,-1.25266393876317,-0.750451780816422,-4.1352405226995,299,"SP"
"296","Jonathan Hernández","TEX","17464",-0.994576611686198,-1.06757517203203,-0.963034481959006,-0.116853419254152,-1.94623009705693,0.853615311456734,-4.23465447053157,300,"SP"
