,playerid,Name,Team,pIP,pQS,pSO,pWHIP,pERA,pSVHD,IP,QS,SO,wWHIP,wERA,SVHD,pr,rank,og_rank,rank_dif,pos_SP,pos_RP,adp,rank
659,3548,Liam Hendriks,CHW,67,0,98,0.92,2.7,34,0.18080874,-0.5710987,0.86780446,2.8005983,2.52615013,3.82485917,9.62912207,38,88,50,0,1,43,1
152,14212,Josh Hader,MIL,62,0,101,0.98,2.54,34,0.07271801,-0.5710987,0.93198954,2.17372786,2.55777627,3.82485917,8.98997212,43,117,74,0,1,36,2
303,17282,Michael Kopech,CHW,128,7,160,1.2,3.75,6,1.49951568,1.09238383,2.19429614,1.7642006,1.82285765,0.12339307,8.49664698,48,40,-8,1,1,132,3
621,23735,Luis Garcia,HOU,137,7,144,1.25,3.94,10,1.694079,1.09238383,1.85197571,1.17484072,1.34765899,0.65217394,7.8131122,55,63,8,1,1,NA,4
557,21032,Emmanuel Clase,CLE,65,0,73,1.11,2.64,34,0.13757245,-0.5710987,0.33292878,1.38851893,2.53718674,3.82485917,7.64996734,56,110,54,0,1,63,5
293,17130,Raisel Iglesias,LAA,65,0,87,1.06,3.2,33,0.13757245,-0.5710987,0.63245916,1.7359988,1.67330303,3.69266396,7.30089866,62,144,82,0,1,74,6
188,14986,Giovanny Gallegos,STL,69,0,81,1.04,3.32,30,0.22404503,-0.5710987,0.504089,2.00698235,1.5923718,3.2960783,7.05246775,67,143,76,0,1,117,7
707,7005,Ryan Pressly,HOU,62,0,74,1.08,2.89,32,0.07271801,-0.5710987,0.35432381,1.51084318,2.04276868,3.56046874,6.97002368,68,140,72,0,1,80,8
175,14710,Edwin Díaz,NYM,64,0,93,1.12,3.28,33,0.1159543,-0.5710987,0.76082932,1.29457841,1.52289507,3.69266396,6.81582233,71,139,68,0,1,90,9
243,16122,Jordan Romano,TOR,64,0,81,1.15,3.13,31,0.1159543,-0.5710987,0.504089,1.08929799,1.75073253,3.42827352,6.31724861,77,171,94,0,1,146,10
69,12572,Blake Treinen,LAD,66,0,73,1.18,3.32,33,0.15919059,-0.5710987,0.33292878,0.92007664,1.51423177,3.69266396,6.04799301,82,177,95,0,1,112,11
116,13449,Taylor Rogers,MIN,60,0,76,1.12,3.13,30,0.02948171,-0.5710987,0.39711386,1.19680021,1.62850869,3.2960783,5.97688405,85,126,41,0,1,187,12
11,10233,Aroldis Chapman,NYY,62,0,98,1.21,3.07,29,0.07271801,-0.5710987,0.86780446,0.64909309,1.77790763,3.16388308,5.96030754,86,159,73,0,1,83,13
223,15552,Chad Green,NYY,70,0,86,1.06,3.56,22,0.24566318,-0.5710987,0.61106413,1.89029661,1.21970292,2.23851656,5.63414467,92,145,53,0,1,299,14
83,12828,Andrew Kittredge,TBR,68,0,73,1.15,3.21,25,0.20242689,-0.5710987,0.33292878,1.17424615,1.74384848,2.63510221,5.51745378,96,176,80,0,1,278,15
189,14993,Scott Barlow,KCR,70,0,82,1.26,3.52,32,0.24566318,-0.5710987,0.52548403,0.39346023,1.28615552,3.56046874,5.44013296,99,169,70,0,1,164,16
648,3096,Kenley Jansen,ATL,63,0,75,1.18,3.6,32,0.09433615,-0.5710987,0.37571884,0.86598803,1.01744041,3.56046874,5.34285343,100,192,92,0,1,102,17
699,6655,Craig Kimbrel,CHW,61,0,92,1.14,3.42,26,0.05109986,-0.5710987,0.7394343,1.09080616,1.23922667,2.76729743,5.31676568,102,184,82,0,1,201,18
448,19569,David Bednar,PIT,65,0,78,1.16,3.32,26,0.13757245,-0.5710987,0.43990392,1.04103905,1.48818509,2.76729743,5.30289921,103,167,64,0,1,274,19
232,15816,Devin Williams,MIL,59,0,84,1.17,2.89,24,0.00786357,-0.5710987,0.56827408,0.85695086,1.93401299,2.50290699,5.29890975,104,137,33,0,1,268,20
191,15010,Corey Knebel,PHI,58,0,73,1.18,3.54,33,-0.0137546,-0.5710987,0.33292878,0.77584036,1.0030244,3.69266396,5.21960418,106,228,122,0,1,202,21
510,20191,Garrett Whitlock,BOS,88,1,91,1.22,3.58,17,0.63478982,-0.3334584,0.71803927,0.94037898,1.54424606,1.57754047,5.08153623,107,107,0,0,1,254,22
142,13892,Paul Sewald,SEA,64,0,86,1.15,3.59,26,0.1159543,-0.5710987,0.61106413,1.08929799,1.05203099,2.76729743,5.06454611,108,252,144,0,1,290,23
325,17606,Cristian Javier,HOU,109,6,131,1.25,4.1,5,1.0887709,0.85474346,1.57384036,0.87957083,0.61645338,-0.0088021,5.00457678,109,132,23,1,1,232,24
462,19753,Jonathan Loáisiga,NYY,69,0,72,1.19,3.19,22,0.22404503,-0.5710987,0.31153376,0.9003926,1.80525743,2.23851656,4.90864664,112,142,30,0,1,300,25
461,19742,Anthony Bender,MIA,65,0,72,1.2,3.49,26,0.13757245,-0.5710987,0.31153376,0.76305516,1.22593468,2.76729743,4.63429474,119,195,76,0,1,NA,26
252,16258,Aaron Bummer,CHW,61,0,73,1.24,3.12,23,0.05109986,-0.5710987,0.33292878,0.43861317,1.67354183,2.37071178,4.29579668,121,136,15,0,1,NA,27
85,12863,Matt Barnes,BOS,60,0,84,1.26,3.79,28,0.02948171,-0.5710987,0.56827408,0.29869838,0.68867917,3.03168787,4.04572248,125,178,53,0,1,203,28
51,11804,Héctor Neris,HOU,70,0,87,1.21,3.81,21,0.24566318,-0.5710987,0.63245916,0.76766932,0.80437422,2.10632134,3.98538849,128,278,150,0,1,NA,29
504,20151,James Karinchak,CLE,59,0,81,1.22,3.56,24,0.00786357,-0.5710987,0.504089,0.54154605,0.99584478,2.50290699,3.98115165,129,182,53,0,1,NA,30
693,6398,Trevor May,NYM,65,0,81,1.22,3.66,22,0.13757245,-0.5710987,0.504089,0.62406321,0.96368427,2.23851656,3.89682675,131,262,131,0,1,NA,31
495,20000,Tyler Wells,BAL,91,1,98,1.21,4.39,18,0.69964426,-0.3334584,0.86780446,1.07893193,-0.1454902,1.70973569,3.87716776,132,114,-18,0,1,NA,32
715,7550,Jake McGee,SFG,57,0,56,1.16,3.75,27,-0.0353727,-0.5710987,-0.0307867,0.87969607,0.69811416,2.89949265,3.84004474,133,283,150,0,1,286,33
115,13435,Pierce Johnson,SDP,60,0,74,1.26,3.63,26,0.02948171,-0.5710987,0.35432381,0.29869838,0.91651663,2.76729743,3.79521923,134,216,82,0,1,NA,34
589,21992,Camilo Doval,SFG,59,0,74,1.29,3.61,26,0.00786357,-0.5710987,0.35432381,0.09997932,0.92583222,2.76729743,3.58419761,137,238,101,0,1,213,35
317,17496,Diego Castillo,SEA,60,0,69,1.17,3.4,18,0.02948171,-0.5710987,0.24734867,0.87604956,1.24403298,1.70973569,3.53554988,140,200,60,0,1,343,36
117,13470,Lucas Sims,CIN,56,0,78,1.19,3.78,23,-0.0569909,-0.5710987,0.43990392,0.67990783,0.64240115,2.37071178,3.50483507,141,194,53,0,1,324,37
724,8048,Will Smith,ATL,65,0,77,1.17,3.75,18,0.13757245,-0.5710987,0.41850889,0.97154308,0.82484582,1.70973569,3.49110719,142,248,106,0,1,198,38
725,8048,Will Smith,ATL,65,0,77,1.17,3.75,18,0.13757245,-0.5710987,0.41850889,0.97154308,0.82484582,1.70973569,3.49110719,142,248,106,0,1,66,39
440,19459,Jorge Alcala,MIN,64,0,69,1.21,3.94,23,0.1159543,-0.5710987,0.24734867,0.67873715,0.52041025,2.37071178,3.36206341,148,220,72,0,1,NA,40
709,7146,Daniel Hudson,LAD,58,0,73,1.21,3.91,24,-0.0137546,-0.5710987,0.33292878,0.58980498,0.49371274,2.50290699,3.33450018,149,235,86,0,1,NA,41
222,15541,Tyler Rogers,SFG,71,0,50,1.28,3.7,24,0.26728133,-0.5710987,-0.1591568,0.25111444,1.00414696,2.50290699,3.29519414,150,239,89,0,1,308,42
454,19677,Gregory Soto,DET,65,0,76,1.36,3.76,26,0.13757245,-0.5710987,0.39711386,-0.3488804,0.80941933,2.76729743,3.19142389,154,244,90,0,1,237,43
220,15514,Kendall Graveman,CHW,58,0,60,1.2,3.48,20,-0.0137546,-0.5710987,0.05479343,0.65181677,1.08561548,1.97412612,3.18149849,155,261,106,0,1,323,44
93,12988,Andrew Chafin,DET,62,0,60,1.22,3.57,20,0.07271801,-0.5710987,0.05479343,0.58280463,1.0421825,1.97412612,3.15552595,156,215,59,0,1,NA,45
66,12447,Seth Lugo,NYM,62,1,68,1.2,3.85,19,0.07271801,-0.3334584,0.22595365,0.71538156,0.63017642,1.8419309,3.15270217,157,267,110,0,1,NA,46
81,12804,Matt Wisler,TBR,62,0,73,1.17,3.93,19,0.07271801,-0.5710987,0.33292878,0.91424697,0.5124604,1.8419309,3.10318633,158,299,141,0,1,NA,47
619,23550,Aaron Ashby,MIL,88,4,102,1.28,3.79,2,0.63478982,0.37946273,0.95338457,0.37585783,1.10565894,-0.4053878,3.0437661,159,99,-60,1,1,NA,48
133,13758,Tyler Duffey,MIN,65,0,67,1.29,4.05,26,0.13757245,-0.5710987,0.20455862,0.13759138,0.36205098,2.76729743,3.03797212,160,277,117,0,1,NA,49
2,10058,Tyler Matzek,ATL,61,0,76,1.33,3.38,20,0.05109986,-0.5710987,0.39711386,-0.1483605,1.29713535,1.97412612,3.00001594,161,198,37,0,1,302,50
206,15256,Cole Sulser,BAL,67,0,74,1.29,3.9,22,0.18080874,-0.5710987,0.35432381,0.15012874,0.61801139,2.23851656,2.97069051,162,186,24,0,1,NA,51
714,7531,Collin McHugh,ATL,63,0,69,1.15,3.48,12,0.09433615,-0.5710987,0.24734867,1.06806095,1.19686241,0.91656438,2.95207382,163,202,39,0,1,322,52
368,18335,Josh Staumont,KCR,63,0,71,1.32,3.72,23,0.09433615,-0.5710987,0.29013873,-0.0770189,0.83801841,2.37071178,2.94508744,164,264,100,0,1,NA,53
100,13218,Michael Fulmer,DET,61,0,60,1.25,3.73,22,0.05109986,-0.5710987,0.05479343,0.37339387,0.79043433,2.23851656,2.93713932,165,199,34,0,1,NA,54
665,4264,Mark Melancon,ARI,63,0,53,1.35,3.77,27,0.09433615,-0.5710987,-0.0949718,-0.2790918,0.76325924,2.89949265,2.81192575,167,260,93,0,1,218,55
5,10078,Caleb Thielbar,MIN,64,0,71,1.23,3.74,17,0.1159543,-0.5710987,0.29013873,0.54188354,0.82419353,1.57754047,2.77861183,168,187,19,0,1,NA,56
394,18806,Drew Steckenrider,SEA,64,0,60,1.24,3.89,21,0.1159543,-0.5710987,0.05479343,0.47345673,0.59635607,2.10632134,2.77578314,169,319,150,0,1,NA,57
720,7803,Richard Bleier,MIA,63,0,47,1.21,3.56,18,0.09433615,-0.5710987,-0.2233419,0.66391512,1.07724774,1.70973569,2.75079404,170,246,76,0,1,NA,58
195,15043,Lou Trivino,OAK,67,0,63,1.35,4,26,0.18080874,-0.5710987,0.11897851,-0.2796771,0.45899983,2.76729743,2.67530864,173,351,178,0,1,275,59
298,17186,Dinelson Lamet,SDP,61,2,75,1.21,3.58,10,0.05109986,-0.095818,0.37571884,0.63427107,1.00759191,0.65217394,2.62503762,174,168,-6,0,1,345,60
194,15042,Tim Mayza,TOR,59,0,62,1.25,3.68,19,0.00786357,-0.5710987,0.09758348,0.35230316,0.82781465,1.8419309,2.55639703,175,207,32,0,1,NA,61
110,13394,Dylan Floro,MIA,61,0,55,1.29,3.74,22,0.05109986,-0.5710987,-0.0521817,0.11251667,0.77595716,2.23851656,2.55480981,176,279,103,0,1,257,62
167,14646,Rowan Wick,CHC,58,0,64,1.34,4.04,27,-0.0137546,-0.5710987,0.14037354,-0.2163483,0.3147654,2.89949265,2.55342994,177,280,103,0,1,301,63
673,5003,Jake Diekman,BOS,61,0,80,1.36,3.81,21,0.05109986,-0.5710987,0.48269397,-0.3440184,0.67461696,2.10632134,2.39961497,178,250,72,0,1,NA,64
12,10291,Ryan Tepera,LAA,61,0,68,1.27,3.96,20,0.05109986,-0.5710987,0.22595365,0.24295527,0.45745938,1.97412612,2.38049554,179,276,97,0,1,NA,65
47,11752,Luke Jackson,ATL,59,0,63,1.32,3.71,21,0.00786357,-0.5710987,0.11897851,-0.0892636,0.78580712,2.10632134,2.35860823,181,293,112,0,1,NA,66
178,14771,Emilio Pagán,SDP,60,0,65,1.18,4.41,21,0.02948171,-0.5710987,0.16176857,0.81189943,-0.194191,2.10632134,2.34418132,184,457,273,0,1,NA,67
360,18251,Art Warren,CIN,50,0,65,1.23,3.42,17,-0.1866998,-0.5710987,0.16176857,0.36431187,0.97881959,1.57754047,2.324642,186,174,-12,0,1,NA,68
641,27463,Garrett Crochet,CHW,62,0,76,1.26,3.48,12,0.07271801,-0.5710987,0.39711386,0.31765075,1.17461302,0.91656438,2.30756129,187,173,-14,0,1,NA,69
136,13767,JT Chargois,TBR,61,0,64,1.29,3.7,18,0.05109986,-0.5710987,0.14037354,0.11251667,0.83386585,1.70973569,2.27649287,188,317,129,0,1,NA,70
213,15451,Mike Mayers,LAA,63,0,73,1.27,4.09,19,0.09433615,-0.5710987,0.33292878,0.2597693,0.28480057,1.8419309,2.24266698,190,233,43,0,1,NA,71
16,10343,Aaron Loup,LAA,58,0,58,1.26,3.59,17,-0.0137546,-0.5710987,0.01200338,0.27974602,0.9341985,1.57754047,2.21863504,191,307,116,0,1,NA,72
316,17490,Génesis Cabrera,STL,64,1,71,1.32,3.83,16,0.1159543,-0.3334584,0.29013873,-0.0739577,0.68749105,1.44534525,2.13151325,192,214,22,0,1,NA,73
55,11847,Chris Martin,CHC,57,0,50,1.21,4.11,20,-0.0353727,-0.5710987,-0.1591568,0.57498295,0.21111159,1.97412612,1.99459236,193,291,98,0,1,NA,74
291,17092,Domingo Acevedo,OAK,62,0,64,1.2,4.06,15,0.07271801,-0.5710987,0.14037354,0.71538156,0.32117186,1.31315003,1.99169627,194,326,132,0,1,NA,75
88,12910,Ken Giles,SEA,48,0,58,1.22,3.8,19,-0.229936,-0.5710987,0.01200338,0.39026459,0.49858168,1.8419309,1.94174576,195,289,94,0,1,NA,76
190,15009,Kyle Finnegan,WSN,64,0,65,1.4,4.21,25,0.1159543,-0.5710987,0.16176857,-0.6213722,0.11030282,2.63510221,1.830657,200,387,187,0,1,NA,77
106,13345,Luis Cessa,CIN,69,0,60,1.3,4.1,18,0.22404503,-0.5710987,0.05479343,0.08889344,0.31505804,1.70973569,1.8214269,201,325,124,0,1,NA,78
32,11209,Casey Sadler,SEA,53,0,51,1.18,3.74,15,-0.1218453,-0.5710987,-0.1377618,0.68569268,0.64732686,1.31315003,1.81546371,202,318,116,0,1,NA,79
604,22296,Joe Barlow,TEX,56,0,60,1.38,4.01,24,-0.0569909,-0.5710987,0.05479343,-0.4576878,0.33671922,2.50290699,1.80864222,203,391,188,0,1,244,80
728,8241,David Robertson,CHC,54,0,61,1.24,3.82,16,-0.1002272,-0.5710987,0.07618846,0.35731151,0.56087879,1.44534525,1.7683981,204,404,200,0,1,NA,81
731,8410,Deolis Guerra,OAK,62,0,59,1.28,4.34,21,0.07271801,-0.5710987,0.0333984,0.18507382,-0.0908342,2.10632134,1.73557862,205,383,178,0,1,NA,82
240,15947,Ryne Stanek,HOU,65,0,78,1.31,4.1,16,0.13757245,-0.5710987,0.43990392,-0.0014006,0.2849185,1.44534525,1.73524082,206,405,199,0,1,NA,83
582,21620,Jake Cousins,MIL,55,0,68,1.27,3.56,13,-0.078609,-0.5710987,0.22595365,0.19251318,0.91444181,1.0487596,1.73196048,207,243,36,0,1,NA,84
134,13761,Chris Stratton,PIT,65,0,66,1.36,4.24,22,0.13757245,-0.5710987,0.18316359,-0.3488804,0.06894758,2.23851656,1.708221,209,314,105,0,1,NA,85
58,12095,Yimi García,TOR,59,0,61,1.22,4.24,17,0.00786357,-0.5710987,0.07618846,0.54154605,0.04367405,1.57754047,1.67571386,211,427,216,0,1,NA,86
352,17998,Pete Fairbanks,TBR,46,0,57,1.27,3.59,18,-0.2731723,-0.5710987,-0.0093917,0.11685003,0.69853351,1.70973569,1.67145651,212,251,39,0,1,NA,87
326,17610,Tanner Rainey,WSN,56,0,74,1.38,4.48,25,-0.0569909,-0.5710987,0.35432381,-0.4576878,-0.2879352,2.63510221,1.61571345,213,371,158,0,1,NA,88
385,18655,A.J. Minter,ATL,55,0,61,1.28,3.73,15,-0.078609,-0.5710987,0.07618846,0.13370889,0.69253762,1.31315003,1.56587724,214,232,18,0,1,NA,89
528,20367,Brusdar Graterol,LAD,55,0,50,1.26,3.64,15,-0.078609,-0.5710987,-0.1591568,0.25131746,0.81001631,1.31315003,1.56561921,215,188,-27,0,1,NA,90
361,18282,Jarlín García,SFG,61,0,56,1.27,3.99,16,0.05109986,-0.5710987,-0.0307867,0.24295527,0.41402786,1.44534525,1.55154283,217,548,331,0,1,NA,91
8,10133,Brad Boxberger,MIL,62,0,72,1.33,4.27,19,0.07271801,-0.5710987,0.31153376,-0.1463685,0.01216731,1.8419309,1.52088272,220,390,170,0,1,NA,92
632,25007,Alex Vesia,LAD,55,0,70,1.29,3.97,16,-0.078609,-0.5710987,0.2687437,0.0749046,0.37926111,1.44534525,1.51854691,221,313,92,0,1,NA,93
337,17783,Jake Brentz,KCR,55,0,64,1.38,3.9,20,-0.078609,-0.5710987,0.14037354,-0.454334,0.47063343,1.97412612,1.48109136,222,334,112,0,1,NA,94
723,7982,Anthony Bass,MIA,61,0,56,1.3,4.1,18,0.05109986,-0.5710987,-0.0307867,0.04729737,0.25477897,1.70973569,1.46102647,223,504,281,0,1,NA,95
422,19343,A.J. Puk,OAK,74,2,78,1.33,4.24,11,0.33213577,-0.095818,0.43990392,-0.1224645,0.10685786,0.78436916,1.44498421,224,166,-58,0,1,NA,96
180,14843,Michael Lorenzen,LAA,95,4,81,1.37,4.39,8,0.78611685,0.37946273,0.504089,-0.4869166,-0.142881,0.38778351,1.42765445,225,218,-7,1,1,NA,97
418,19309,Trevor Richards,TOR,59,1,64,1.25,4.12,13,0.00786357,-0.3334584,0.14037354,0.35230316,0.21170418,1.0487596,1.42754568,226,281,55,0,1,NA,98
711,7274,Craig Stammen,SDP,62,0,55,1.21,3.86,10,0.07271801,-0.5710987,-0.0521817,0.64909309,0.61546192,0.65217394,1.36616652,228,286,58,0,1,NA,99
738,9111,Brad Hand,PHI,56,0,60,1.27,4.16,17,-0.0569909,-0.5710987,0.05479343,0.20092019,0.13736144,1.57754047,1.34252592,229,409,180,0,1,334,100
126,13649,Clay Holmes,NYY,62,0,67,1.35,3.98,16,0.07271801,-0.5710987,0.20455862,-0.2789455,0.43888789,1.44534525,1.31146557,230,213,-17,0,1,NA,101
323,17586,Tanner Scott,BAL,57,0,70,1.38,3.98,18,-0.0353727,-0.5710987,0.2687437,-0.4610417,0.38697363,1.70973569,1.2979399,231,190,-41,0,1,NA,102
39,11487,Joely Rodríguez,NYY,56,0,58,1.3,3.83,15,-0.0569909,-0.5710987,0.01200338,0.02129983,0.57594855,1.31315003,1.29431218,232,222,-10,0,1,NA,103
359,18152,Anthony Misiewicz,SEA,54,0,54,1.27,4.15,18,-0.1002272,-0.5710987,-0.0735767,0.18410616,0.1379555,1.70973569,1.28689471,233,331,98,0,1,NA,104
381,18519,Phil Bickford,LAD,53,0,60,1.25,3.91,14,-0.1218453,-0.5710987,0.05479343,0.28903104,0.4334919,1.18095481,1.26532714,234,294,60,0,1,NA,105
276,16647,Ryan Thompson,TBR,51,0,50,1.22,3.69,13,-0.1650816,-0.5710987,-0.1591568,0.43152317,0.6756886,1.0487596,1.26063419,235,306,71,0,1,NA,106
17,10430,Mychal Givens,CHC,57,0,64,1.34,4.3,20,-0.0353727,-0.5710987,0.14037354,-0.2172712,-0.0459175,1.97412612,1.24483949,236,524,288,0,1,NA,107
333,17735,Tyler Alexander,DET,102,3,84,1.31,4.45,3,0.93744387,0.14182236,0.56827408,0.15142202,-0.2835614,-0.2731926,1.2422084,237,165,-72,1,1,NA,108
145,13942,Brent Suter,MIL,69,0,62,1.28,3.94,10,0.22404503,-0.5710987,0.09758348,0.23643875,0.57707112,0.65217394,1.21621359,238,287,49,0,1,NA,109
68,1247,Adam Ottavino,NYM,60,0,72,1.38,4.06,17,0.02948171,-0.5710987,0.31153376,-0.4711032,0.30420345,1.57754047,1.18055747,239,401,162,0,1,NA,110
279,16814,Tim Hill,SDP,53,0,50,1.3,3.94,17,-0.1218453,-0.5710987,-0.1591568,0.0057013,0.39575633,1.57754047,1.1268972,241,327,86,0,1,NA,111
336,17780,José Alvarado,PHI,56,0,70,1.46,3.83,19,-0.0569909,-0.5710987,0.2687437,-0.9366755,0.57594855,1.8419309,1.12185809,242,266,24,0,1,NA,112
310,17369,Brett Martin,TEX,61,0,48,1.34,3.95,17,0.05109986,-0.5710987,-0.2019469,-0.2135798,0.47193655,1.57754047,1.11395142,243,290,47,0,1,NA,113
356,18064,Phil Maton,HOU,63,0,72,1.3,4.08,12,0.09433615,-0.5710987,0.31153376,0.05769639,0.2997524,0.91656438,1.10878435,244,273,29,0,1,NA,114
694,6399,José Cisnero,DET,63,0,65,1.37,4.02,16,0.09433615,-0.5710987,0.16176857,-0.4138071,0.3894634,1.44534525,1.10600757,245,301,56,0,1,NA,115
745,9761,Joe Kelly,CHW,50,0,54,1.29,3.56,13,-0.1866998,-0.5710987,-0.0735767,0.04356121,0.81268811,1.0487596,1.0736337,247,269,22,0,1,NA,116
135,13763,Dominic Leone,SFG,58,0,59,1.33,4.03,16,-0.0137546,-0.5710987,0.0333984,-0.1543365,0.32853058,1.44534525,1.06808438,248,458,210,0,1,NA,117
706,6986,Ian Kennedy,ARI,57,0,61,1.27,4.25,15,-0.0353727,-0.5710987,0.07618846,0.20932721,0.0217217,1.31315003,1.01391593,249,778,529,0,1,NA,118
3,10061,Brooks Raley,TBR,48,0,53,1.25,3.83,14,-0.229936,-0.5710987,-0.0949718,0.23630428,0.46440606,1.18095481,0.9856586,250,337,87,0,1,NA,119
651,3184,David Price,LAD,75,3,69,1.3,4.17,4,0.35375391,0.14182236,0.24734867,0.1200905,0.23566873,-0.1409974,0.95768681,251,245,-6,1,1,NA,120
700,6661,Alex Colomé,COL,62,0,52,1.4,4.51,24,0.07271801,-0.5710987,-0.1163668,-0.6103878,-0.3409808,2.50290699,0.93679092,252,474,222,0,1,318,121
545,20517,Nick Sandlin,CLE,50,0,64,1.3,3.72,12,-0.1866998,-0.5710987,0.14037354,-0.0098972,0.62282356,0.91656438,0.91206576,254,236,-18,0,1,NA,122
208,15288,Adam Cimber,TOR,63,0,46,1.3,4.07,14,0.09433615,-0.5710987,-0.244737,0.05769639,0.31470424,1.18095481,0.83185591,256,315,59,0,1,NA,123
43,11632,Heath Hembree,PIT,61,0,73,1.3,4.67,16,0.05109986,-0.5710987,0.33292878,0.04729737,-0.5704198,1.44534525,0.7351527,262,375,113,0,1,NA,124
275,16610,J.P. Feyereisen,TBR,60,0,60,1.4,4.29,19,0.02948171,-0.5710987,0.05479343,-0.5994034,-0.0233129,1.8419309,0.73239097,263,751,488,0,1,NA,125
531,20373,Andrés Muñoz,SEA,47,0,61,1.32,3.55,11,-0.2515542,-0.5710987,0.07618846,-0.1259976,0.76279043,0.78436916,0.67469749,265,302,37,0,1,NA,126
486,19926,Tony Santillan,CIN,66,1,75,1.34,4.36,11,0.15919059,-0.3334584,0.37571884,-0.2089657,-0.1148061,0.78436916,0.66204849,266,272,6,0,1,NA,127
309,17359,Josh Taylor,BOS,49,0,59,1.33,3.95,14,-0.2083179,-0.5710987,0.0333984,-0.1722646,0.33879842,1.18095481,0.60147045,267,240,-27,0,1,NA,128
226,15684,Miguel Castro,NYM,59,0,64,1.39,3.91,13,0.00786357,-0.5710987,0.14037354,-0.5308303,0.5057569,1.0487596,0.60082457,268,454,186,0,1,NA,129
794,sa869798,Robert Suarez,SDP,51,0,52,1.28,4.15,14,-0.1650816,-0.5710987,-0.1163668,0.1043575,0.11891081,1.18095481,0.551676,270,268,-2,0,1,NA,130
567,21205,Connor Brogdon,PHI,57,0,57,1.29,4.27,13,-0.0353727,-0.5710987,-0.0093917,0.08744196,-0.005334,1.0487596,0.51500444,271,282,11,0,1,NA,131
339,17796,Dillon Tate,BAL,64,0,52,1.34,4.41,16,0.1159543,-0.5710987,-0.1163668,-0.2108113,-0.1934805,1.44534525,0.46954224,275,275,0,0,1,NA,132
102,13273,Ross Stripling,TOR,78,3,72,1.27,4.52,2,0.41860835,0.14182236,0.31153376,0.38587454,-0.3946233,-0.4053878,0.45782786,276,270,-6,1,1,NA,133
122,13580,Steven Okert,MIA,54,0,59,1.25,3.96,8,-0.1002272,-0.5710987,0.0333984,0.2995764,0.38145679,0.38778351,0.43088919,277,355,78,0,1,NA,134
158,14375,Amir Garrett,KCR,58,0,68,1.38,4.44,16,-0.0137546,-0.5710987,0.22595365,-0.4643955,-0.2358418,1.44534525,0.38620829,278,392,114,0,1,NA,135
277,16703,Julian Merryweather,TOR,51,0,53,1.28,4.09,12,-0.1650816,-0.5710987,-0.0949718,0.1043575,0.191534,0.91656438,0.38130378,279,364,85,0,1,NA,136
649,3132,Tony Watson,,54,0,46,1.25,4.2,12,-0.1002272,-0.5710987,-0.244737,0.2995764,0.07387621,0.91656438,0.37395414,280,740,460,0,1,NA,137
224,15594,Nick Wittgren,STL,55,0,52,1.25,4.26,11,-0.078609,-0.5710987,-0.1163668,0.31012175,0.00071866,0.78436916,0.32913503,282,466,184,0,1,NA,138
685,5615,Ryan Brasier,BOS,60,0,56,1.35,4.52,16,0.02948171,-0.5710987,-0.0307867,-0.2786528,-0.3508292,1.44534525,0.24345951,285,611,326,0,1,NA,139
654,3237,T.J. McFarland,STL,55,0,36,1.36,4.05,15,-0.078609,-0.5710987,-0.4586872,-0.3367254,0.27483561,1.31315003,0.14286526,287,425,138,0,1,NA,140
301,17264,Sam Coonrod,PHI,50,0,53,1.32,4.2,13,-0.1866998,-0.5710987,-0.0949718,-0.1168141,0.05322991,1.0487596,0.13240514,288,300,12,0,1,NA,141
140,13801,Austin Adams,SDP,47,0,62,1.35,4.06,12,-0.2515542,-0.5710987,0.09758348,-0.2767504,0.19390877,0.91656438,0.10865327,291,305,14,0,1,NA,142
430,19403,Colin Poche,TBR,44,0,55,1.17,3.8,5,-0.3164086,-0.5710987,-0.0521817,0.57047029,0.43996246,-0.0088021,0.06194153,292,309,17,0,1,NA,143
640,27458,Kwang Hyun Kim,,54,3,40,1.33,4.13,8,-0.1002272,0.14182236,-0.3731071,-0.1623045,0.16358721,0.38778351,0.05755426,293,348,55,1,1,NA,144
777,sa3008653,Cody Morris,CLE,55,2,59,1.27,4.07,3,-0.078609,-0.095818,0.0333984,0.19251318,0.24872923,-0.2731926,0.02702121,295,205,-90,0,1,NA,145
749,9817,Sergio Romo,SEA,55,0,54,1.31,4.6,14,-0.078609,-0.5710987,-0.0735767,-0.042704,-0.4430897,1.18095481,-0.0281234,296,545,249,0,1,NA,146
602,22276,Dylan Coleman,KCR,46,0,52,1.28,3.8,8,-0.2731723,-0.5710987,-0.1163668,0.06766827,0.46927207,0.38778351,-0.035914,298,223,-75,0,1,NA,147
329,17677,Jeffrey Springs,TBR,43,0,55,1.22,3.75,6,-0.3380268,-0.5710987,-0.0521817,0.32150029,0.47633375,0.12339307,-0.0400801,299,321,22,0,1,NA,148
50,11801,Hansel Robles,,58,0,63,1.38,4.51,14,-0.0137546,-0.5710987,0.11897851,-0.4643955,-0.3321981,1.18095481,-0.0815135,300,745,445,0,1,NA,149
675,5114,Jeurys Familia,PHI,56,0,60,1.4,4.25,13,-0.0569909,-0.5710987,0.05479343,-0.5774347,0.01774677,1.0487596,-0.0842245,301,329,28,0,1,NA,150
364,18323,Josh Sborz,TEX,52,0,58,1.36,4.12,11,-0.1434635,-0.5710987,0.01200338,-0.3330789,0.16228263,0.78436916,-0.0889859,302,322,20,0,1,NA,151
392,18790,Dillon Peters,PIT,86,5,72,1.39,4.59,2,0.59155353,0.6171031,0.31153376,-0.6502516,-0.5569605,-0.4053878,-0.0924095,303,639,336,1,1,NA,152
537,20418,Josh Fleming,TBR,83,1,58,1.35,4.27,4,0.52669909,-0.3334584,0.01200338,-0.2820185,0.08567281,-0.1409974,-0.132099,307,212,-95,0,1,NA,153
121,13549,Richard Rodríguez,,57,0,50,1.25,4.53,10,-0.0353727,-0.5710987,-0.1591568,0.33121246,-0.3570581,0.65217394,-0.1393,308,617,309,0,1,NA,154
34,11384,Tommy Kahnle,LAD,40,0,50,1.2,3.57,5,-0.4028812,-0.5710987,-0.1591568,0.36577522,0.59968747,-0.0088021,-0.1764763,310,357,47,0,1,NA,155
334,17755,Drew Smith,NYM,54,0,52,1.3,4.24,9,-0.1002272,-0.5710987,-0.1163668,0.01090081,0.02261278,0.51997872,-0.2342004,312,411,99,0,1,NA,156
233,15823,Zack Littell,SFG,56,0,56,1.32,4.17,8,-0.0569909,-0.5710987,-0.0307867,-0.0984471,0.12407092,0.38778351,-0.2454689,313,462,149,0,1,NA,157
163,14527,Jorge López,BAL,57,1,55,1.35,4.53,11,-0.0353727,-0.3334584,-0.0521817,-0.2782138,-0.3570581,0.78436916,-0.2719155,315,308,-7,0,1,NA,158
645,27515,Hirokazu Sawamura,BOS,58,0,65,1.45,4.27,13,-0.0137546,-0.5710987,0.16176857,-0.898478,-0.0018337,1.0487596,-0.2746369,316,558,242,0,1,NA,159
403,19200,José Quijada,LAA,49,0,61,1.31,4.18,8,-0.2083179,-0.5710987,0.07618846,-0.067486,0.07132674,0.38778351,-0.3116039,317,225,-92,0,1,NA,160
592,22051,John King,TEX,53,0,45,1.28,4.04,7,-0.1218453,-0.5710987,-0.266132,0.1190332,0.26997106,0.25558829,-0.3144835,318,227,-91,0,1,NA,161
164,14542,Carlos Estévez,COL,63,0,62,1.43,4.97,19,0.09433615,-0.5710987,0.09758348,-0.8179529,-1.0309608,1.8419309,-0.3861619,321,378,57,0,1,NA,162
65,12361,Spencer Patton,TEX,54,0,57,1.41,4.36,13,-0.1002272,-0.5710987,-0.0093917,-0.6241855,-0.1311775,1.0487596,-0.3873209,322,525,203,0,1,NA,163
451,19618,Jordan Hicks,STL,45,0,45,1.37,3.83,10,-0.2947905,-0.5710987,-0.266132,-0.372683,0.42257762,0.65217394,-0.4299526,325,285,-40,0,1,NA,164
744,9460,Dan Straily,ARI,92,5,78,1.35,5.02,2,0.72126241,0.6171031,0.43990392,-0.2833355,-1.5204066,-0.4053878,-0.4308605,326,696,370,1,1,NA,165
652,3192,Will Harris,WSN,52,0,53,1.33,4.34,10,-0.1434635,-0.5710987,-0.0949718,-0.1662885,-0.1092237,0.65217394,-0.4328722,327,320,-7,0,1,NA,166
161,14506,J.B. Wendelken,ARI,56,0,53,1.39,4.35,12,-0.0569909,-0.5710987,-0.0949718,-0.5175613,-0.1151584,0.91656438,-0.4392167,329,396,67,0,1,NA,167
123,13594,Robert Stephenson,COL,62,0,69,1.38,4.81,13,0.07271801,-0.5710987,0.24734867,-0.4778109,-0.7824158,1.0487596,-0.4624992,330,626,296,0,1,NA,168
358,18138,Ryan Helsley,STL,52,0,52,1.39,4.4,13,-0.1434635,-0.5710987,-0.1163668,-0.4998692,-0.1832709,1.0487596,-0.4653095,331,451,120,0,1,NA,169
713,7432,Jay Jackson,ATL,45,0,55,1.31,4.21,9,-0.2947905,-0.5710987,-0.0521817,-0.0840074,0.01674214,0.51997872,-0.4653574,332,495,163,0,1,NA,170
683,5448,Jesse Chavez,,55,1,52,1.32,4.24,6,-0.078609,-0.3334584,-0.1163668,-0.1015083,0.02682504,0.12339307,-0.4797243,333,589,256,0,1,NA,171
472,19848,Darwinzon Hernandez,BOS,46,0,61,1.46,3.98,11,-0.2731723,-0.5710987,0.07618846,-0.8176035,0.27276226,0.78436916,-0.5285547,334,349,15,0,1,NA,172
118,13475,Daniel Norris,CHC,53,0,53,1.34,4.33,9,-0.1218453,-0.5710987,-0.0949718,-0.2209625,-0.0948062,0.51997872,-0.5837058,337,406,69,0,1,NA,173
153,14295,Wandy Peralta,NYY,57,0,51,1.4,4.11,9,-0.0353727,-0.5710987,-0.1377618,-0.5829269,0.21111159,0.51997872,-0.5960699,339,386,47,0,1,NA,174
678,5358,José Álvarez,SFG,52,0,39,1.36,3.99,9,-0.1434635,-0.5710987,-0.3945021,-0.3330789,0.32271817,0.51997872,-0.5994463,340,437,97,0,1,NA,175
630,24937,Austin Warren,LAA,55,0,54,1.42,4.15,10,-0.078609,-0.5710987,-0.0735767,-0.6895511,0.14430373,0.65217394,-0.6163579,342,256,-86,0,1,NA,176
253,16265,Sam Howard,PIT,49,0,58,1.39,4.42,11,-0.2083179,-0.5710987,0.01200338,-0.4866002,-0.2077742,0.78436916,-0.6774184,345,366,21,0,1,NA,177
487,19932,Trevor Stephan,CLE,55,0,62,1.36,4.5,9,-0.078609,-0.5710987,0.09758348,-0.3367254,-0.3125578,0.51997872,-0.6814288,346,494,148,0,1,NA,178
708,7115,Daniel Bard,COL,60,0,68,1.48,4.86,17,0.02948171,-0.5710987,0.22595365,-1.1126045,-0.8349839,1.57754047,-0.6857112,347,298,-49,0,1,NA,179
80,12800,Noé Ramirez,ARI,54,0,48,1.33,4.51,10,-0.1002272,-0.5710987,-0.2019469,-0.1623045,-0.3234154,0.65217394,-0.7068188,348,516,168,0,1,NA,180
285,16977,Trevor Williams,NYM,57,2,51,1.3,4.41,3,-0.0353727,-0.095818,-0.1377618,0.02649934,-0.1947239,-0.2731926,-0.7103697,349,412,63,0,1,NA,181
501,20070,Bailey Falter,PHI,46,1,45,1.24,4.33,5,-0.2731723,-0.3334584,-0.266132,0.26439534,-0.1093402,-0.0088021,-0.7265096,350,230,-120,0,1,NA,182
183,14875,Caleb Smith,ARI,67,1,72,1.36,4.71,6,0.18080874,-0.3334584,0.31153376,-0.3513114,-0.6699823,0.12339307,-0.7390165,351,579,228,0,1,NA,183
113,13424,Drew VerHagen,STL,56,2,47,1.34,4.38,5,-0.0569909,-0.095818,-0.2233419,-0.218194,-0.15503,-0.0088021,-0.7581769,353,400,47,0,1,NA,184
695,6483,Steve Cishek,WSN,55,0,49,1.47,4.68,17,-0.078609,-0.5710987,-0.1805519,-0.9835726,-0.5475152,1.57754047,-0.7838069,355,576,221,0,1,NA,185
357,18088,Cody Stashak,MIN,42,0,48,1.25,4.46,8,-0.3596449,-0.5710987,-0.2019469,0.17303215,-0.2472278,0.38778351,-0.8191027,356,259,-97,0,1,NA,186
192,15015,Alex Reyes,STL,33,0,40,1.36,3.76,10,-0.5542082,-0.5710987,-0.3731071,-0.3099843,0.31008726,0.65217394,-0.8461372,357,379,22,0,1,341,187
660,4020,Yusmeiro Petit,,57,0,37,1.29,4.87,12,-0.0353727,-0.5710987,-0.4372922,0.08744196,-0.817005,0.91656438,-0.8567623,358,806,448,0,1,NA,188
508,20185,Zach Pop,MIA,54,0,50,1.38,4.13,7,-0.1002272,-0.5710987,-0.1591568,-0.4509801,0.16358721,0.25558829,-0.8622874,359,415,56,0,1,NA,189
90,12918,Archie Bradley,LAA,52,0,45,1.39,4.4,11,-0.1434635,-0.5710987,-0.266132,-0.4998692,-0.1832709,0.78436916,-0.8794651,360,403,43,0,1,NA,190
22,10745,Trevor Rosenthal,,41,0,52,1.29,3.87,4,-0.3812631,-0.5710987,-0.1163668,-0.0128569,0.32788414,-0.1409974,-0.8946987,361,336,-25,0,1,NA,191
629,24933,Andrew Wantz,,53,0,58,1.31,4.59,7,-0.1218453,-0.5710987,0.01200338,-0.0509647,-0.4218479,0.25558829,-0.8981649,362,292,-70,0,1,NA,192
272,16587,Erik Swanson,SEA,42,1,43,1.25,4.28,5,-0.3596449,-0.3334584,-0.308922,0.17303215,-0.0678058,-0.0088021,-0.9056011,363,341,-22,0,1,NA,193
473,19853,Michael King,NYY,49,1,48,1.28,4.11,2,-0.2083179,-0.3334584,-0.2019469,0.08968181,0.15273116,-0.4053878,-0.906698,364,234,-130,0,1,NA,194
181,14857,Joe Mantiply,ARI,50,0,47,1.39,4.43,11,-0.1866998,-0.5710987,-0.2233419,-0.4910232,-0.2197004,0.78436916,-0.9074948,365,402,37,0,1,NA,195
424,19349,Caleb Ferguson,LAD,33,0,41,1.24,3.43,4,-0.5542082,-0.5710987,-0.3517121,0.11340655,0.56854038,-0.1409974,-0.9360695,367,304,-63,0,1,NA,196
682,5420,Pedro Báez,HOU,51,0,46,1.35,4.54,10,-0.1650816,-0.5710987,-0.244737,-0.2773358,-0.3531399,0.65217394,-0.9592191,369,803,434,0,1,NA,197
139,13799,Matt Strahm,BOS,46,1,42,1.27,4.35,5,-0.2731723,-0.3334584,-0.3303171,0.11685003,-0.1311746,-0.0088021,-0.9600745,370,393,23,0,1,NA,198
101,13259,Louis Head,MIA,49,0,49,1.31,4.18,5,-0.2083179,-0.5710987,-0.1805519,-0.067486,0.07132674,-0.0088021,-0.9649299,371,345,-26,0,1,NA,199
746,9784,Garrett Richards,TEX,60,1,54,1.39,4.49,7,0.02948171,-0.3334584,-0.0735767,-0.5352533,-0.3081097,0.25558829,-0.9653281,372,288,-84,0,1,NA,200
655,3281,Joe Smith,MIN,49,0,42,1.27,4.48,7,-0.2083179,-0.5710987,-0.3303171,0.14207108,-0.2775494,0.25558829,-0.9896237,373,426,53,0,1,NA,201
103,13287,Jesse Hahn,,45,0,46,1.42,4.4,12,-0.2947905,-0.5710987,-0.244737,-0.6132459,-0.1861756,0.91656438,-0.9934833,374,795,421,0,1,NA,202
171,14677,Duane Underwood Jr.,PIT,61,0,54,1.42,4.67,11,0.05109986,-0.5710987,-0.0735767,-0.7353342,-0.5704198,0.78436916,-1.1149605,377,539,162,0,1,NA,203
70,12580,Adam Morgan,,39,0,40,1.33,4.28,9,-0.4244994,-0.5710987,-0.3731071,-0.1921846,-0.0775946,0.51997872,-1.1185057,378,538,160,0,1,NA,204
562,21101,Dauri Moreta,CIN,50,0,49,1.28,4.6,6,-0.1866998,-0.5710987,-0.1805519,0.09701966,-0.4214315,0.12339307,-1.1393691,379,453,74,0,1,NA,205
405,19225,Mitch White,LAD,44,1,43,1.27,4.13,2,-0.3164086,-0.3334584,-0.308922,0.100036,0.0953583,-0.4053878,-1.1687825,380,254,-126,0,1,NA,206
512,20203,Eli Morgan,CLE,63,3,57,1.31,4.94,2,0.09433615,0.14182236,-0.0093917,-0.0096612,-0.9861053,-0.4053878,-1.1743874,381,394,13,1,1,NA,207
174,14706,Anthony Banda,PIT,61,0,52,1.46,4.61,12,0.05109986,-0.5710987,-0.1163668,-0.9962114,-0.4835568,0.91656438,-1.1995695,382,790,408,0,1,NA,208
438,19456,Kyle Funkhouser,DET,63,0,59,1.51,4.52,12,0.09433615,-0.5710987,0.0333984,-1.356814,-0.3581283,0.91656438,-1.2417421,386,480,94,0,1,NA,209
400,19179,Kirby Snead,OAK,33,0,35,1.31,3.53,5,-0.5542082,-0.5710987,-0.4800822,-0.1335715,0.49022126,-0.0088021,-1.2575416,387,284,-103,0,1,NA,210
125,13619,Jakob Junis,SFG,58,1,54,1.32,4.52,2,-0.0137546,-0.3334584,-0.0735767,-0.0923247,-0.3459632,-0.4053878,-1.2644655,388,408,20,0,1,NA,211
458,19712,Patrick Murphy,WSN,49,0,49,1.39,4.42,8,-0.2083179,-0.5710987,-0.1805519,-0.4866002,-0.2077742,0.38778351,-1.2665593,389,303,-86,0,1,NA,212
263,16418,Blake Taylor,HOU,49,0,47,1.44,4.28,9,-0.2083179,-0.5710987,-0.2233419,-0.7485466,-0.0449653,0.51997872,-1.2762917,392,441,49,0,1,NA,213
389,18694,Kolby Allard,TEX,51,2,46,1.32,4.57,3,-0.1650816,-0.095818,-0.244737,-0.1137529,-0.3894515,-0.2731926,-1.2820336,393,342,-51,0,1,NA,214
231,1581,Sean Doolittle,WSN,45,0,45,1.32,4.74,9,-0.2947905,-0.5710987,-0.266132,-0.13212,-0.5492915,0.51997872,-1.293454,394,506,112,0,1,NA,215
409,19249,Seranthony Domínguez,PHI,46,0,47,1.35,4.54,8,-0.2731723,-0.5710987,-0.2233419,-0.2766041,-0.3386016,0.38778351,-1.2950352,395,367,-28,0,1,NA,216
729,8246,Paolo Espino,WSN,87,4,69,1.38,5.08,2,0.61317167,0.37946273,0.24734867,-0.5616569,-1.5727955,-0.4053878,-1.2998571,396,420,24,1,1,NA,217
162,14524,José Leclerc,TEX,31,0,39,1.32,3.9,7,-0.5974445,-0.5710987,-0.3945021,-0.1749764,0.17587749,0.25558829,-1.306556,397,419,22,0,1,NA,218
165,14552,José Ruiz,CHW,45,0,45,1.38,4.16,6,-0.2947905,-0.5710987,-0.266132,-0.4207956,0.07014155,0.12339307,-1.3592821,398,417,19,0,1,NA,219
197,15047,Austin Voth,WSN,57,0,55,1.38,4.84,9,-0.0353727,-0.5710987,-0.0521817,-0.4610417,-0.7764214,0.51997872,-1.3761375,399,568,169,0,1,NA,220
383,18548,Sam Hentges,CLE,65,0,64,1.41,4.62,6,0.13757245,-0.5710987,0.14037354,-0.6963603,-0.5172592,0.12339307,-1.3833792,400,350,-50,0,1,NA,221
230,15761,Joe Jiménez,DET,52,0,58,1.37,4.7,7,-0.1434635,-0.5710987,0.01200338,-0.3886757,-0.5535067,0.25558829,-1.3891529,401,374,-27,0,1,NA,222
686,5640,Tyler Clippard,WSN,38,0,36,1.29,4.56,8,-0.4461175,-0.5710987,-0.4586872,-0.0316629,-0.3333774,0.38778351,-1.4531603,402,801,399,0,1,NA,223
312,17432,Jeff Hoffman,CIN,60,0,64,1.42,4.78,8,0.02948171,-0.5710987,0.14037354,-0.7277037,-0.7210651,0.38778351,-1.4622288,403,652,249,0,1,NA,224
36,11426,Drew Pomeranz,SDP,28,0,33,1.31,3.63,6,-0.662299,-0.5710987,-0.5228723,-0.1542232,0.318455,0.12339307,-1.4686451,404,471,67,0,1,NA,225
375,18384,Scott Effross,CHC,41,0,38,1.29,4.44,6,-0.3812631,-0.5710987,-0.4158972,-0.0128569,-0.2267577,0.12339307,-1.4844805,405,385,-20,0,1,NA,226
460,19731,Kodi Whitley,STL,39,0,39,1.32,4.16,5,-0.4244994,-0.5710987,-0.3945021,-0.150487,0.03347615,-0.0088021,-1.5159132,406,423,17,0,1,NA,227
750,9866,Chaz Roe,,41,0,46,1.38,4.25,6,-0.3812631,-0.5710987,-0.244737,-0.4073802,-0.0418771,0.12339307,-1.522963,407,621,214,0,1,NA,228
735,8823,Oliver Drake,TBR,41,0,41,1.28,4.19,3,-0.3812631,-0.5710987,-0.3517121,0.03097903,0.01650627,-0.2731926,-1.5297812,408,447,39,0,1,NA,229
677,5224,Blake Parker,STL,46,0,42,1.33,4.29,4,-0.2731723,-0.5710987,-0.3303171,-0.1782406,-0.0656713,-0.1409974,-1.5594974,409,521,112,0,1,NA,230
77,12760,Rafael Montero,HOU,43,0,40,1.33,4.3,5,-0.3380268,-0.5710987,-0.3731071,-0.1842166,-0.0849533,-0.0088021,-1.5602047,410,492,82,0,1,NA,231
666,4301,Justin Wilson,CIN,54,0,53,1.43,4.72,9,-0.1002272,-0.5710987,-0.0949718,-0.7396557,-0.5925484,0.51997872,-1.578523,411,473,62,0,1,NA,232
182,14874,Sam Moll,OAK,52,0,50,1.42,4.23,4,-0.1434635,-0.5710987,-0.1591568,-0.6666596,0.02652947,-0.1409974,-1.6548465,414,591,177,0,1,NA,233
299,17192,Jalen Beeks,TBR,41,0,40,1.35,3.99,3,-0.3812631,-0.5710987,-0.3731071,-0.2758724,0.21111744,-0.2731926,-1.6634165,415,399,-16,0,1,NA,234
235,15855,Wander Suero,,37,0,37,1.31,4.46,6,-0.4677357,-0.5710987,-0.4372922,-0.1170501,-0.2421827,0.12339307,-1.7119663,417,370,-47,0,1,NA,235
59,12178,Domingo Tapia,KCR,51,0,42,1.5,4.53,11,-0.1650816,-0.5710987,-0.3303171,-1.0952499,-0.3410361,0.78436916,-1.7184142,418,755,337,0,1,NA,236
155,14332,Joel Payamps,KCR,45,0,37,1.33,4.34,4,-0.2947905,-0.5710987,-0.4372922,-0.1802326,-0.1220963,-0.1409974,-1.7465077,420,347,-73,0,1,NA,237
538,20422,Jovani Moran,MIN,43,0,52,1.39,4.21,3,-0.3380268,-0.5710987,-0.1163668,-0.4600621,0.00689365,-0.2731926,-1.7518534,421,311,-110,0,1,NA,238
79,12777,John Brebbia,SFG,36,0,39,1.27,4.25,3,-0.4893538,-0.5710987,-0.3945021,0.03277988,-0.0617517,-0.2731926,-1.7571191,422,465,43,0,1,NA,239
257,16350,Ryan Borucki,TOR,39,0,38,1.38,4.13,5,-0.4244994,-0.5710987,-0.4158972,-0.4006725,0.06124384,-0.0088021,-1.7597261,423,431,8,0,1,NA,240
169,14665,Jandel Gustave,MIL,42,0,37,1.35,4.34,5,-0.3596449,-0.5710987,-0.4372922,-0.2760188,-0.1276132,-0.0088021,-1.7804699,424,463,39,0,1,NA,241
721,7836,Hunter Strickland,CIN,51,0,49,1.39,4.78,7,-0.1650816,-0.5710987,-0.1805519,-0.4954462,-0.6436327,0.25558829,-1.8002228,426,757,331,0,1,NA,242
726,8110,Bryan Shaw,CLE,46,0,42,1.46,4.67,10,-0.2731723,-0.5710987,-0.3303171,-0.8176035,-0.4805253,0.65217394,-1.8205431,427,765,338,0,1,NA,243
411,19266,Taylor Widener,ARI,52,1,52,1.39,4.84,5,-0.1434635,-0.3334584,-0.1163668,-0.4998692,-0.7262835,-0.0088021,-1.8282435,428,686,258,0,1,NA,244
283,16943,Sean Newcomb,ATL,36,0,39,1.39,4.17,5,-0.4893538,-0.5710987,-0.3945021,-0.4291011,0.00659955,-0.0088021,-1.8862583,430,486,56,0,1,NA,245
61,12249,Ryan Sherriff,PHI,42,0,38,1.41,4.33,6,-0.3596449,-0.5710987,-0.4158972,-0.5454493,-0.1176453,0.12339307,-1.8863423,431,467,36,0,1,NA,246
199,15071,Kyle McGowin,,38,0,40,1.29,4.33,2,-0.4461175,-0.5710987,-0.3731071,-0.0316629,-0.1259504,-0.4053878,-1.9533245,433,373,-60,0,1,NA,247
292,17117,Austin Davis,BOS,43,0,45,1.39,4.65,6,-0.3380268,-0.5710987,-0.266132,-0.4600621,-0.442136,0.12339307,-1.9540626,434,359,-75,0,1,NA,248
710,7196,Greg Holland,TEX,37,0,37,1.44,4.47,8,-0.4677357,-0.5710987,-0.4372922,-0.6313203,-0.2509639,0.38778351,-1.9706273,436,687,251,0,1,NA,249
646,2859,Ross Detwiler,,46,0,44,1.36,4.45,3,-0.2731723,-0.5710987,-0.287527,-0.3257859,-0.2403467,-0.2731926,-1.9711232,437,706,269,0,1,NA,250
196,15046,Trevor Gott,MIL,42,0,42,1.36,4.88,7,-0.3596449,-0.5710987,-0.3303171,-0.3209239,-0.6658792,0.25558829,-1.9922754,439,713,274,0,1,NA,251
318,17536,Ryan Burr,CHW,40,0,37,1.45,4.24,6,-0.4028812,-0.5710987,-0.4372922,-0.7033936,-0.0363588,0.12339307,-2.0276315,441,572,131,0,1,NA,252
331,17732,Nabil Crismatt,SDP,43,0,38,1.32,4.38,2,-0.3380268,-0.5710987,-0.4158972,-0.1382423,-0.1665951,-0.4053878,-2.0352479,442,560,118,0,1,NA,253
266,16466,Brent Honeywell Jr.,OAK,50,1,43,1.35,4.7,2,-0.1866998,-0.3334584,-0.308922,-0.2771894,-0.5400968,-0.4053878,-2.0517542,444,542,98,0,1,NA,254
127,13654,Jharel Cotton,MIN,38,0,38,1.39,4.43,5,-0.4461175,-0.5710987,-0.4158972,-0.4379471,-0.216136,-0.0088021,-2.0959987,446,444,-2,0,1,NA,255
259,16390,Brad Wieck,CHC,25,0,33,1.32,3.76,3,-0.7271534,-0.5710987,-0.5228723,-0.1933434,0.18525425,-0.2731926,-2.1024062,447,445,-2,0,1,NA,256
701,6785,Andrew Miller,,41,0,41,1.36,4.56,4,-0.3812631,-0.5710987,-0.3517121,-0.3197083,-0.3435244,-0.1409974,-2.108304,448,776,328,0,1,NA,257
104,13293,Danny Coulombe,MIN,33,0,33,1.33,3.97,2,-0.5542082,-0.5710987,-0.5228723,-0.2041366,0.1456171,-0.4053878,-2.1120866,449,508,59,0,1,NA,258
327,17611,Taylor Clarke,KCR,46,0,39,1.39,4.71,6,-0.2731723,-0.5710987,-0.3945021,-0.4733312,-0.5241942,0.12339307,-2.1129055,450,682,232,0,1,NA,259
362,18297,Tyler Kinley,COL,58,0,57,1.46,5.26,11,-0.0137546,-0.5710987,-0.0093917,-0.9604898,-1.3645866,0.78436916,-2.1349522,453,544,91,0,1,NA,260
481,19883,Alex Lange,DET,45,0,45,1.47,4.51,6,-0.2947905,-0.5710987,-0.266132,-0.8538089,-0.3036543,0.12339307,-2.1660914,454,443,-11,0,1,NA,261
313,17464,Jonathan Hernández,TEX,25,0,25,1.33,4.21,6,-0.7271534,-0.5710987,-0.6940325,-0.2200726,-0.0817428,0.12339307,-2.170707,455,448,-7,0,1,NA,262
618,23493,Nick Snyder,TEX,25,0,25,1.35,4.36,7,-0.7271534,-0.5710987,-0.6940325,-0.2735311,-0.1707418,0.25558829,-2.1809692,458,493,35,0,1,NA,263
475,19866,Brandon Bielak,HOU,36,0,34,1.37,4.34,4,-0.4893538,-0.5710987,-0.5014773,-0.3521209,-0.1386468,-0.1409974,-2.1936949,459,438,-21,0,1,NA,264
278,16794,Josh James,,31,0,37,1.34,4.25,3,-0.5974445,-0.5710987,-0.4372922,-0.2412648,-0.0816263,-0.2731926,-2.2019192,460,368,-92,0,1,NA,265
664,4185,Rafael Dolis,,41,0,44,1.49,4.42,6,-0.3812631,-0.5710987,-0.287527,-0.8895753,-0.2072966,0.12339307,-2.2133676,462,553,91,0,1,NA,266
297,17181,Yoan López,,30,0,28,1.36,4.43,6,-0.6190627,-0.5710987,-0.6298474,-0.3063378,-0.2137598,0.12339307,-2.2167134,463,615,152,0,1,NA,267
41,1157,Tommy Hunter,,32,0,27,1.29,4.26,3,-0.5758264,-0.5710987,-0.6512425,-0.069275,-0.085246,-0.2731926,-2.2258811,465,575,110,0,1,NA,268
690,6316,David Phelps,TOR,23,0,27,1.28,4.03,4,-0.7703897,-0.5710987,-0.6512425,-0.1011022,0.00666364,-0.1409974,-2.2281669,466,490,24,0,1,NA,269
622,23779,Justin Bruihl,LAD,24,0,22,1.27,3.96,4,-0.7487716,-0.5710987,-0.7582176,-0.0681043,0.05573139,-0.1409974,-2.2314582,467,410,-57,0,1,NA,270
548,20617,J.C. Mejía,MIL,57,1,53,1.42,4.85,3,-0.0353727,-0.3334584,-0.0949718,-0.7048122,-0.7899493,-0.2731926,-2.2317568,468,674,206,0,1,NA,271
638,2608,Jhoulys Chacín,COL,62,1,51,1.49,5.24,11,0.07271801,-0.3334584,-0.1377618,-1.206984,-1.4151395,0.78436916,-2.2362565,469,810,341,0,1,NA,272
468,19795,Keegan Thompson,CHC,60,1,57,1.44,4.79,2,0.02948171,-0.3334584,-0.0093917,-0.856004,-0.735305,-0.4053878,-2.310065,471,555,84,0,1,NA,273
319,17556,Jimmy Herget,LAA,37,0,36,1.39,4.62,5,-0.4677357,-0.5710987,-0.4586872,-0.4335241,-0.3826825,-0.0088021,-2.3225303,473,635,162,0,1,NA,274
688,6216,Dellin Betances,,33,0,36,1.35,4.4,3,-0.5542082,-0.5710987,-0.4586872,-0.2747017,-0.1911552,-0.2731926,-2.3230437,474,688,214,0,1,NA,275
332,17734,Evan Phillips,LAD,33,0,35,1.38,4.24,3,-0.5542082,-0.5710987,-0.4800822,-0.3805495,-0.0658445,-0.2731926,-2.3249758,475,496,21,0,1,NA,276
789,sa828669,Grant Holmes,OAK,44,0,40,1.43,4.61,5,-0.3164086,-0.5710987,-0.3731071,-0.6526589,-0.4058841,-0.0088021,-2.3279596,476,739,263,0,1,NA,277
657,3321,Darren O'Day,ATL,21,0,23,1.3,4.1,5,-0.813626,-0.5710987,-0.7368226,-0.160683,-0.0466164,-0.0088021,-2.3376488,477,599,122,0,1,NA,278
15,10341,Juan Minaya,,39,0,40,1.42,4.49,4,-0.4244994,-0.5710987,-0.3731071,-0.5674628,-0.2719684,-0.1409974,-2.3491339,480,513,33,0,1,NA,279
296,17170,Gabe Speier,KCR,35,0,32,1.35,4.23,2,-0.510972,-0.5710987,-0.5442673,-0.2749944,-0.0491135,-0.4053878,-2.3558337,481,361,-120,0,1,NA,280
450,19614,Cionel Pérez,BAL,44,0,46,1.45,4.58,4,-0.3164086,-0.5710987,-0.244737,-0.7467457,-0.3745565,-0.1409974,-2.3945439,483,255,-228,0,1,NA,281
343,17878,Dennis Santana,TEX,47,0,45,1.46,4.67,5,-0.2515542,-0.5710987,-0.266132,-0.8295107,-0.4865183,-0.0088021,-2.4136161,484,629,145,0,1,NA,282
315,17485,Albert Abreu,NYY,47,0,50,1.49,4.75,6,-0.2515542,-0.5710987,-0.1591568,-0.9802635,-0.5757547,0.12339307,-2.4144349,485,747,262,0,1,NA,283
452,19647,Matt Foster,CHW,31,0,31,1.31,4.51,3,-0.5974445,-0.5710987,-0.5656624,-0.1418321,-0.2729148,-0.2731926,-2.4221452,486,452,-34,0,1,NA,284
449,19583,Sean Poppen,ARI,34,0,34,1.37,4.41,3,-0.5325901,-0.5710987,-0.5014773,-0.3475516,-0.1988094,-0.2731926,-2.4247197,487,344,-143,0,1,NA,285
87,12890,Alex Claudio,NYM,34,0,27,1.38,4.2,3,-0.5325901,-0.5710987,-0.6512425,-0.3839033,-0.0293553,-0.2731926,-2.4413825,488,556,68,0,1,NA,286
555,21018,Francisco Perez,WSN,28,0,30,1.35,4.27,3,-0.662299,-0.5710987,-0.5870574,-0.2739701,-0.1068416,-0.2731926,-2.4744593,489,442,-47,0,1,NA,287
434,19444,Yohan Ramirez,SEA,31,0,38,1.43,4.25,3,-0.5974445,-0.5710987,-0.4158972,-0.5395629,-0.0816263,-0.2731926,-2.4788223,490,515,25,0,1,NA,288
289,17034,Sean Reid-Foley,NYM,34,0,38,1.41,4.31,2,-0.5325901,-0.5710987,-0.4158972,-0.4929585,-0.118117,-0.4053878,-2.5360493,494,533,39,0,1,NA,289
553,20794,Manuel Rodríguez,CHC,38,0,37,1.46,4.59,5,-0.4461175,-0.5710987,-0.4372922,-0.722346,-0.3604331,-0.0088021,-2.5460897,495,436,-59,0,1,NA,290
203,1514,Oliver Pérez,ARI,26,0,24,1.32,4.02,2,-0.7055353,-0.5710987,-0.7154275,-0.1902822,0.04042283,-0.4053878,-2.5473088,496,641,145,0,1,NA,291
718,7738,Wily Peralta,DET,52,2,38,1.47,4.7,2,-0.1434635,-0.095818,-0.4158972,-0.9446435,-0.5535067,-0.4053878,-2.5587166,497,481,-16,0,1,NA,292
172,14681,Andres Machado,WSN,39,0,34,1.47,4.94,8,-0.4244994,-0.5710987,-0.5014773,-0.7759508,-0.6884838,0.38778351,-2.5737264,498,789,291,0,1,NA,293
347,17948,Trent Thornton,TOR,33,0,32,1.35,4.46,2,-0.5542082,-0.5710987,-0.5442673,-0.2747017,-0.2381466,-0.4053878,-2.5878105,499,459,-40,0,1,NA,294
262,16408,Victor González,LAD,18,0,18,1.35,3.97,5,-0.8784804,-0.5710987,-0.8437977,-0.2725067,-0.0136856,-0.0088021,-2.5883714,500,432,-68,0,1,NA,295
274,16609,Bryan Abreu,HOU,25,0,28,1.47,4.17,5,-0.7271534,-0.5710987,-0.6298474,-0.5942817,-0.0580097,-0.0088021,-2.5891932,501,464,-37,0,1,NA,296
173,14696,Keone Kela,ARI,22,0,24,1.27,4.07,2,-0.7920079,-0.5710987,-0.7154275,-0.0849183,-0.0234177,-0.4053878,-2.5922579,502,633,131,0,1,NA,297
608,22487,Johan Oviedo,,44,2,37,1.49,4.62,2,-0.3164086,-0.095818,-0.4372922,-0.9349194,-0.4163267,-0.4053878,-2.6061527,504,418,-86,0,1,NA,298
737,9073,Kirby Yates,ATL,17,0,21,1.18,3.88,2,-0.9000986,-0.5710987,-0.7796126,0.03662941,0.01200577,-0.4053878,-2.6075626,505,449,-56,0,1,NA,299
414,19274,Jacob Webb,,32,0,31,1.36,4.59,3,-0.5758264,-0.5710987,-0.5656624,-0.3087688,-0.3358672,-0.2731926,-2.6304161,506,559,53,0,1,NA,300
73,12680,Ryne Harper,,37,0,33,1.36,4.75,3,-0.4677357,-0.5710987,-0.5228723,-0.3148463,-0.4968385,-0.2731926,-2.6465842,507,519,12,0,1,NA,301
662,4141,Derek Holland,BOS,35,0,35,1.41,4.55,3,-0.510972,-0.5710987,-0.4800822,-0.4995199,-0.3149238,-0.2731926,-2.6497892,508,773,265,0,1,NA,302
561,21087,Demarcus Evans,,40,0,46,1.46,4.65,3,-0.4028812,-0.5710987,-0.244737,-0.7461604,-0.4255811,-0.2731926,-2.663651,510,678,168,0,1,NA,303
176,14739,Paul Blackburn,OAK,36,1,26,1.42,4.6,3,-0.4893538,-0.3334584,-0.6726375,-0.5445713,-0.3607884,-0.2731926,-2.6740019,513,388,-125,0,1,NA,304
27,10855,Chasen Shreve,NYM,29,0,28,1.41,4.69,5,-0.6406808,-0.5710987,-0.6298474,-0.4601518,-0.3924101,-0.0088021,-2.702991,514,777,263,0,1,NA,305
672,4994,Fernando Abad,,28,0,23,1.37,4.51,4,-0.662299,-0.5710987,-0.7368226,-0.3338435,-0.2663278,-0.1409974,-2.711389,515,595,80,0,1,NA,306
751,9939,Brandon Kintzler,,37,0,27,1.43,4.68,5,-0.4677357,-0.5710987,-0.6512425,-0.5917611,-0.4353699,-0.0088021,-2.72601,516,642,126,0,1,NA,307
384,18555,Logan Allen,CLE,51,2,42,1.47,4.91,2,-0.1650816,-0.095818,-0.3303171,-0.9316671,-0.8009829,-0.4053878,-2.7292545,518,549,31,0,1,NA,308
471,19845,Alexander Wells,,50,1,36,1.37,5.06,2,-0.1866998,-0.3334584,-0.4586872,-0.3841063,-0.9672921,-0.4053878,-2.7356315,519,353,-166,0,1,NA,309
130,13707,Joey Krehbiel,BAL,41,0,39,1.43,5,5,-0.3812631,-0.5710987,-0.3945021,-0.6265598,-0.7716689,-0.0088021,-2.7538948,521,590,69,0,1,NA,310
111,13397,Sam Selman,OAK,34,0,34,1.41,4.65,3,-0.5325901,-0.5710987,-0.5014773,-0.4929585,-0.3924713,-0.2731926,-2.7637885,524,643,119,0,1,NA,311
338,17793,Trey Wingenter,CIN,27,0,33,1.33,4.67,2,-0.6839171,-0.5710987,-0.5228723,-0.2160886,-0.366659,-0.4053878,-2.7660236,525,439,-86,0,1,NA,312
505,20153,Nick Nelson,PHI,43,0,47,1.53,4.5,3,-0.3380268,-0.5710987,-0.2233419,-1.1037018,-0.2890577,-0.2731926,-2.7984195,528,505,-23,0,1,NA,313
393,18792,Miguel Del Pozo,DET,37,0,38,1.44,4.54,2,-0.4677357,-0.5710987,-0.4158972,-0.6313203,-0.3124326,-0.4053878,-2.8038723,529,424,-105,0,1,NA,314
674,5097,Anthony Gose,CLE,46,0,54,1.6,4.72,6,-0.2731723,-0.5710987,-0.0735767,-1.5061483,-0.5351114,0.12339307,-2.8357144,531,808,277,0,1,NA,315
335,17759,Angel Perdomo,,25,0,34,1.42,4.36,2,-0.7271534,-0.5710987,-0.5014773,-0.4606356,-0.1707418,-0.4053878,-2.8364946,532,491,-41,0,1,NA,316
741,9388,Josh Tomlin,,45,0,33,1.33,5.16,3,-0.2947905,-0.5710987,-0.5228723,-0.1802326,-0.9978466,-0.2731926,-2.8400332,533,809,276,0,1,NA,317
634,25376,Nick Mears,PIT,33,0,34,1.46,4.85,5,-0.5542082,-0.5710987,-0.5014773,-0.66281,-0.5435912,-0.0088021,-2.8419877,534,718,184,0,1,NA,318
219,15507,Hunter Harvey,WSN,24,0,22,1.37,4.6,4,-0.7487716,-0.5710987,-0.7582176,-0.3247048,-0.3088085,-0.1409974,-2.8525986,535,523,-12,0,1,NA,319
499,20045,Sean Guenther,MIA,24,0,21,1.29,4.47,2,-0.7487716,-0.5710987,-0.7796126,-0.1194244,-0.2347614,-0.4053878,-2.8590565,536,429,-107,0,1,NA,320
37,11428,Brandon Workman,,32,0,32,1.5,4.82,6,-0.5758264,-0.5710987,-0.5442673,-0.7877565,-0.5105426,0.12339307,-2.8660984,537,792,255,0,1,NA,321
64,12323,Jacob Barnes,DET,27,0,26,1.39,4.53,3,-0.6839171,-0.5710987,-0.6726375,-0.389294,-0.276948,-0.2731926,-2.8670879,538,475,-63,0,1,NA,322
410,19264,Thomas Hatch,,29,0,27,1.36,4.55,2,-0.6406808,-0.5710987,-0.6512425,-0.3051223,-0.2960539,-0.4053878,-2.869586,540,497,-43,0,1,NA,323
305,17292,Javy Guerra,SDP,27,0,25,1.36,4.44,2,-0.6839171,-0.5710987,-0.6940325,-0.3026913,-0.2192766,-0.4053878,-2.8764041,541,397,-144,0,1,NA,324
247,16159,Jace Fry,WSN,26,0,27,1.41,4.3,2,-0.7055353,-0.5710987,-0.6512425,-0.4404677,-0.1323539,-0.4053878,-2.9060859,544,476,-68,0,1,NA,325
437,19454,Michael Rucker,CHC,32,0,31,1.36,4.78,2,-0.5758264,-0.5710987,-0.5656624,-0.3087688,-0.4801642,-0.4053878,-2.9069083,545,552,7,0,1,NA,326
250,16209,Jake Reed,NYM,28,0,26,1.37,4.52,2,-0.662299,-0.5710987,-0.6726375,-0.3338435,-0.2729731,-0.4053878,-2.9182396,547,478,-69,0,1,NA,327
281,16929,Touki Toussaint,,34,1,34,1.45,4.82,2,-0.5325901,-0.3334584,-0.5014773,-0.6383655,-0.5296484,-0.4053878,-2.9409274,551,482,-69,0,1,NA,328
747,9794,Rex Brothers,MIL,20,0,27,1.47,4.49,4,-0.8352442,-0.5710987,-0.6512425,-0.5293999,-0.2392692,-0.1409974,-2.9672518,555,723,168,0,1,NA,329
399,19178,Tommy Nance,MIA,18,0,18,1.37,4.79,5,-0.8784804,-0.5710987,-0.8437977,-0.3109968,-0.3639857,-0.0088021,-2.9771616,557,499,-58,0,1,NA,330
84,12857,Shawn Armstrong,,15,0,16,1.33,4.44,4,-0.9433349,-0.5710987,-0.8865878,-0.2399926,-0.2128643,-0.1409974,-2.9948757,558,583,25,0,1,NA,331
445,19535,Ryan Hendrix,CIN,34,0,35,1.45,4.8,3,-0.5325901,-0.5710987,-0.4800822,-0.6383655,-0.5135099,-0.2731926,-3.0088391,560,653,93,0,1,NA,332
697,6627,Brad Brach,ATL,29,0,30,1.5,4.81,5,-0.6406808,-0.5710987,-0.5870574,-0.7392048,-0.4750012,-0.0088021,-3.0218451,562,735,173,0,1,NA,333
594,22092,Kyle Tyler,,27,0,21,1.4,4.36,2,-0.6839171,-0.5710987,-0.7796126,-0.4181615,-0.1680132,-0.4053878,-3.026191,563,798,235,0,1,NA,334
308,17355,Edgar Santana,,15,0,12,1.25,3.97,2,-0.9433349,-0.5710987,-0.9721679,-0.1116924,-0.0455462,-0.4053878,-3.0492279,567,571,4,0,1,NA,335
273,16588,Jonathan Holder,CHC,25,0,21,1.33,4.66,2,-0.7271534,-0.5710987,-0.7796126,-0.2200726,-0.3487398,-0.4053878,-3.052065,568,623,55,0,1,NA,336
151,14169,Kyle Zimmer,,38,0,37,1.49,4.79,3,-0.4461175,-0.5710987,-0.4372922,-0.8442312,-0.5408044,-0.2731926,-3.1127367,571,797,226,0,1,NA,337
607,22358,Stephen Ridings,NYY,14,0,16,1.39,4.13,3,-0.964953,-0.5710987,-0.8865878,-0.3317948,-0.1093284,-0.2731926,-3.1369554,576,489,-87,0,1,NA,338
330,17682,Ralph Garza Jr.,,25,0,24,1.41,4.8,3,-0.7271534,-0.5710987,-0.7154275,-0.4339064,-0.4318055,-0.2731926,-3.1525842,578,752,174,0,1,NA,339
590,21997,Luis Frías,,19,0,19,1.35,4.49,2,-0.8568623,-0.5710987,-0.8224027,-0.2726531,-0.2375482,-0.4053878,-3.1659527,580,570,-10,0,1,NA,340
60,12237,Dan Winkler,TEX,25,0,24,1.49,4.69,4,-0.7271534,-0.5710987,-0.7154275,-0.6477402,-0.3665396,-0.1409974,-3.1689568,581,783,202,0,1,NA,341
128,13696,Robert Gsellman,CHC,28,0,22,1.43,4.71,3,-0.662299,-0.5710987,-0.7582176,-0.5134639,-0.399233,-0.2731926,-3.1775048,582,770,188,0,1,NA,342
23,10756,Shane Greene,LAD,19,0,17,1.34,4.52,2,-0.8568623,-0.5710987,-0.8651927,-0.2523388,-0.251076,-0.4053878,-3.2019564,585,692,107,0,1,NA,343
207,15264,Keynan Middleton,,24,0,22,1.46,4.81,4,-0.7487716,-0.5710987,-0.7582176,-0.5556453,-0.4284232,-0.1409974,-3.2031538,586,767,181,0,1,NA,344
249,16201,Justin Anderson,TEX,24,0,26,1.46,4.52,2,-0.7487716,-0.5710987,-0.6726375,-0.5556453,-0.2632411,-0.4053878,-3.216782,587,564,-23,0,1,NA,345
367,18332,Eric Hanhold,,44,0,35,1.46,5.1,4,-0.3164086,-0.5710987,-0.4800822,-0.7937891,-0.9175691,-0.1409974,-3.2199452,589,782,193,0,1,NA,346
587,21850,Mason Thompson,WSN,27,0,25,1.52,4.88,5,-0.6839171,-0.5710987,-0.6940325,-0.7645722,-0.5012255,-0.0088021,-3.2236483,590,594,4,0,1,NA,347
467,19789,Anthony Castro,TOR,16,0,17,1.36,4.34,2,-0.9217167,-0.5710987,-0.8651927,-0.2893207,-0.1754258,-0.4053878,-3.2281425,592,477,-115,0,1,NA,348
234,15849,Kent Emanuel,PHI,15,0,12,1.34,4.17,2,-0.9433349,-0.5710987,-0.9721679,-0.2560302,-0.1167454,-0.4053878,-3.2647649,596,488,-108,0,1,NA,349
255,16279,Sam Clay,WSN,15,0,12,1.54,4.4,5,-0.9433349,-0.5710987,-0.9721679,-0.5767808,-0.1986245,-0.0088021,-3.270809,597,605,8,0,1,NA,350
569,21290,Lucas Gilbreath,COL,50,0,48,1.54,5.22,6,-0.1866998,-0.5710987,-0.2019469,-1.2928998,-1.1571566,0.12339307,-3.2864088,598,717,119,0,1,NA,351
502,20074,Miguel Sánchez,MIL,27,0,25,1.44,4.72,2,-0.6839171,-0.5710987,-0.6940325,-0.5336318,-0.3986986,-0.4053878,-3.2867666,599,732,133,0,1,NA,352
179,14814,Buck Farmer,,32,0,31,1.46,5.02,3,-0.5758264,-0.5710987,-0.5656624,-0.6509028,-0.6624342,-0.2731926,-3.2991171,600,784,184,0,1,NA,353
444,19531,Jason Foley,DET,25,0,20,1.54,4.56,4,-0.7271534,-0.5710987,-0.8010077,-0.7813863,-0.2894071,-0.1409974,-3.3110506,603,766,163,0,1,NA,354
124,13607,Carl Edwards Jr.,WSN,17,0,19,1.36,5.04,3,-0.9000986,-0.5710987,-0.8224027,-0.2905363,-0.4560103,-0.2731926,-3.3133392,604,729,125,0,1,NA,355
653,3200,Ervin Santana,,37,0,30,1.42,5.17,3,-0.4677357,-0.5710987,-0.5870574,-0.5522018,-0.8656504,-0.2731926,-3.3169366,605,811,206,0,1,NA,356
687,5702,Junior Guerra,,35,0,31,1.46,4.92,2,-0.510972,-0.5710987,-0.5656624,-0.6866244,-0.6222671,-0.4053878,-3.3620123,610,738,128,0,1,NA,357
198,15068,Yency Almonte,LAD,30,0,28,1.45,4.98,2,-0.6190627,-0.5710987,-0.6298474,-0.5950134,-0.6053554,-0.4053878,-3.4257655,620,781,161,0,1,NA,358
14,10314,Erasmo Ramírez,,27,0,21,1.38,5.09,2,-0.6839171,-0.5710987,-0.7796126,-0.3604264,-0.635792,-0.4053878,-3.4362347,622,805,183,0,1,NA,359
549,20631,Jordan Holloway,,33,0,31,1.55,4.62,2,-0.5542082,-0.5710987,-0.5656624,-0.9803532,-0.3634572,-0.4053878,-3.4401676,625,764,139,0,1,NA,360
67,1246,Matt Bush,TEX,18,0,18,1.43,5,3,-0.8784804,-0.5710987,-0.8437977,-0.426467,-0.4536967,-0.2731926,-3.4467332,627,791,164,0,1,NA,361
406,19231,Caleb Baragar,,18,0,15,1.47,4.99,4,-0.8784804,-0.5710987,-0.9079828,-0.5034472,-0.4494248,-0.1409974,-3.4514313,630,759,129,0,1,NA,362
170,14672,Dillon Maples,,22,0,26,1.56,4.5,2,-0.7920079,-0.5710987,-0.6726375,-0.7670481,-0.2479325,-0.4053878,-3.4561124,631,608,-23,0,1,NA,363
532,20379,Tyler Zuber,KCR,15,0,16,1.43,4.6,2,-0.9433349,-0.5710987,-0.8865878,-0.400368,-0.2698237,-0.4053878,-3.4766008,633,612,-21,0,1,NA,364
341,17871,Ian Gibaut,CLE,24,0,22,1.53,4.76,3,-0.7487716,-0.5710987,-0.7582176,-0.7352657,-0.3999435,-0.2731926,-3.4864897,634,655,21,0,1,NA,365
513,20206,Mike Baumann,BAL,29,0,25,1.45,4.98,2,-0.6406808,-0.5710987,-0.6940325,-0.5841754,-0.5920052,-0.4053878,-3.4873805,635,657,22,0,1,NA,366
20,10688,Tyler Thornburg,ATL,30,0,30,1.49,5.17,3,-0.6190627,-0.5710987,-0.5870574,-0.7233137,-0.7406339,-0.2731926,-3.514359,639,800,161,0,1,NA,367
398,19159,Zack Burdi,,26,0,27,1.48,5,2,-0.7055353,-0.5710987,-0.6512425,-0.6350565,-0.5642958,-0.4053878,-3.5326165,644,760,116,0,1,NA,368
534,20385,Isaac Mattson,BAL,21,0,19,1.46,4.84,2,-0.813626,-0.5710987,-0.8224027,-0.5199237,-0.4154283,-0.4053878,-3.5478672,649,551,-98,0,1,NA,369
466,19784,Justin Garza,CLE,25,0,25,1.51,4.86,2,-0.7271534,-0.5710987,-0.6940325,-0.7011986,-0.4674051,-0.4053878,-3.5662762,653,769,116,0,1,NA,370
168,14663,Chi Chi González,,70,1,47,1.55,4.96,2,0.24566318,-0.3334584,-0.2233419,-1.7769525,-1.1061378,-0.4053878,-3.5996153,658,807,149,0,1,NA,371
52,11812,Alberto Baldonado,WSN,10,0,11,1.44,4.69,2,-1.0514256,-0.5710987,-0.9935629,-0.3675612,-0.2695252,-0.4053878,-3.6585615,665,581,-84,0,1,NA,372
809,sa918274,Graham Ashcraft,CIN,9,0,9,1.43,4.6,2,-1.0730438,-0.5710987,-1.036353,-0.3481699,-0.2438338,-0.4053878,-3.6778869,672,616,-56,0,1,NA,373
186,14966,Reyes Moronta,LAD,8,0,8,1.34,4.95,2,-1.0946619,-0.5710987,-1.057748,-0.26249,-0.3059547,-0.4053878,-3.6973412,677,701,24,0,1,NA,374
540,20447,Enoli Paredes,HOU,9,0,10,1.51,4.5,2,-1.0730438,-0.5710987,-1.0149579,-0.42515,-0.222474,-0.4053878,-3.7121123,681,660,-21,0,1,NA,375
225,15605,Phillips Valdez,BOS,24,0,21,1.51,4.98,2,-0.7487716,-0.5710987,-0.7796126,-0.6839456,-0.5252541,-0.4053878,-3.7140704,682,750,68,0,1,NA,376
511,20198,Ben Bowden,COL,27,0,31,1.5,5.34,2,-0.6839171,-0.5710987,-0.5656624,-0.7068371,-0.7959902,-0.4053878,-3.7288933,689,509,-180,0,1,NA,377
681,5401,Brad Peacock,KCR,10,0,10,1.43,5.12,2,-1.0514256,-0.5710987,-1.0149579,-0.3568695,-0.3715774,-0.4053878,-3.771317,702,787,85,0,1,NA,378
543,20491,J.B. Bukauskas,ARI,24,0,22,1.53,5.08,2,-0.7487716,-0.5710987,-0.7582176,-0.7352657,-0.5822135,-0.4053878,-3.8009549,710,785,75,0,1,NA,379
447,19548,JD Hammer,COL,27,0,26,1.5,5.29,2,-0.6839171,-0.5710987,-0.6726375,-0.7068371,-0.7639506,-0.4053878,-3.8038288,713,512,-201,0,1,NA,380
617,23310,Damon Jones,PHI,12,0,12,1.65,4.41,2,-1.0081893,-0.5710987,-0.9721679,-0.6565295,-0.2027173,-0.4053878,-3.8160906,717,677,-40,0,1,NA,381
588,21894,Gregory Santos,,6,0,6,1.49,4.77,2,-1.1378982,-0.5710987,-1.100538,-0.3605609,-0.2550466,-0.4053878,-3.8305302,721,712,-9,0,1,NA,382
500,20061,Kaleb Ort,BOS,6,0,6,1.57,4.62,2,-1.1378982,-0.5710987,-1.100538,-0.411881,-0.2336868,-0.4053878,-3.8604906,728,697,-31,0,1,NA,383
415,19276,Edgar García,,13,0,13,1.46,5.47,2,-0.9865712,-0.5710987,-0.9507728,-0.4246662,-0.5295814,-0.4053878,-3.8680781,730,758,28,0,1,NA,384
370,18341,Julian Fernández,,25,0,22,1.5,5.33,2,-0.7271534,-0.5710987,-0.7582176,-0.6744694,-0.7462687,-0.4053878,-3.8825956,736,574,-162,0,1,NA,385
788,sa737480,Felix Bautista,BAL,18,0,18,1.57,5.11,2,-0.8784804,-0.5710987,-0.8437977,-0.6958976,-0.5006882,-0.4053878,-3.8953505,738,749,11,0,1,NA,386
439,19457,Bryan Garcia,,30,0,23,1.51,5.22,2,-0.6190627,-0.5710987,-0.7368226,-0.7874638,-0.7762335,-0.4053878,-3.8960691,739,799,60,0,1,NA,387
480,19881,Gabe Klobosits,WSN,9,0,7,1.51,5.34,2,-1.0730438,-0.5710987,-1.079143,-0.42515,-0.401896,-0.4053878,-3.9557193,754,734,-20,0,1,NA,388
456,19682,Jordan Sheffield,COL,47,0,43,1.58,5.43,4,-0.2515542,-0.5710987,-0.308922,-1.432522,-1.3342635,-0.1409974,-4.0393578,770,793,23,0,1,NA,389
328,17639,Justin Lawrence,COL,36,0,32,1.63,5.77,4,-0.4893538,-0.5710987,-0.5442673,-1.3528629,-1.3604252,-0.1409974,-4.4590054,808,668,-140,0,1,NA,390