"","Name","Team","PlayerId","IP","SO","QS","ERA","WHIP","SVHD","pr","rank","pos","Player","ESPN","ESPNID","ESPNNAME"
"1","Jacob deGrom","TEX","10954",1.20205822626091,2.58027580439095,1.89628302706857,2.52315848400883,3.60042668005216,-0.825896228817725,10.9763059929637,1,"SP","Jacob DeGrom",21,"32796","Jacob deGrom"
"2","Gerrit Cole","NYY","13125",1.71175048637833,2.87275302292769,2.04107429917867,1.39347914351762,2.40564709948793,-0.825896228817725,9.59880782267252,2,"SP","Gerrit Cole",5,"32081","Gerrit Cole"
"3","Corbin Burnes","MIL","19361",1.71175048637833,2.66384072397287,2.04107429917867,1.4903239565007,1.9472323426973,-0.825896228817725,9.02832557991015,3,"SP","Corbin Burnes",7,"39878","Corbin Burnes"
"4","Carlos Rodón","NYY","16137",1.38554743990318,2.55938457449547,1.75149175495848,1.50772623698828,2.40217951433823,-0.825896228817725,8.78043329186591,4,"SP","Carlos Rodon",23,"33696","Carlos Rodon"
"5","Max Scherzer","NYM","3137",1.58942434395015,2.45492842501806,1.89628302706857,1.13974858967931,2.5139513423303,-0.825896228817725,8.76843949922866,5,"SP","Max Scherzer",14,"28976","Max Scherzer"
"6","Shane McClanahan","TBR","21483",1.44671051111727,2.14155997658583,1.89628302706857,1.75347989555034,1.85441664685694,-0.825896228817725,8.26655382836123,6,"SP","Shane McClanahan",31,"41199","Shane McClanahan"
"7","Shohei Ohtani","LAA","19755",1.22244591666561,2.20423366627228,1.60670048284838,1.48893667036569,1.95335840979511,-0.825896228817725,7.64977891712934,7,"SP","Shohei Ohtani",1,"39832","Shohei Ohtani"
"8","Aaron Nola","PHI","16149",1.75252586718772,2.20423366627228,1.89628302706857,0.798353792868951,1.70843131205448,-0.825896228817725,7.53393143663428,8,"SP","Aaron Nola",16,"33709","Aaron Nola"
"9","Justin Verlander","NYM","8700",1.36515974949849,1.91175644773553,1.60670048284838,1.06734449419228,2.33167194962762,-0.825896228817725,7.45673689508457,9,"SP","Justin Verlander",17,"6341","Justin Verlander"
"10","Shane Bieber","CLE","19427",1.83407662880651,2.03710382710842,2.04107429917867,0.80520861847719,1.19072084920394,-0.825896228817725,7.08228799395701,10,"SP","Shane Bieber",25,"40912","Shane Bieber"
"11","Edwin Díaz","NYM","14710",-0.999812337446323,-0.26093146139457,-0.999542415133376,2.93250990016753,3.26038372165519,2.72089739187189,6.65350479972034,11,"SP","Edwin Diaz",48,"35394","Edwin Diaz"
"12","Spencer Strider","ATL","27498",0.835079798976373,2.01621259721294,1.31711793862818,1.61058942364525,1.67213725415426,-0.825896228817725,6.62524078379929,12,"SP","Spencer Strider",36,"4307825","Spencer Strider"
"13","Sandy Alcantara","MIA","18684",1.99717815204408,1.84908275804909,2.18586557128877,0.664786699841737,0.734964574361419,-0.825896228817725,6.60598152676737,13,"SP","Sandy Alcantara",15,"35241","Sandy Alcantara"
"14","Luis Castillo","SEA","15689",1.67097510556894,1.95353890752649,1.89628302706857,1.09978250823127,0.805240966728715,-0.825896228817725,6.59992428630626,14,"SP","Luis Castillo",46,"35124","Luis Castillo"
"15","Tyler Glasnow","TBR","14374",0.957405941404553,1.93264767763101,1.31711793862818,1.38154440250328,1.82760065503258,-0.825896228817725,6.59042038638188,15,"SP","Tyler Glasnow",57,"33190","Tyler Glasnow"
"16","Kevin Gausman","TOR","14107",1.38554743990318,1.76551783846716,1.46190921073828,0.719992527508094,1.81835376130004,-0.825896228817725,6.32542454909903,16,"SP","Kevin Gausman",37,"32667","Kevin Gausman"
"17","Zack Wheeler","PHI","10310",1.54864896314076,1.61927922919879,1.75149175495848,0.887874551109887,1.24504634988261,-0.825896228817725,6.22644461947279,17,"SP","Zack Wheeler",41,"31267","Zack Wheeler"
"18","Brandon Woodruff","MIL","16162",1.22244591666561,1.78640906836264,1.46190921073828,0.841482070654124,1.52337785123204,-0.825896228817725,6.00972788883497,18,"SP","Brandon Woodruff",39,"37515","Brandon Woodruff"
"19","Robbie Ray","SEA","11486",1.58942434395015,2.24601612606324,1.60670048284838,0.207308695558518,0.864189914273653,-0.825896228817725,5.68774333387621,19,"SP","Robbie Ray",54,"32175","Robbie Ray"
"20","Framber Valdez","HOU","17295",1.69136279597363,1.53571430961686,2.04107429917867,1.30575369674551,-0.0977182062537354,-0.825896228817725,5.65029066644321,20,"SP","Framber Valdez",59,"36581","Framber Valdez"
"21","Yu Darvish","SDP","13074",1.54864896314076,1.76551783846716,1.60670048284838,-0.0221239496505926,1.33439446057327,-0.825896228817725,5.40724156656124,21,"SP","Yu Darvish",52,"32055","Yu Darvish"
"22","Dylan Cease","CHW","18525",1.52826127273606,2.39225473533161,1.46190921073828,0.320107299094101,0.467498173147724,-0.825896228817725,5.34413446223005,22,"SP","Dylan Cease",35,"34943","Dylan Cease"
"23","Clayton Kershaw","LAD","2036",1.20205822626091,1.43125816013945,1.46190921073828,0.73313094325722,1.22620580390256,-0.825896228817725,5.2286661154807,23,"SP","Clayton Kershaw",109,"28963","Clayton Kershaw"
"24","Joe Musgrove","SDP","12970",1.65058741516424,1.61927922919879,1.60670048284838,0.295074944864012,0.849163711958276,-0.825896228817725,5.19490955521597,24,"SP","Joe Musgrove",58,"34848","Joe Musgrove"
"25","Nick Lodolo","CIN","26378",1.2836089878797,1.99532136731746,1.46190921073828,0.445228267711162,0.644691774297504,-0.825896228817725,5.00486337912638,25,"SP","Nick Lodolo",98,"42433","Nick Lodolo"
"26","Blake Snell","SDP","13543",0.957405941404553,1.74462660857168,1.17232666651809,0.979639448686855,0.912504934026171,-0.825896228817725,4.94060737038962,26,"SP","Blake Snell",78,"33748","Blake Snell"
"27","Andrés Muñoz","SEA","20373",-0.979424647041627,-0.323605151081016,-0.999542415133376,3.0152370366003,2.97294402997921,1.20084298300491,4.88645183632841,27,"SP","Andres Munoz",166,"40939","Andres Munoz"
"28","Max Fried","ATL","13743",1.56903665354545,1.28501955087108,1.75149175495848,0.618088200385606,0.3719084091876,-0.825896228817725,4.76964834013049,28,"SP","Max Fried",56,"32685","Max Fried"
"29","Josh Hader","SDP","14212",-0.95903695663693,-0.302713921185534,-0.999542415133376,2.00963820012491,2.33664215500886,2.51822347068962,4.60321053286755,29,"SP","Josh Hader",70,"32760","Josh Hader"
"30","Chris Sale","BOS","10603",0.692365966143497,1.2641283209756,1.02753539440799,0.838891109784343,1.35797403959125,-0.825896228817725,4.35499860208495,30,"SP","Chris Sale",145,"30948","Chris Sale"
"31","Zac Gallen","ARI","19291",1.40593513030788,1.7237353786762,1.46190921073828,0.202861219419838,0.367284962321328,-0.825896228817725,4.3358296726458,31,"SP","Zac Gallen",60,"39910","Zac Gallen"
"32","Emmanuel Clase","CLE","21032",-0.877486195018144,-0.678756059304205,-0.999542415133376,2.27187608217345,1.76125419250161,2.82223435246302,4.29957995768236,32,"SP","Emmanuel Clase",51,"41743","Emmanuel Clase"
"33","Lance Lynn","CHW","2520",1.42632282071258,1.36858447045301,1.46190921073828,-0.0349359451326598,0.862918466385428,-0.825896228817725,4.2589027943389,33,"SP","Lance Lynn",107,"30820","Lance Lynn"
"34","Alek Manoah","TOR","26410",1.75252586718772,1.76551783846716,1.60670048284838,-0.484498257939699,0.381617647606765,-0.825896228817725,4.1959673493526,34,"SP","Alek Manoah",44,"42436","Alek Manoah"
"35","Hunter Greene","CIN","22182",1.12050746464213,2.09977751679487,1.17232666651809,-0.170196343295242,0.621458953794501,-0.825896228817725,4.01797802963661,35,"SP","Hunter Greene",116,"39635","Hunter Greene"
"36","Logan Gilbert","SEA","22250",1.2836089878797,1.28501955087108,1.31711793862818,0.0727827429968175,0.849741642816561,-0.825896228817725,3.98237463437461,36,"SP","Logan Gilbert",81,"41221","Logan Gilbert"
"37","Andrew Heaney","TEX","15423",0.54965213331062,1.05521602202078,0.882744122297892,0.632103870602453,1.57273314652947,-0.825896228817725,3.86655306594349,37,"SP","Andrew Heaney",212,"32672","Andrew Heaney"
"38","Julio Urías","LAD","14765",1.56903665354545,1.4939318498259,1.46190921073828,-0.326918874016955,0.409705087319352,-0.825896228817725,3.7817676985943,38,"SP","Julio Urias",50,"33223","Julio Urias"
"39","Alex Cobb","SFG","6562",1.07973208383273,1.05521602202078,1.31711793862818,0.866106399550389,0.173446952452976,-0.825896228817725,3.66572316766734,39,"SP","Alex Cobb",174,"31086","Alex Cobb"
"40","Cristian Javier","HOU","17606",1.12050746464213,1.91175644773553,1.17232666651809,-0.228033934364762,0.498475267151727,-0.825896228817725,3.64913568286498,40,"SP","Cristian Javier",67,"41261","Cristian Javier"
"41","Jordan Montgomery","STL","16511",1.2836089878797,0.929868642647889,1.31711793862818,0.430784170893801,0.49627912989025,-0.825896228817725,3.6317626411221,41,"SP","Jordan Montgomery",126,"38173","Jordan Montgomery"
"42","Triston McKenzie","CLE","18000",1.44671051111727,1.68195291888523,1.31711793862818,-0.478908310866313,0.432244390792418,-0.825896228817725,3.57322121973907,42,"SP","Triston McKenzie",76,"34954","Triston McKenzie"
"43","Pablo López","MIN","17085",1.18167053585622,1.22234586118463,1.31711793862818,0.216020036435655,0.416062326760474,-0.825896228817725,3.52732047004744,43,"SP","Pablo Lopez",92,"39671","Pablo Lopez"
"44","Logan Webb","SFG","17995",1.63019972475954,1.13878094160271,1.60670048284838,0.254109201348104,-0.312246140848643,-0.825896228817725,3.49164798089236,44,"SP","Logan Webb",69,"41216","Logan Webb"
"45","Nestor Cortes","NYY","17874",1.10011977423743,1.34769324055752,1.17232666651809,-0.0951400831383576,0.778424974904353,-0.825896228817725,3.47752834426131,45,"SP","Nestor Cortes Jr.",84,"36480","Nestor Cortes Jr."
"46","Jhoan Duran","MIN","21029",-0.918261575827537,-0.428061300558424,-0.999542415133376,2.60457993937336,1.9686157844538,1.20084298300491,3.42817341531273,46,"SP","Jhoan Duran",204,"41109","Jhoan Duran"
"47","Charlie Morton","ATL","4676",1.07973208383273,1.45214939003493,1.17232666651809,0.168179066044817,0.357228965387193,-0.825896228817725,3.40371994300004,47,"SP","Charlie Morton",99,"29155","Charlie Morton"
"48","Luis Severino","NYY","15890",0.651590585334104,1.0343247921253,0.882744122297892,0.626024293128478,0.981047533818618,-0.825896228817725,3.34983509788666,48,"SP","Luis Severino",114,"33263","Luis Severino"
"49","Ryan Helsley","STL","18138",-0.918261575827537,-0.49073499024487,-0.999542415133376,1.65851199910286,1.4721731771881,2.51822347068962,3.2403696657748,49,"SP","Ryan Helsley",119,"39909","Ryan Helsley"
"50","Brady Singer","KCR","25377",1.44671051111727,1.22234586118463,1.46190921073828,0.0585426588463676,-0.162562048553165,-0.825896228817725,3.20104996451566,50,"SP","Brady Singer",121,"41172","Brady Singer"
"51","George Kirby","SEA","25436",0.61081520452471,0.532935274633736,0.882744122297892,0.59481035509096,1.18343892038957,-0.825896228817725,2.97884764811914,51,"SP","George Kirby",117,"42406","George Kirby"
"52","Jon Gray","TEX","14916",1.24283360707031,1.36858447045301,1.17232666651809,-0.0987715086093895,0.0726558107682986,-0.825896228817725,2.93173281738258,52,"SP","Jon Gray",162,"33203","Jon Gray"
"53","Pete Fairbanks","TBR","17998",-0.979424647041627,-0.574299909826797,-0.999542415133376,1.94745513925017,1.80170935258147,1.70752778596057,2.9034253057904,53,"SP","Pete Fairbanks",224,"42180","Peter Fairbanks"
"54","Kodai Senga","NYM","31838",0.875855179785766,1.38947570034849,0.882744122297892,0.31906683449285,0.0880287715986456,-0.724559268226594,2.83061134029705,54,"SP","Kodai Senga",168,"4142421","Kodak Senga"
"55","Drew Rasmussen","TBR","25385",1.22244591666561,0.929868642647889,1.17232666651809,0.0983863326942596,0.208007217778342,-0.825896228817725,2.80513854748646,55,"SP","Drew Rasmussen",156,"42584","Drew Rasmussen"
"56","Kyle Wright","ATL","19665",1.44671051111727,1.2641283209756,1.46190921073828,-0.0986491010092425,-0.50839587415013,-0.825896228817725,2.73980683885405,56,"SP","Kyle Wright",89,"39652","Kyle Wright"
"57","Ryan Pressly","HOU","7005",-1.04058771825572,-0.824994668572578,-0.999542415133376,1.5910450101551,1.40709816254536,2.51822347068962,2.65124184142841,57,"SP","Ryan Pressly",94,"33072","Ryan Pressly"
"58","Patrick Sandoval","LAA","19447",1.07973208383273,1.13878094160271,1.17232666651809,0.349301511729192,-0.278494978724875,-0.825896228817725,2.63574999614012,58,"SP","Patrick Sandoval",203,"40975","Patrick Sandoval"
"59","Lucas Giolito","CHW","15474",1.2836089878797,1.43125816013945,1.17232666651809,-0.483559799671904,0.00723403761058395,-0.825896228817725,2.58497182365819,59,"SP","Lucas Giolito",95,"32697","Lucas Giolito"
"60","Chris Bassitt","TOR","12304",1.36515974949849,1.01343356222982,1.17232666651809,-0.387837056356845,0.170904056676529,-0.825896228817725,2.50809074974835,60,"SP","Chris Bassitt",97,"33148","Chris Bassitt"
"61","Joe Ryan","MIN","21390",1.07973208383273,1.2641283209756,1.02753539440799,-0.569224718508206,0.526331534521002,-0.825896228817725,2.50260638641139,61,"SP","Joe Ryan",143,"42450","Joe Ryan"
"62","Miles Mikolas","STL","9803",1.58942434395015,0.679173883902108,1.46190921073828,-0.44540943095938,-0.0168078860940163,-0.825896228817725,2.44239389271942,62,"SP","Miles Mikolas",206,"32116","Miles Mikolas"
"63","Félix Bautista","BAL","20666",-0.95903695663693,-0.511626220140351,-0.999542415133376,1.49803563530996,1.0510927538426,2.31554954950736,2.39447234674927,63,"SP","Felix Bautista",105,"4905859","Felix Bautista"
"64","Raisel Iglesias","ATL","17130",-0.95903695663693,-0.720538519095169,-0.999542415133376,0.900421330124969,1.51598033624601,2.41688651009849,2.15417028560399,64,"SP","Raisel Iglesias",85,"33618","Raisel Iglesias"
"65","Merrill Kelly","ARI","11156",1.71175048637833,1.20145463128915,1.46190921073828,-0.826423487684023,-0.676226995395717,-0.825896228817725,2.0465676165083,65,"SP","Merrill Kelly",149,"32968","Merrill Kelly"
"66","Nathan Eovaldi","TEX","9132",0.85546748938107,0.574717734424699,0.882744122297892,-0.0872855954622501,0.584471378864343,-0.825896228817725,1.98421890068803,66,"SP","Nathan Eovaldi",167,"31174","Nate Eovaldi"
"67","Jeffrey Springs","TBR","17677",0.570039823715317,0.595608964320181,0.737952850187794,0.253252348147074,0.545403252844366,-0.825896228817725,1.87636101039701,67,"SP","Jeffrey Springs",161,"35397","Jeffrey Springs"
"68","José Berríos","TOR","14168",1.2836089878797,0.992542332334334,1.02753539440799,-0.703016225469022,0.0965821483012439,-0.825896228817725,1.87135640863652,68,"SP","Jose Berrios",142,"32811","Jose Berrios"
"69","Drew Rucinski","OAK","12499",1.18167053585622,0.82541249317048,0.737952850187794,-0.361172600791461,0.190784878201488,-0.724559268226594,1.85008888839792,69,"SP",NA,NA,NA,NA
"70","Devin Williams","MIL","15816",-0.979424647041627,-0.574299909826797,-0.999542415133376,1.55921903411684,0.684915762034051,2.1128756283251,1.80374345247419,70,"SP","Devin Williams",65,"33224","Devin Williams"
"71","Eduardo Rodriguez","DET","13164",1.14089515504682,0.846303723065962,1.17232666651809,-0.138125552056693,-0.391885013120138,-0.825896228817725,1.80361875063632,71,"SP","Eduardo Rodriguez",333,"32675","Eduardo Rodriguez"
"72","Jordan Romano","TOR","16122",-0.95903695663693,-0.699647289199687,-0.999542415133376,0.882162196436355,0.895629352964287,2.61956043128076,1.7391253197114,72,"SP","Jordan Romano",96,"36380","Jordan Romano"
"73","José Quintana","NYM","11423",0.91663056059516,0.720956343693071,1.02753539440799,0.15451021736172,-0.262544087036246,-0.825896228817725,1.73119220020397,73,"SP","Jose Quintana",264,"32106","Jose Quintana"
"74","Marcus Stroman","CHC","13431",1.32438436868909,0.70006511379759,1.17232666651809,-0.226748654563218,-0.474066781168079,-0.825896228817725,1.67006448445575,74,"SP","Marcus Stroman",239,"32815","Marcus Stroman"
"75","Grayson Rodriguez","BAL","sa3008130",0.529264442905924,0.679173883902108,0.737952850187794,0.0979783073604359,0.340584556668624,-0.825896228817725,1.55905781220716,75,"SP","Grayson Rodriguez",231,"41196","Grayson Rodriguez"
"76","Liam Hendriks","CHW","3548",-1.52989228796844,-1.24281926648221,-0.999542415133376,1.96143000693363,3.07382764060121,0.288810337684725,1.55181401563555,76,"SP","Liam Hendriks",290,"31755","Liam Hendriks"
"77","Luis Garcia","HOU","23735",0.896242870190463,0.950759872543371,0.882744122297892,-0.493025987416616,0.100743250480888,-0.825896228817725,1.51156789927827,77,"SP",NA,NA,NA,NA
"78","Jesús Luzardo","MIA","19959",0.6719782757388,0.908977412752407,0.882744122297892,0.0671927959234322,-0.197353486221843,-0.825896228817725,1.50764289167296,78,"SP","Jesus Luzardo",179,"39667","Jesus Luzardo"
"79","Tyler Mahle","MIN","16358",1.07973208383273,1.05521602202078,1.02753539440799,-0.60945601642323,-0.243472368712884,-0.825896228817725,1.48365888630766,79,"SP","Tyler Mahle",155,"34973","Tyler Mahle"
"80","Alex Wood","SFG","13781",0.304999848454261,0.3449142055744,0.158787761747404,0.64114163174665,0.744211468093957,-0.724559268226594,1.46949564739008,80,"SP",NA,NA,NA,NA
"81","Paul Sewald","SEA","13892",-0.938649266232234,-0.678756059304205,-0.999542415133376,0.700101292484185,1.40952547215015,1.91020170714283,1.40288073110735,81,"SP","Paul Sewald",199,"35009","Paul Sewald"
"82","Dustin May","LAD","19716",0.162286015621384,0.449370355051809,0.303579033857502,0.478951561551697,0.493505061770488,-0.52188534704433,1.36580668080855,82,"SP","Dustin May",205,"40937","Dustin May"
"83","Sean Manaea","SFG","15873",0.875855179785766,0.720956343693071,0.882744122297892,-0.325245970148277,0.0259589974189778,-0.825896228817725,1.3543724442297,83,"SP","Sean Manaea",185,"33244","Sean Manaea"
"84","Jameson Taillon","CHC","11674",1.32438436868909,0.846303723065962,1.02753539440799,-0.992551002350375,-0.0824608315950459,-0.825896228817725,1.2973154233999,84,"SP","Jameson Taillon",209,"31258","Jameson Taillon"
"85","David Bednar","PIT","19569",-0.95903695663693,-0.720538519095169,-0.999542415133376,0.707976181426984,0.705836859103919,2.51822347068962,1.25291862035505,85,"SP","David Bednar",194,"38303","David Bednar"
"86","Ranger Suárez","PHI","17277",1.24283360707031,0.762738803484035,1.17232666651809,-0.0544395560894364,-1.07014466840189,-0.825896228817725,1.22741862376338,86,"SP","Ranger Suarez",198,"39817","Ranger Suarez"
"87","Carlos Carrasco","NYM","6632",0.753529037357587,0.616500194215663,0.737952850187794,-0.143878709263608,0.0756610512313756,-0.825896228817725,1.21386819491109,87,"SP","Carlos Carrasco",262,"28968","Carlos Carrasco"
"88","Tyler Anderson","LAA","12880",1.46709820152197,0.720956343693071,1.17232666651809,-1.05030698835313,-0.270981877567186,-0.825896228817725,1.21319611699508,88,"SP","Tyler Anderson",183,"32151","Tyler Anderson"
"89","Martín Pérez","TEX","6902",1.44671051111727,0.867194952961444,1.31711793862818,-0.52193458231803,-1.22456779373529,-0.825896228817725,1.05862479783586,89,"SP","Martin Perez",228,"31098","Martin Perez"
"90","Camilo Doval","SFG","21992",-0.999812337446323,-0.762320978886132,-0.999542415133376,1.1351379034071,-0.170075149710854,2.82223435246302,1.02562137469343,90,"SP","Camilo Doval",139,"41337","Camilo Doval"
"91","Frankie Montas","NYY","14309",0.284612158049564,0.282240515887955,0.593161578077697,0.191497713872846,0.489921890449129,-0.825896228817725,1.01553762751947,91,"SP","Frankie Montas",278,"33249","Frankie Montas"
"92","Clay Holmes","NYY","13649",-0.999812337446323,-0.908559588154504,-0.999542415133376,1.49238448443651,0.183849707902084,2.21421258891623,0.982532440520615,92,"SP","Clay Holmes",189,"32827","Clay Holmes"
"93","José Alvarado","PHI","17780",-0.979424647041627,-0.469843760349388,-0.999542415133376,2.0927937631582,0.308567187119705,0.998169061822647,0.950719189576156,93,"SP",NA,NA,NA,NA
"94","Steven Matz","STL","13361",0.223449086835474,0.136001906619583,0.303579033857502,0.287261259721286,0.703293963327472,-0.724559268226594,0.929025982134724,94,"SP",NA,NA,NA,NA
"95","Kenta Maeda","MIN","18498",0.753529037357587,0.595608964320181,0.593161578077697,-0.429129220139812,0.0817871183291818,-0.724559268226594,0.87039820971824,95,"SP","Kenta Maeda",378,"34892","Kenta Maeda"
"96","Reid Detmers","LAA","27468",0.753529037357587,0.888086182856925,0.737952850187794,-0.561859861232687,-0.139444814221817,-0.825896228817725,0.852367166130077,96,"SP","Reid Detmers",303,"4326697","Reid Detmers"
"97","Ken Waldichuk","OAK","27681",0.447713681287137,0.532935274633736,0.593161578077697,0.0566657423107787,-0.0750633166090149,-0.724559268226594,0.83085369147374,97,"SP",NA,NA,NA,NA
"98","Matthew Boyd","DET","15440",0.814692108571677,0.616500194215663,0.882744122297892,-0.665171875756866,-0.0435082917467236,-0.825896228817725,0.779360028763916,98,"SP",NA,NA,NA,NA
"99","Lance McCullers Jr.","HOU","14120",0.712753656548193,0.70006511379759,0.882744122297892,0.0128030189247224,-0.725929049208115,-0.825896228817725,0.756540633542558,99,"SP","Lance McCullers Jr.",175,"32764","Lance McCullers"
"100","Sonny Gray","MIN","12768",0.712753656548193,0.658282654006626,0.737952850187794,-0.202063121866879,-0.379170534237895,-0.825896228817725,0.701859275820115,100,"SP","Sonny Gray",252,"32082","Sonny Gray"
"101","Zach Eflin","TBR","13774",0.6719782757388,0.240458056096991,0.737952850187794,-0.367027764331832,0.232973830856197,-0.825896228817725,0.690439019730225,101,"SP","Zach Eflin",369,"32804","Zach Eflin"
"102","A.J. Minter","ATL","18655",-0.918261575827537,-0.595191139722278,-0.999542415133376,1.29424738233168,1.13015369525581,0.694158180049252,0.605564126953551,102,"SP","A.J. Minter",223,"36133","A.J. Minter"
"103","Trevor Rogers","MIA","22286",0.264224467644868,0.365805435469882,0.448370305967599,0.176339572721293,0.0601725042293711,-0.724559268226594,0.590353017806419,103,"SP","Trevor Rogers",422,"39640","Trevor Rogers"
"104","Freddy Peralta","MIL","18679",0.325387538858957,0.616500194215663,0.448370305967599,-0.212936997013283,0.236094657490929,-0.825896228817725,0.58751947070214,104,"SP","Freddy Peralta",157,"39825","Freddy Peralta"
"105","Justin Steele","CHC","17312",0.61081520452471,0.553826504529218,0.737952850187794,0.0802904091391752,-0.743151388784969,-0.825896228817725,0.413837350778203,105,"SP","Justin Steele",324,NA,"Justin Steele"
"106","Jason Adam","TBR","11861",-0.918261575827537,-0.678756059304205,-0.999542415133376,0.756327183485102,1.00797911181464,1.20084298300491,0.368589228039532,106,"SP","Jason Adam",230,NA,"Jason Adam"
"107","Kyle Gibson","BAL","10123",1.20205822626091,0.616500194215663,1.02753539440799,-0.730578336768819,-0.983686212002644,-0.825896228817725,0.305933037295376,107,"SP",NA,NA,NA,NA
"108","Aaron Ashby","MIL","23550",-0.408569315710121,-0.114692852126198,-0.275586054582888,1.34645422379443,0.272041956876174,-0.52188534704433,0.297762611207069,108,"SP","Aaron Ashby",480,"41325","Aaron Ashby"
"109","Garrett Whitlock","BOS","20191",0.468101371691834,0.407587895260845,0.303579033857502,-0.273426752752658,0.0993562164210059,-0.724559268226594,0.280638496251935,109,"SP","Garrett Whitlock",271,"39674","Garrett Whitlock"
"110","JT Brubaker","PIT","17578",1.01856901261864,0.804521263274999,0.882744122297892,-0.865349104530813,-0.82533315683291,-0.825896228817725,0.189255908010085,110,"SP",NA,NA,NA,NA
"111","Taylor Rogers","SFG","13449",-0.95903695663693,-0.762320978886132,-0.999542415133376,1.21119382563185,1.09027646603424,0.59282121945812,0.173391160467768,111,"SP","Taylor Rogers",343,"33671","Taylor Rogers"
"112","Jack Flaherty","STL","17479",0.631202894929407,0.470261584947291,0.593161578077697,-0.509142988102654,-0.350273991323711,-0.724559268226594,0.110649810301436,112,"SP","Jack Flaherty",221,"33837","Jack Flaherty"
"113","Eric Lauer","MIL","19316",0.875855179785766,0.804521263274999,0.737952850187794,-0.840867584501386,-0.678423132657194,-0.825896228817725,0.0731423472722539,113,"SP","Eric Lauer",366,"39915","Eric Lauer"
"114","Jalen Beeks","TBR","17192",-1.02020002785102,-0.845885898468059,-0.999542415133376,1.291187192328,0.738663331854433,0.896832101231515,0.0610542839614937,114,"SP",NA,NA,NA,NA
"115","Kyle Bradish","BAL","24586",0.6719782757388,0.512044044738254,0.737952850187794,-0.513366050307731,-0.602714190222031,-0.825896228817725,-0.0200012986826393,115,"SP",NA,NA,NA,NA
"116","James Paxton","BOS","11828",0.651590585334104,0.70006511379759,0.448370305967599,-0.732128833037349,-0.399513700449481,-0.724559268226594,-0.0561757966141307,116,"SP",NA,NA,NA,NA
"117","Jorge López","MIN","14527",-0.877486195018144,-0.824994668572578,-0.999542415133376,0.623331325925241,0.124207243327206,1.8088647465517,-0.145619962919949,117,"SP","Jorge Lopez",261,"33833","Jorge Lopez"
"118","Garrett Cleavinger","TBR","17897",-1.04058771825572,-0.657864829408724,-0.999542415133376,1.36787555382018,0.591522135335404,0.59282121945812,-0.145776054184112,118,"SP",NA,NA,NA,NA
"119","Ross Stripling","SFG","13273",0.712753656548193,0.240458056096991,0.448370305967599,-0.702077767201227,-0.12730826619786,-0.724559268226594,-0.152363283012896,119,"SP","Ross Stripling",256,"32789","Ross Stripling"
"120","Adbert Alzolay","CHC","17859",-0.979424647041627,-0.866777128363541,-0.999542415133376,0.583059225476835,0.889618872038136,1.20084298300491,-0.172223110018662,120,"SP",NA,NA,NA,NA
"121","Caleb Thielbar","MIN","10078",-0.999812337446323,-0.74142974899065,-0.999542415133376,0.931104835228517,1.13627976235362,0.491484258866988,-0.181915645121228,121,"SP",NA,NA,NA,NA
"122","Aaron Civale","CLE","19479",0.427325990882441,0.156893136515064,0.593161578077697,-0.623349279039929,0.0339344432632912,-0.825896228817725,-0.237930359119161,122,"SP","Aaron Civale",351,"40934","Aaron Civale"
"123","Brock Burke","TEX","17968",-0.89787388542284,-0.74142974899065,-0.999542415133376,0.748431893275612,0.543438287926201,1.09950602241378,-0.247469845931275,123,"SP",NA,NA,NA,NA
"124","Tony Gonsolin","LAD","19388",0.814692108571677,0.741847573588553,0.737952850187794,-1.0207455529176,-0.714023673527472,-0.825896228817725,-0.266172922914771,124,"SP","Tony Gonsolin",137,"38958","Tony Gonsolin"
"125","Michael King","NYY","19853",-1.1221384798745,-0.929450818049986,-0.999542415133376,1.27458056124137,1.11778597488854,0.390147298275856,-0.268617878652095,125,"SP","Michael King",350,"40429","Michael King"
"126","Evan Phillips","LAD","17734",-0.95903695663693,-0.699647289199687,-0.999542415133376,0.67119269758277,0.473046309387245,1.20084298300491,-0.313144670995067,126,"SP","Evan Phillips",238,"37911","Evan Phillips"
"127","Roansy Contreras","PIT","22810",0.814692108571677,0.679173883902108,0.737952850187794,-0.889443000493107,-0.830418948385807,-0.825896228817725,-0.31393933503506,127,"SP","Roansy Contreras",385,NA,"Roansy Contreras"
"128","Aaron Bummer","CHW","16258",-0.95903695663693,-0.845885898468059,-0.999542415133376,1.79399681119904,0.101436767510828,0.59282121945812,-0.316210472070375,128,"SP",NA,NA,NA,NA
"129","Michael Wacha","","14078",0.937018250999856,0.449370355051809,0.737952850187794,-1.12854584611384,-0.490133259028366,-0.825896228817725,-0.320233877720471,129,"SP","Michael Wacha",300,"32640","Michael Wacha"
"130","Giovanny Gallegos","STL","14986",-0.95903695663693,-0.804103438677096,-0.999542415133376,0.606235064438025,1.12576142073285,0.694158180049252,-0.336528145227271,130,"SP","Giovanny Gallegos",237,"36050","Giovanny Gallegos"
"131","Scott Barlow","KCR","14993",-0.83671081420875,-0.783212208781614,-0.999542415133376,0.246642337739129,-0.196197624505276,2.21421258891623,-0.354808135973658,131,"SP","Scott Barlow",163,"32156","Scott Barlow"
"132","Daniel Hudson","LAD","7146",-1.04058771825572,-0.804103438677096,-0.999542415133376,0.27016499823407,0.813678757259658,1.40351690418717,-0.356872912385285,132,"SP",NA,NA,NA,NA
"133","Hunter Brown","HOU","25880",-0.265855482877245,-0.0729103923352347,-0.275586054582888,0.97645685108303,-0.00559602744331351,-0.724559268226594,-0.368050374382245,133,"SP","Hunter Brown",273,NA,"Hunter Brown"
"134","Spencer Turnbull","DET","16207",0.345775229263654,0.0733282169331375,0.303579033857502,-0.0717806327769464,-0.311783796162016,-0.724559268226594,-0.385441217111263,134,"SP",NA,NA,NA,NA
"135","Bryan Abreu","HOU","16609",-0.999812337446323,-0.678756059304205,-0.999542415133376,1.12542690046209,0.251352032149619,0.896832101231515,-0.404499778040679,135,"SP",NA,NA,NA,NA
"136","José Urquidy","HOU","18413",0.896242870190463,0.407587895260845,0.737952850187794,-1.46949181505699,-0.151696948417432,-0.825896228817725,-0.405301376653044,136,"SP","Jose Urquidy",246,"35759","Jose Urquidy"
"137","DL Hall","BAL","22207",-0.95903695663693,-0.532517450035833,-0.709959870913181,1.5092971345235,0.692775621706709,-0.420548386453198,-0.419989907808931,137,"SP",NA,NA,NA,NA
"138","Luis García","SDP","6984",-1.04058771825572,-0.950342047945468,-0.999542415133376,1.08331868601148,0.79056152292831,0.694158180049252,-0.422433792345521,138,"SP","Luis Garcia",329,"33089","Luis Garcia"
"139","Chris Martin","BOS","11847",-1.04058771825572,-0.97123327784095,-0.999542415133376,0.704201947089114,1.24978538292054,0.59282121945812,-0.46455486176227,139,"SP",NA,NA,NA,NA
"140","Matt Brash","SEA","25756",-1.02020002785102,-0.720538519095169,-0.999542415133376,1.45908961719649,0.214595629562776,0.59282121945812,-0.473774495862183,140,"SP",NA,NA,NA,NA
"141","Paul Blackburn","OAK","14739",0.957405941404553,0.136001906619583,0.882744122297892,-0.758160849335306,-0.870642936122354,-0.825896228817725,-0.478548043953357,141,"SP",NA,NA,NA,NA
"142","Reynaldo López","CHW","16400",-0.999812337446323,-0.929450818049986,-0.999542415133376,0.416605290543424,1.12379645581469,0.896832101231515,-0.491571723040056,142,"SP",NA,NA,NA,NA
"143","Nick Pivetta","BOS","15454",1.32438436868909,1.20145463128915,0.882744122297892,-1.69202883212448,-1.38384553827828,-0.825896228817725,-0.493187476944345,143,"SP","Nick Pivetta",281,"36071","Nick Pivetta"
"144","Adam Wainwright","STL","2233",1.10011977423743,0.198675596306028,1.02753539440799,-0.97239455085948,-1.05141970859349,-0.825896228817725,-0.523379723319252,144,"SP","Adam Wainwright",218,"5403","Adam Wainwright"
"145","Alex Vesia","LAD","25007",-1.02020002785102,-0.595191139722278,-0.999542415133376,0.713974153834194,0.376531856053869,0.998169061822647,-0.526258510995964,145,"SP",NA,NA,NA,NA
"146","Edward Cabrera","MIA","21690",0.386550610073047,0.553826504529218,0.593161578077697,-0.401505905039942,-0.833655361192196,-0.825896228817725,-0.527518802369902,146,"SP","Edward Cabrera",260,"40944","Edward Cabrera"
"147","Cole Irvin","BAL","19244",1.14089515504682,0.156893136515064,0.882744122297892,-1.38484695955525,-0.613232531842794,-0.724559268226594,-0.542106345764855,147,"SP",NA,NA,NA,NA
"148","Trevor May","OAK","6398",-1.04058771825572,-0.929450818049986,-0.999542415133376,0.295809390464895,0.52147691531142,1.60619082536944,-0.546103820293325,148,"SP","Trevor May",484,"31263","Trevor May"
"149","Kyle Finnegan","WSN","15009",-0.95903695663693,-0.887668358259023,-0.999542415133376,0.296319422132175,-0.227521477024252,2.21421258891623,-0.563237196005178,149,"SP","Kyle Finnegan",389,NA,"Kyle Finnegan"
"150","Sam Hentges","CLE","18548",-1.04058771825572,-0.866777128363541,-0.999542415133376,1.23991880913304,0.58597399909588,0.491484258866988,-0.589530194656722,150,"SP",NA,NA,NA,NA
"151","Patrick Corbin","WSN","9323",1.01856901261864,0.428479125156327,0.737952850187794,-1.03149702046385,-0.965885941567507,-0.825896228817725,-0.638278202886324,151,"SP",NA,NA,NA,NA
"152","Trevor Stephan","CLE","19932",-0.999812337446323,-0.804103438677096,-0.999542415133376,0.630920597134363,0.737391883966211,0.795495140640384,-0.639650569515838,152,"SP",NA,NA,NA,NA
"153","Collin McHugh","ATL","7531",-0.95903695663693,-0.866777128363541,-0.999542415133376,0.4937628811695,0.742824434034077,0.896832101231515,-0.691937083698754,153,"SP","Collin McHugh",364,"32569","Collin McHugh"
"154","Kyle Muller","OAK","20167",0.0195721827885081,-0.0311279325442713,0.158787761747404,0.153959383161058,-0.28936007886061,-0.724559268226594,-0.712727951934505,154,"SP",NA,NA,NA,NA
"155","Matt Bush","MIL","1246",-1.02020002785102,-0.74142974899065,-0.999542415133376,0.712158441098678,0.84407792040538,0.491484258866988,-0.713451571604001,155,"SP",NA,NA,NA,NA
"156","Mitch Keller","PIT","17594",1.03895670302334,0.637391424111145,0.882744122297892,-1.0117077917734,-1.44741793268949,-0.825896228817725,-0.725929703848236,156,"SP",NA,NA,NA,NA
"157","Josiah Gray","WSN","24580",1.16128284545152,1.24323709108012,0.737952850187794,-1.90432441331299,-1.14099899162747,-0.825896228817725,-0.728746847038754,157,"SP",NA,NA,NA,NA
"158","Seth Lugo","SDP","12447",0.529264442905924,0.3449142055744,0.303579033857502,-0.575528709915782,-0.658889069647205,-0.724559268226594,-0.781219365451755,158,"SP",NA,NA,NA,NA
"159","Corey Kluber","BOS","2429",1.05934439342804,0.428479125156327,0.737952850187794,-1.63364040685429,-0.548851034229989,-0.825896228817725,-0.782611301129852,159,"SP","Corey Kluber",267,"30981","Corey Kluber"
"160","Yusei Kikuchi","TOR","20633",0.0807352540025979,0.198675596306028,0.0139964896373066,-0.09534409580527,-0.277801461694935,-0.724559268226594,-0.804297485780866,160,"SP",NA,NA,NA,NA
"161","Joe Jiménez","ATL","15761",-1.02020002785102,-0.720538519095169,-0.999542415133376,0.485153546625819,0.856214468429337,0.59282121945812,-0.806091727566288,161,"SP",NA,NA,NA,NA
"162","Tylor Megill","NYM","21318",-0.877486195018144,-0.699647289199687,-0.420377326692986,0.712913287966252,1.17974016289655,-0.724559268226594,-0.829416628274604,162,"SP",NA,NA,NA,NA
"163","Taijuan Walker","PHI","11836",0.97779363180925,0.407587895260845,0.737952850187794,-1.20627467220727,-0.929360711323977,-0.825896228817725,-0.838197235091083,163,"SP","Taijuan Walker",284,"31864","Taijuan Walker"
"164","A.J. Puk","MIA","19343",-1.04058771825572,-0.929450818049986,-0.999542415133376,0.727989824051041,0.264528855718488,1.09950602241378,-0.87755624925577,164,"SP",NA,NA,NA,NA
"165","Alex Lange","DET","19883",-0.979424647041627,-0.824994668572578,-0.999542415133376,0.524201571072754,-0.523653248808819,1.91020170714283,-0.893211701340812,165,"SP","Alex Lange",318,"40976","Alex Lange"
"166","Robert Suarez","SDP","30115",-0.979424647041627,-0.824994668572578,-0.999542415133376,0.815184837889182,0.501596093786462,0.59282121945812,-0.894359579613817,166,"SP","Robert Suarez",368,NA,"Robert Suarez"
"167","Kenley Jansen","BOS","3096",-1.02020002785102,-0.845885898468059,-0.999542415133376,-0.481356462869255,-0.0672034569363564,2.51822347068962,-0.895964790568442,167,"SP","Kenley Jansen",123,"29630","Kenley Jansen"
"168","Seranthony Domínguez","PHI","19249",-0.938649266232234,-0.720538519095169,-0.999542415133376,0.672722792584609,-0.142912399371519,1.20084298300491,-0.928076824242777,168,"SP","Seranthony Dominguez",279,"37793","Seranthony Dominguez"
"169","Cal Quantrill","CLE","19312",1.14089515504682,0.324022975678918,0.882744122297892,-1.51745519304797,-0.971202905463716,-0.825896228817725,-0.966892074305783,169,"SP","Cal Quantrill",222,"39875","Cal Quantrill"
"170","José Leclerc","TEX","14524",-0.938649266232234,-0.762320978886132,-0.999542415133376,-0.0337730729312617,-0.188453351004275,1.91020170714283,-1.01253737704445,170,"SP","Jose Leclerc",247,"33926","Jose Leclerc"
"171","Brayan Bello","BOS","23920",0.0807352540025979,0.0524369870376557,0.303579033857502,0.0790051293376301,-0.805567921479609,-0.724559268226594,-1.01437078547082,171,"SP","Brayan Bello",384,"4720856","Brayan Bello"
"172","Tanner Scott","MIA","17586",-1.02020002785102,-0.678756059304205,-0.999542415133376,1.32486968363515,-0.544805518222003,0.896832101231515,-1.02160223564393,172,"SP",NA,NA,NA,NA
"173","Joe Kelly","CHW","9761",-1.02020002785102,-0.783212208781614,-0.999542415133376,1.29369654813102,-0.0113753360261499,0.491484258866988,-1.02914918079415,173,"SP",NA,NA,NA,NA
"174","Germán Márquez","COL","15038",1.63019972475954,1.18056340139367,1.02753539440799,-2.01479727244578,-2.03147485807099,-0.825896228817725,-1.03386983877329,174,"SP","German Marquez",328,"34874","German Marquez"
"175","Tanner Houck","BOS","19879",-0.673609290971177,-0.49073499024487,-0.709959870913181,0.530607568813788,0.214248871047806,0.0861364165024609,-1.04331129576517,175,"SP","Tanner Houck",398,"41009","Tanner Houck"
"176","Brusdar Graterol","LAD","20367",-1.04058771825572,-1.03390696752739,-0.999542415133376,0.866963252751419,0.225576315870166,0.896832101231515,-1.08466543106339,176,"SP","Brusdar Graterol",415,"40965","Brusdar Graterol"
"177","Drew Smyly","CHC","11760",0.366162919668351,0.177784366410546,0.0139964896373066,-0.795699180047093,-0.136208401415428,-0.724559268226594,-1.09852307397291,177,"SP",NA,NA,NA,NA
"178","Erik Swanson","TOR","16587",-0.979424647041627,-0.908559588154504,-0.999542415133376,0.0227996396034052,1.03421717278072,0.694158180049252,-1.13635165789613,178,"SP",NA,NA,NA,NA
"179","Adrian Morejon","SDP","20039",-0.367793934900728,-0.302713921185534,-0.275586054582888,0.228893235717796,0.296430639095747,-0.724559268226594,-1.1453293040822,179,"SP",NA,NA,NA,NA
"180","Diego Castillo","SEA","17496",-1.02020002785102,-0.950342047945468,-0.999542415133376,0.6945113454108,0.23181796913963,0.896832101231515,-1.14692307514792,180,"SP",NA,NA,NA,NA
"181","Tommy Kahnle","NYY","11384",-1.08136309906511,-0.950342047945468,-0.999542415133376,0.768629147299889,0.720631889075981,0.390147298275856,-1.15183922749223,181,"SP",NA,NA,NA,NA
"182","Kendall Graveman","CHW","15514",-0.918261575827537,-0.887668358259023,-0.999542415133376,0.37345661149156,-0.462045819315779,1.70752778596057,-1.18653377108359,182,"SP","Kendall Graveman",207,"33636","Kendall Graveman"
"183","Brandon Hughes","CHC","23460",-0.999812337446323,-0.866777128363541,-0.999542415133376,0.0263902625410544,-0.0838478656549256,1.70752778596057,-1.21606169809654,183,"SP","Brandon Hughes",410,"5001301","Brandon Hughes"
"184","Jordan Hicks","STL","19618",-1.04058771825572,-0.845885898468059,-0.999542415133376,1.37181299829158,-0.244397058086137,0.491484258866988,-1.26711583278472,184,"SP",NA,NA,NA,NA
"185","Jonathan Loáisiga","NYY","19753",-0.95903695663693,-0.992124507736431,-0.999542415133376,0.800679537271746,0.0851391173072287,0.795495140640384,-1.26939008428738,185,"SP","Jonathan Loaisiga",383,"39807","Jonathan Loaisiga"
"186","Héctor Neris","HOU","11804",-0.95903695663693,-0.783212208781614,-0.999542415133376,0.328920646304694,0.447501765451108,0.694158180049252,-1.27121098874687,186,"SP","Hector Neris",337,"32377","Hector Neris"
"187","Mike Clevinger","CHW","12808",0.590427514120014,0.261349285992473,0.448370305967599,-1.35514271525288,-0.395468184441497,-0.825896228817725,-1.27636002243201,187,"SP","Mike Clevinger",348,"32769","Mike Clevinger"
"188","Shintaro Fujinami","OAK","31839",0.814692108571677,0.720956343693071,0.448370305967599,-0.936100697415856,-1.62680767110075,-0.724559268226594,-1.30344887851085,188,"SP",NA,NA,NA,NA
"189","James Karinchak","CLE","20151",-0.95903695663693,-0.553408679931315,-0.999542415133376,0.529057072545257,-0.0400407065970217,0.694158180049252,-1.32881350570413,189,"SP","James Karinchak",346,"40715","James Karinchak"
"190","José Suarez","LAA","19911",0.570039823715317,0.261349285992473,0.448370305967599,-0.942812714157257,-0.854229699747097,-0.825896228817725,-1.34317922704669,190,"SP",NA,NA,NA,NA
"191","Nick Martinez","SDP","12730",0.508876752501227,0.21956682620151,0.303579033857502,-0.694631304858944,-0.960106632984669,-0.724559268226594,-1.34727459350997,191,"SP",NA,NA,NA,NA
"192","Hunter Harvey","WSN","15507",-1.04058771825572,-0.908559588154504,-0.999542415133376,0.375578343227443,0.322437527718515,0.795495140640384,-1.45517870995726,192,"SP",NA,NA,NA,NA
"193","Rafael Montero","HOU","12760",-0.979424647041627,-0.950342047945468,-0.999542415133376,0.450369386917342,0.15379730327133,0.795495140640384,-1.52964727929142,193,"SP","Rafael Montero",286,"32631","Rafael Montero"
"194","Adam Ottavino","NYM","1247",-0.999812337446323,-0.824994668572578,-0.999542415133376,0.463262987466173,0.237134933035841,0.59282121945812,-1.53113028119214,194,"SP","Adam Ottavino",421,"29705","Adam Ottavino"
"195","Shawn Armstrong","TBR","12857",-1.10175078946981,-1.05479819742288,-0.999542415133376,0.591627757487134,0.728260576405327,0.288810337684725,-1.54739273044887,195,"SP",NA,NA,NA,NA
"196","Brooks Raley","NYM","10061",-1.04058771825572,-0.97123327784095,-0.999542415133376,0.589995656151838,0.380808544405168,0.491484258866988,-1.54907495180605,196,"SP",NA,NA,NA,NA
"197","Marco Gonzales","SEA","15467",1.10011977423743,-0.0102367026487895,0.737952850187794,-1.50621409510113,-1.04795212344379,-0.825896228817725,-1.55222652558621,197,"SP",NA,NA,NA,NA
"198","Craig Kimbrel","PHI","6655",-1.04058771825572,-0.762320978886132,-0.999542415133376,0.148859066488261,0.0872196683970483,0.998169061822647,-1.56820331556727,198,"SP","Craig Kimbrel",216,"30653","Craig Kimbrel"
"199","Keegan Akin","BAL","19362",-1.1221384798745,-1.07568942731836,-0.999542415133376,0.755633540417602,0.679136453451212,0.187473377093593,-1.57512695136383,199,"SP",NA,NA,NA,NA
"200","Bailey Ober","MIN","21224",-0.265855482877245,-0.365387610871979,-0.130794782472791,-0.574059818714018,0.462065623079855,-0.724559268226594,-1.59859134008277,200,"SP",NA,NA,NA,NA
"201","JP Sears","OAK","23429",-0.449344696519514,-0.574299909826797,-0.420377326692986,0.299767236202985,0.267880854696533,-0.724559268226594,-1.60093311036637,201,"SP",NA,NA,NA,NA
"202","Aroldis Chapman","KCR","10233",-1.02020002785102,-0.699647289199687,-0.999542415133376,0.857333854873178,-0.592311434772923,0.795495140640384,-1.65887217144344,202,"SP","Aroldis Chapman",244,"30442","Aroldis Chapman"
"203","Michael Kopech","CHW","17282",0.651590585334104,0.679173883902108,0.303579033857502,-1.45496611317286,-1.13175209789493,-0.724559268226594,-1.67693397620067,203,"SP","Michael Kopech",250,"33763","Michael Kopech"
"204","Joe Mantiply","ARI","14857",-0.999812337446323,-1.09658065721384,-0.999542415133376,0.553048962174096,-0.0318340884093934,0.896832101231515,-1.67788843479732,204,"SP",NA,NA,NA,NA
"205","Gregory Soto","PHI","19677",-0.999812337446323,-0.783212208781614,-0.999542415133376,0.614538379981339,-0.603638879595284,0.998169061822647,-1.77349839915261,205,"SP","Gregory Soto",295,"39804","Gregory Soto"
"206","David Robertson","NYM","8241",-1.04058771825572,-0.824994668572578,-0.999542415133376,0.527486175010035,-0.235496922868568,0.795495140640384,-1.77764040917982,206,"SP","David Robertson",330,"29172","David Robertson"
"207","Braxton Garrett","MIA","21844",-0.0823662692349751,-0.281822691290052,0.0139964896373066,-0.226871062163365,-0.515099872106221,-0.724559268226594,-1.8167226733839,207,"SP",NA,NA,NA,NA
"208","Carlos Estévez","LAA","14542",-1.02020002785102,-0.950342047945468,-0.999542415133376,-0.44367532329063,-0.239773611219868,1.8088647465517,-1.84466867888866,208,"SP","Carlos Estevez",427,"34861","Carlos Estevez"
"209","Alexis Díaz","CIN","21132",-0.918261575827537,-0.574299909826797,-0.999542415133376,-0.555107041957903,-0.811462816234103,2.01153866773397,-1.84713509124575,209,"SP","Alexis Diaz",200,"4905920","Alexis Diaz"
"210","Johnny Cueto","MIA","6893",0.896242870190463,-0.0729103923352347,0.737952850187794,-1.45004940790029,-1.15001471301669,-0.825896228817725,-1.86467502169168,210,"SP","Johnny Cueto",355,"28955","Johnny Cueto"
"211","John Schreiber","BOS","20020",-0.918261575827537,-0.908559588154504,-0.999542415133376,0.310783920216227,-0.156089222940389,0.795495140640384,-1.8761737411992,211,"SP","John Schreiber",298,NA,"John Schreiber"
"212","Bryan Baker","BAL","19804",-0.999812337446323,-0.887668358259023,-0.999542415133376,0.48362345162398,0.129177448708445,0.390147298275856,-1.88407491223044,212,"SP",NA,NA,NA,NA
"213","Tarik Skubal","DET","22267",-0.857098504613447,-0.804103438677096,-0.130794782472791,0.254333615281708,0.469231965722573,-0.825896228817725,-1.89432737357678,213,"SP",NA,NA,NA,NA
"214","Dean Kremer","BAL","19350",0.631202894929407,0.0733282169331375,0.448370305967599,-1.34875711877853,-0.874688452130338,-0.825896228817725,-1.89644038189645,214,"SP",NA,NA,NA,NA
"215","MacKenzie Gore","WSN","22201",0.325387538858957,0.261349285992473,0.448370305967599,-0.762955147007735,-1.35864775285711,-0.825896228817725,-1.91239199786354,215,"SP",NA,NA,NA,NA
"216","Andrew Chafin","","12988",-1.04058771825572,-1.03390696752739,-0.999542415133376,0.34926070919581,-0.303461591802733,1.09950602241378,-1.92873196110963,216,"SP",NA,NA,NA,NA
"217","Bailey Falter","PHI","20070",-0.265855482877245,-0.386278840767461,-0.275586054582888,-0.695855380860414,0.373411029419137,-0.724559268226594,-1.97472399789547,217,"SP",NA,NA,NA,NA
"218","Cionel Pérez","BAL","19614",-1.06097540866041,-0.97123327784095,-0.999542415133376,0.771974955037244,-0.426676450788816,0.694158180049252,-1.99229441733706,218,"SP",NA,NA,NA,NA
"219","Emilio Pagán","MIN","14771",-1.04058771825572,-0.866777128363541,-0.999542415133376,-0.0613759867644408,0.549911113538977,0.390147298275856,-2.02822483670224,219,"SP",NA,NA,NA,NA
"220","Wandy Peralta","NYY","14295",-0.999812337446323,-1.07568942731836,-0.999542415133376,0.542889131361883,-0.423902382669054,0.896832101231515,-2.05922532997371,220,"SP",NA,NA,NA,NA
"221","Jakob Junis","SFG","13619",-0.816323123804054,-0.908559588154504,-0.854751143023278,-0.0850006535928374,0.425655979007982,0.0861364165024609,-2.15284211306423,221,"SP",NA,NA,NA,NA
"222","Zach Jackson","OAK","19493",-0.979424647041627,-0.74142974899065,-0.999542415133376,0.262494121958184,-0.731477185447639,0.998169061822647,-2.19121081283246,222,"SP",NA,NA,NA,NA
"223","Andrew Bellatti","PHI","10657",-1.08136309906511,-0.845885898468059,-0.999542415133376,0.175319509386733,0.26938347492807,0.288810337684725,-2.19327809066702,223,"SP",NA,NA,NA,NA
"224","Michael Lorenzen","DET","14843",0.61081520452471,0.0942194468286192,0.448370305967599,-0.97737245993213,-1.65836269596303,-0.724559268226594,-2.20688946680083,224,"SP",NA,NA,NA,NA
"225","Anthony DeSclafani","SFG","13050",0.345775229263654,-0.114692852126198,-0.130794782472791,-1.01793017811421,-0.583989230413637,-0.724559268226594,-2.22619108208978,225,"SP",NA,NA,NA,NA
"226","Graham Ashcraft","CIN","27552",0.753529037357587,0.115110676724101,0.737952850187794,-1.23208227457162,-1.78654776033036,-0.825896228817725,-2.23793369945023,226,"SP",NA,NA,NA,NA
"227","Jake Odorizzi","TEX","6397",-0.653221600566481,-0.783212208781614,-0.709959870913181,-0.409421596516123,0.221646386033837,0.0861364165024609,-2.2480324742411,227,"SP",NA,NA,NA,NA
"228","Eli Morgan","CLE","20203",-1.08136309906511,-1.03390696752739,-0.999542415133376,-0.335324195893725,0.788018627151861,0.390147298275856,-2.27197075219189,228,"SP",NA,NA,NA,NA
"229","Colin Poche","TBR","19403",-1.08136309906511,-0.950342047945468,-0.999542415133376,0.0486480445011414,0.205348735830238,0.491484258866988,-2.28576652294559,229,"SP",NA,NA,NA,NA
"230","Cade Cavalli","WSN","27473",0.325387538858957,0.156893136515064,0.448370305967599,-1.07178952217895,-1.3370331387573,-0.825896228817725,-2.30406790841235,230,"SP",NA,NA,NA,NA
"231","Tyler Wells","BAL","20000",0.0399598731932047,-0.240040231499089,-0.275586054582888,-1.07517613244969,-0.0601527004652953,-0.724559268226594,-2.33555451403035,231,"SP",NA,NA,NA,NA
"232","Griffin Jax","MIN","20253",-0.877486195018144,-0.908559588154504,-0.999542415133376,-0.371597648070659,-0.0906674497826743,0.896832101231515,-2.35102119492784,232,"SP",NA,NA,NA,NA
"233","Yimi Garcia","TOR","12095",-0.877486195018144,-0.908559588154504,-0.999542415133376,-0.551557221553637,0.246497412940037,0.694158180049252,-2.39648982687037,233,"SP",NA,NA,NA,NA
"234","Kevin Ginkel","ARI","19876",-1.06097540866041,-0.97123327784095,-0.999542415133376,0.0178829343308282,-0.500767186820786,1.09950602241378,-2.41512933171092,234,"SP",NA,NA,NA,NA
"235","Daniel Bard","COL","7115",-0.95903695663693,-0.804103438677096,-0.999542415133376,-0.665335085890397,-1.20249083494885,2.21421258891623,-2.41629614237042,235,"SP","Daniel Bard",186,"30158","Daniel Bard"
"236","Domingo Acevedo","OAK","17092",-0.999812337446323,-1.09658065721384,-0.999542415133376,-0.196003945659596,-0.0363419491040049,0.896832101231515,-2.43144920332562,236,"SP",NA,NA,NA,NA
"237","Noah Syndergaard","LAD","11762",0.814692108571677,0.031545757142174,0.448370305967599,-1.94147511995764,-1.01963351138789,-0.825896228817725,-2.49239668848181,237,"SP","Noah Syndergaard",242,"31730","Noah Syndergaard"
"238","Penn Murfee","SEA","25174",-1.04058771825572,-1.03390696752739,-0.999542415133376,-0.0577037587600263,0.142585444620627,0.491484258866988,-2.4976711561889,238,"SP",NA,NA,NA,NA
"239","Dylan Coleman","KCR","22276",-0.918261575827537,-0.804103438677096,-0.999542415133376,0.181868315994605,-0.7633789688249,0.795495140640384,-2.50792294182792,239,"SP",NA,NA,NA,NA
"240","Zach Plesac","CLE","19979",0.488489062096531,-0.198257771708125,0.448370305967599,-1.50507162416642,-0.920344989934751,-0.825896228817725,-2.5127112465629,240,"SP",NA,NA,NA,NA
"241","Caleb Ferguson","LAD","19349",-1.1221384798745,-0.887668358259023,-0.999542415133376,0.397795322654148,-0.276645599978368,0.288810337684725,-2.5993891929064,241,"SP",NA,NA,NA,NA
"242","Steven Okert","MIA","13580",-1.1221384798745,-0.97123327784095,-0.999542415133376,0.214326731300286,-0.0706710420860582,0.288810337684725,-2.66044814594988,242,"SP",NA,NA,NA,NA
"243","Anthony Bass","TOR","7982",-1.04058771825572,-1.05479819742288,-0.999542415133376,-0.0758404848484933,-0.307160349295747,0.795495140640384,-2.68243402431583,243,"SP",NA,NA,NA,NA
"244","Drew Smith","NYM","17755",-1.10175078946981,-1.01301573763191,-0.999542415133376,-0.0409543188065601,0.030004513426962,0.390147298275856,-2.73511144933884,244,"SP",NA,NA,NA,NA
"245","Jake Diekman","CHW","5003",-1.08136309906511,-0.762320978886132,-0.999542415133376,0.478441529884418,-0.678538718828851,0.288810337684725,-2.75451334434433,245,"SP",NA,NA,NA,NA
"246","Dylan Floro","MIA","13394",-0.999812337446323,-1.20103680669125,-0.999542415133376,-0.15369171854207,-0.826604604721135,1.40351690418717,-2.77717097834698,246,"SP","Dylan Floro",266,"33852","Dylan Floro"
"247","Hoby Milner","MIL","13346",-1.04058771825572,-1.11747188710932,-0.999542415133376,0.00645822498376274,-0.0364575352756624,0.390147298275856,-2.79745403251446,247,"SP",NA,NA,NA,NA
"248","Dillon Tate","BAL","17796",-0.877486195018144,-1.11747188710932,-0.999542415133376,0.0488928597014355,-0.557404410932588,0.694158180049252,-2.80885386844274,248,"SP",NA,NA,NA,NA
"249","Domingo Germán","NYY","17149",-0.327018554091335,-0.574299909826797,-0.275586054582888,-0.918127181460918,0.0064249344089866,-0.724559268226594,-2.81316603377954,249,"SP","Domingo German",354,"33660","Domingo German"
"250","James Kaprielian","OAK","18331",0.692365966143497,0.198675596306028,0.448370305967599,-1.8038073723255,-1.59687085264165,-0.825896228817725,-2.88716258536775,250,"SP",NA,NA,NA,NA
"251","Peter Strzelecki","MIL","21367",-1.02020002785102,-0.929450818049986,-0.999542415133376,-0.297561451248334,-0.335941306038276,0.694158180049252,-2.88853783827174,251,"SP",NA,NA,NA,NA
"252","Michael Soroka","ATL","18383",-0.102753959639672,-0.553408679931315,0.0139964896373066,-0.655685286745464,-0.880814519228147,-0.724559268226594,-2.90322522413388,252,"SP","Mike Soroka",332,"34984","Mike Soroka"
"253","Matt Manning","DET","20369",0.468101371691834,-0.219149001603607,0.448370305967599,-1.42012074966431,-1.4022237395717,-0.825896228817725,-2.95091804199791,253,"SP",NA,NA,NA,NA
"254","Jordan Lyles","KCR","7593",1.14089515504682,0.198675596306028,0.593161578077697,-2.27413817462417,-1.86456842619866,-0.825896228817725,-3.03187050021001,254,"SP",NA,NA,NA,NA
"255","Matt Barnes","MIA","12863",-1.06097540866041,-0.97123327784095,-0.999542415133376,-0.0837153737912922,-0.739799389806924,0.795495140640384,-3.05977072459257,255,"SP",NA,NA,NA,NA
"256","Chris Flexen","SEA","13896",-0.265855482877245,-0.678756059304205,-0.565168598803083,-0.790354048174003,-0.441240308417565,-0.319211425862066,-3.06058592343817,256,"SP","Chris Flexen",496,"36067","Chris Flexen"
"257","Ryne Stanek","HOU","15947",-1.08136309906511,-0.866777128363541,-0.999542415133376,0.0436089316284174,-0.561912271627202,0.390147298275856,-3.07583868428495,257,"SP",NA,NA,NA,NA
"258","Steven Wilson","SDP","20353",-1.06097540866041,-0.97123327784095,-0.999542415133376,-0.394222652831187,-0.0521772546209794,0.390147298275856,-3.08800371081105,258,"SP",NA,NA,NA,NA
"259","Rich Hill","PIT","4806",-0.0415908884255818,-0.386278840767461,0.158787761747404,-1.12109938377156,-0.874110521272055,-0.825896228817725,-3.09018810130698,259,"SP",NA,NA,NA,NA
"260","Lou Trivino","NYY","15043",-1.04058771825572,-1.03390696752739,-0.999542415133376,0.039222659289812,-0.573933233479502,0.491484258866988,-3.11726341623919,260,"SP","Lou Trivino",447,"35844","Lou Trivino"
"261","Robert Stephenson","PIT","13594",-1.02020002785102,-0.992124507736431,-0.999542415133376,-0.494637687485218,-0.117021096920409,0.491484258866988,-3.13204147625947,261,"SP",NA,NA,NA,NA
"262","Andrew Painter","PHI","sa3017880",-0.428957006114818,-0.553408679931315,0.0139964896373066,-1.01764456038054,-0.32727234316402,-0.825896228817725,-3.13918232877111,262,"SP","Andrew Painter",288,"4872683","Andrew Painter"
"263","Andre Pallante","STL","26108",-0.877486195018144,-1.20103680669125,-0.999542415133376,0.387513084241789,-1.26028392077722,0.795495140640384,-3.15534111273782,263,"SP",NA,NA,NA,NA
"264","Zack Greinke","KCR","1943",0.508876752501227,-0.532517450035833,0.448370305967599,-1.59138938353684,-1.21254683188299,-0.825896228817725,-3.20510283580456,264,"SP",NA,NA,NA,NA
"265","Taylor Clarke","KCR","17611",-0.95903695663693,-1.09658065721384,-0.999542415133376,-0.58713703066307,-0.411997006988409,0.795495140640384,-3.25879892599524,265,"SP",NA,NA,NA,NA
"266","John Brebbia","SFG","12777",-0.999812337446323,-1.07568942731836,-0.999542415133376,-0.680554430842024,-0.304155108832672,0.795495140640384,-3.26425857893237,266,"SP",NA,NA,NA,NA
"267","Sam Moll","OAK","14874",-1.08136309906511,-1.07568942731836,-0.999542415133376,0.428009598623799,-0.926355470860903,0.390147298275856,-3.26479351547809,267,"SP",NA,NA,NA,NA
"268","Joely Rodríguez","BOS","11487",-1.02020002785102,-1.03390696752739,-0.999542415133376,0.129069837797808,-1.17001112071331,0.795495140640384,-3.29909555278691,268,"SP",NA,NA,NA,NA
"269","Luis Ortiz","PIT","27646",-0.490120077328908,-0.636973599513242,-0.130794782472791,-0.53754155133679,-0.802447094844877,-0.724559268226594,-3.3224363737232,269,"SP",NA,NA,NA,NA
"270","Madison Bumgarner","ARI","5524",0.651590585334104,-0.052019162439753,0.448370305967599,-2.18731038358647,-1.37760388500881,-0.825896228817725,-3.34286876855106,270,"SP",NA,NA,NA,NA
"271","Jonathan Hernández","TEX","17464",-0.95903695663693,-0.908559588154504,-0.999542415133376,0.110729099042429,-1.39378594904076,0.795495140640384,-3.35470066928275,271,"SP",NA,NA,NA,NA
"272","Dany Jiménez","OAK","21170",-1.04058771825572,-0.992124507736431,-0.999542415133376,-0.0791658913191572,-0.946236292385861,0.694158180049252,-3.36349864478129,272,"SP",NA,NA,NA,NA
"273","Jason Foley","DET","19531",-0.999812337446323,-1.24281926648221,-0.999542415133376,-0.112644369959398,-0.934446502876874,0.896832101231515,-3.39243279066667,273,"SP",NA,NA,NA,NA
"274","Ryne Nelson","ARI","26253",0.162286015621384,-0.240040231499089,0.303579033857502,-1.63945476786128,-1.18041387616242,-0.825896228817725,-3.41994005486163,274,"SP",NA,NA,NA,NA
"275","Jimmy Herget","LAA","17556",-0.877486195018144,-1.01301573763191,-0.999542415133376,-1.03137461286371,-0.720958843826876,1.20084298300491,-3.4415348214691,275,"SP","Jimmy Herget",500,NA,"Jimmy Herget"
"276","Lucas Sims","CIN","13470",-1.04058771825572,-0.845885898468059,-0.999542415133376,-0.850088957045804,-0.574164405822817,0.795495140640384,-3.51477425408539,276,"SP",NA,NA,NA,NA
"277","Michael Fulmer","","13218",-1.04058771825572,-1.11747188710932,-0.999542415133376,-0.484416652872934,-0.675649064537432,0.795495140640384,-3.5221725972684,277,"SP",NA,NA,NA,NA
"278","Mike Minor","","10021",-0.0619785788302785,-0.469843760349388,0.158787761747404,-1.48340547894038,-0.864979213711172,-0.825896228817725,-3.54731549890154,278,"SP",NA,NA,NA,NA
"279","Ryan Tepera","LAA","10291",-0.999812337446323,-1.05479819742288,-0.999542415133376,-0.871510287071551,-0.931556848585454,1.30217994359604,-3.55504014206354,279,"SP",NA,NA,NA,NA
"280","Mychal Givens","BAL","10430",-1.04058771825572,-1.01301573763191,-0.999542415133376,-0.393467805963614,-0.63530949062923,0.491484258866988,-3.59043890874686,280,"SP",NA,NA,NA,NA
"281","Wade Miley","MIL","8779",0.243836777240171,-0.511626220140351,0.303579033857502,-1.01374791844252,-1.79695051577946,-0.825896228817725,-3.60080507208239,281,"SP",NA,NA,NA,NA
"282","Reiver Sanmartin","CIN","19754",-1.06097540866041,-1.11747188710932,-0.999542415133376,-0.193861812657021,-0.951322083938758,0.694158180049252,-3.62901542744964,282,"SP",NA,NA,NA,NA
"283","Luke Weaver","CIN","16918",0.141898325216688,-0.0102367026487895,-0.130794782472791,-1.79968631645388,-1.11048424231009,-0.724559268226594,-3.63386298689546,283,"SP",NA,NA,NA,NA
"284","Kyle Hendricks","CHC","12049",0.304999848454261,-0.469843760349388,0.303579033857502,-1.833899240695,-1.14273278420232,-0.825896228817725,-3.66379313175267,284,"SP",NA,NA,NA,NA
"285","Keegan Thompson","CHC","19795",-0.428957006114818,-0.469843760349388,-0.565168598803083,-0.857392610521248,-0.94242194872119,-0.420548386453198,-3.68433231096293,285,"SP",NA,NA,NA,NA
"286","Miguel Castro","ARI","15684",-1.02020002785102,-0.97123327784095,-0.999542415133376,-0.110237020489838,-1.2907986700946,0.59282121945812,-3.79919019195166,286,"SP",NA,NA,NA,NA
"287","Aaron Loup","LAA","10343",-1.04058771825572,-1.20103680669125,-0.999542415133376,-0.279751145426927,-0.938723191228173,0.59282121945812,-3.86682005727732,287,"SP",NA,NA,NA,NA
"288","Carl Edwards Jr.","WSN","13607",-0.999812337446323,-1.05479819742288,-0.999542415133376,-0.638140197391043,-0.930285400697232,0.59282121945812,-4.02975732863273,288,"SP",NA,NA,NA,NA
"289","Daniel Lynch","KCR","21537",-0.388181625305425,-0.657864829408724,0.0139964896373066,-0.970946060924406,-1.24283040885706,-0.825896228817725,-4.07172266367603,289,"SP",NA,NA,NA,NA
"290","Vince Velasquez","PIT","11189",0.0399598731932047,-0.198257771708125,-0.275586054582888,-1.63845510579342,-1.34755148037806,-0.724559268226594,-4.14444980749588,290,"SP",NA,NA,NA,NA
"291","Trevor Williams","WSN","16977",0.223449086835474,-0.323605151081016,0.0139964896373066,-1.96346768545075,-1.41944607914855,-0.724559268226594,-4.19363260743413,291,"SP",NA,NA,NA,NA
"292","José Cisnero","DET","6399",-0.999812337446323,-1.07568942731836,-0.999542415133376,-0.607497494820875,-1.56496906926439,0.896832101231515,-4.3506786427518,292,"SP",NA,NA,NA,NA
"293","Dylan Bundy","","12917",0.406938300477744,-0.344496380976497,0.158787761747404,-2.45891244704627,-1.34107865476528,-0.825896228817725,-4.40465764938063,293,"SP",NA,NA,NA,NA
"294","Brad Boxberger","CHC","10133",-1.04058771825572,-1.07568942731836,-0.999542415133376,-0.994264708752435,-1.18168532405064,0.795495140640384,-4.49627445287014,294,"SP",NA,NA,NA,NA
"295","Kyle Freeland","COL","16256",1.32438436868909,0.386696665365364,0.593161578077697,-3.16055281108964,-2.81699848065019,-0.825896228817725,-4.4992049084254,295,"SP",NA,NA,NA,NA
"296","Wil Crowe","PIT","19800",-0.918261575827537,-1.01301573763191,-0.999542415133376,-0.857025387720808,-1.49873819290508,0.694158180049252,-4.59242512916946,296,"SP",NA,NA,NA,NA
"297","Ryan Yarbrough","KCR","16502",0.121510634811991,-0.783212208781614,0.0139964896373066,-1.9601014764467,-1.47851061286515,-0.724559268226594,-4.81087644187076,297,"SP",NA,NA,NA,NA
"298","Chase De Jong","PIT","15036",-0.979424647041627,-1.07568942731836,-0.999542415133376,-1.40263686410996,-1.3207354885537,0.694158180049252,-5.08387066210777,298,"SP",NA,NA,NA,NA
"299","Zach Davies","ARI","13183",0.141898325216688,-0.428061300558424,0.0139964896373066,-2.05831317429808,-2.29801656991143,-0.825896228817725,-5.45439245873167,299,"SP",NA,NA,NA,NA
"300","Antonio Senzatela","COL","15488",0.651590585334104,-0.49073499024487,0.158787761747404,-3.03286128286949,-2.89016452730891,-0.825896228817725,-6.42927868215948,300,"SP",NA,NA,NA,NA
