"","playerid","Name","R","HR","RBI","RC","AVG","OPS","pr","bpr","count_pos","pos_SS","pos_CF","pos_RF","pos_1B","pos_C","pos_3B","pos_LF","pos_2B","pos_DH","adp"
"1","10047","Wil Myers",0.147289922415912,0.278920314678155,0.477623365594888,0.218814006812127,-0.662136328171063,-0.180396220066436,-0.684655628580956,-0.61798896191429,1,0,0,1,0,0,0,0,0,0,309
"2","10059","Max Stassi",-0.740486736389804,-0.207900343367283,-0.657504148219253,-0.793495465143469,-1.23816663456981,-0.772687653651397,-1.4457356796584,-1.3957356796584,1,0,0,0,0,1,0,0,0,0,NA
"3","10071","Jonathan Villar",-0.37493164158745,-0.573015836901362,-0.812294263739363,-0.579886590950353,-0.266076776595092,-0.838381138050038,-3.00176567263606,-2.46843233930273,2,1,0,0,0,0,1,0,0,0,307
"4","10200","Tucker Barnhart",-1.21048614399283,-1.0598364949468,-0.915487674086103,-1.07879271964657,-1.28873401491322,-1.74494498556078,-4.33377673146369,-4.28377673146369,1,0,0,0,0,1,0,0,0,0,340
"5","10231","José Iglesias",-0.166043015986105,-1.0598364949468,-0.141537096485552,0.0343786112904867,2.15493914350138,-0.323376428951943,0.937646503944574,1.00431317061124,1,1,0,0,0,0,0,0,0,0,NA
"6","10243","Randal Grichuk",0.0950677660155756,0.765740972723593,0.632413481114998,-0.0250533791930833,-0.755309792385515,-0.48874220104343,0.745624355335383,1.01229102200205,2,0,1,1,0,0,0,0,0,0,267
"7","10264","Brandon Belt",0.669511486419274,1.13085646625767,0.632413481114998,0.828831158859339,-0.228674177582244,1.57990732014905,2.94307284050584,3.02640617383917,1,0,0,0,1,0,0,0,0,0,247
"8","10323","Rafael Ortega",-0.166043015986105,-0.573015836901362,-0.657504148219253,-0.435275775901186,-0.166303723566234,-0.667368614802693,-2.14400360727359,-2.07733694060692,1,0,1,0,0,0,0,0,0,0,NA
"9","10324","Marcell Ozuna",0.669511486419274,1.25256163076903,1.30317064836881,0.992670593551861,0.694411885046308,1.31808086248185,6.41446202992405,6.46446202992405,1,0,0,0,0,0,0,1,0,0,150
"10","10472","Enrique Hernández",0.982844424821291,0.644035808212233,0.580816775941628,0.768395225375786,-0.381261621466573,0.265078030500553,3.38141615148816,3.6147494848215,2,0,1,0,0,0,0,0,1,0,147
"11","10556","César Hernández",0.72173364281961,-0.329605507878643,-0.0383436861388122,0.410532793676051,0.276376313493754,-0.749505581383425,0.374885101837306,0.424885101837306,1,0,0,0,0,0,0,0,1,0,NA
"12","10681","Gio Urshela",-0.583820267188795,-0.451310672390002,-0.244730506832292,-0.426084143155475,0.537076144699358,-0.481969008875997,-1.20801787855561,-0.674684545222277,2,1,0,0,0,0,1,0,0,0,291
"13","10762","Corey Dickerson",-1.21048614399283,-1.0598364949468,-1.17347119995295,-1.06400042484509,0.36814724453737,-0.427866781006766,-4.38345887692016,-4.33345887692016,1,0,0,0,0,0,0,1,0,0,NA
"14","10815","Jurickson Profar",-0.37493164158745,-0.816426165924081,-0.657504148219253,-0.549902141399566,-0.982176203078337,-1.18468328833873,-4.04411608044417,-2.97744941377751,4,0,1,1,1,0,0,1,0,0,NA
"15","10847","Andrelton Simmons",-1.00159751839148,-1.42495198848088,-1.12187449477958,-0.985520194498813,-0.219796718025564,-2.17020897575573,-6.48482810440895,-6.41816143774228,1,1,0,0,0,0,0,0,0,0,NA
"16","10950","Adam Duvall",0.408400704417593,1.86108745332583,1.40636405871555,0.309348380071808,-1.44236363448855,0.335732285298151,3.40007675544362,3.95007675544362,3,0,1,1,0,0,0,1,0,0,233
"17","11038","Kevin Kiermaier",-0.583820267188795,-1.18154165945816,-0.812294263739363,-0.902673555085654,-0.997995285667567,-1.61477283634006,-5.57159035937636,-5.50492369270969,1,0,1,0,0,0,0,0,0,0,NA
"18","11200","Kole Calhoun",-0.270487328786778,0.278920314678155,-0.141537096485552,-0.340095337965051,-1.2281984587517,-0.431811859094657,-3.09798045625012,-3.03131378958345,1,0,0,1,0,0,0,0,0,0,NA
"19","11265","Jonathan Schoop",0.669511486419274,0.644035808212233,0.890397006981848,0.695410566760683,0.661664680344723,-0.335449910668855,3.30926676529868,3.57593343196534,2,0,0,0,1,0,0,0,1,0,196
"20","11281","Whit Merrifield",1.45284383242432,-0.573015836901362,0.374429955248148,0.90692945571512,2.12980348599647,-0.540760590179644,3.83392742955182,4.06726076288515,2,0,0,1,0,0,0,0,1,0,71
"21","11342","Jesús Aguilar",-0.00937654678509686,0.522330643700874,0.941993712155218,0.389636722032741,0.0578386288892148,0.222482206922528,0.455132472203229,0.538465805536562,1,0,0,0,1,0,0,0,0,0,256
"22","11368","Yasmani Grandal",0.565067173618601,1.00915130174631,0.787203596635108,0.816720967666847,-1.01091929291035,1.39481483524556,6.52654388368469,6.57654388368469,1,0,0,0,0,1,0,0,0,0,85
"23","11442","Gary Sánchez",-0.427153797987787,0.644035808212233,0.0132530190345578,-0.54939623875821,-2.11222318499369,-0.307597879763771,0.22542302742595,0.27542302742595,1,0,0,0,0,1,0,0,0,0,226
"24","11445","Mark Canha",0.982844424821291,0.157215150166795,0.322833250074778,0.693120889941269,-0.980838926435963,0.00872222804551018,1.70540452471693,2.25540452471693,3,0,1,1,0,0,0,1,0,0,188
"25","11476","Odúbel Herrera",-0.427153797987787,-0.451310672390002,-0.399520622352402,-0.349604007436585,0.302907432033422,-0.360018049757763,-1.16319220978787,-0.929858876454538,2,0,1,0,0,0,0,1,0,0,NA
"26","11477","Christian Yelich",1.40062167602398,0.644035808212233,0.787203596635108,1.3572492805721,0.771211746909967,1.66873207567045,6.81310910731075,6.86310910731075,1,0,0,0,0,0,0,1,0,0,88
"27","11489","Michael A. Taylor",-0.37493164158745,-0.451310672390002,-0.347923917179032,-0.573337217386666,-0.90786734042183,-1.58991553845499,-3.72377881931673,-3.65711215265006,1,0,1,0,0,0,0,0,0,0,NA
"28","11609","Willson Contreras",0.512845017218265,0.644035808212233,0.529220070768258,0.524404090426442,-0.467284191712371,0.500563047498108,5.20828914409355,5.25828914409355,1,0,0,0,0,1,0,0,0,0,169
"29","11680","Elias Díaz",-0.688264579989468,-0.329605507878643,-0.502714032699142,-0.569791597478622,0.247267722810204,-0.152051605388925,0.969345701058018,1.01934570105802,1,0,0,0,0,1,0,0,0,0,NA
"30","11737","Nick Castellanos",1.76617677082633,1.86108745332583,1.97392781562262,1.92236895867039,1.87769726452177,2.34459040134644,10.7810779744688,10.8477446411355,1,0,0,1,0,0,0,0,0,0,47
"31","11739","J.T. Realmuto",0.930622268420955,0.644035808212233,1.04518712250196,0.880941697367204,0.481972631976016,0.569618884483836,7.51688371464482,7.56688371464482,1,0,0,0,0,1,0,0,0,0,82
"32","1177","Albert Pujols",-2.20270711559922,-1.0598364949468,-1.68943825168665,-2.01265577610503,-0.41352695653188,-0.518430787015911,-9.56636827659774,-9.4830349432644,1,0,0,0,1,0,0,0,0,0,NA
"33","11899","Joc Pederson",-0.166043015986105,0.278920314678155,-0.0383436861388122,-0.173143327786308,-0.935422632851546,-0.0672665877899798,-0.579791427771351,-0.0297914277713507,3,0,1,1,0,0,0,1,0,0,283
"34","12144","Max Kepler",0.773955799219946,0.887446137234952,0.580816775941628,0.583578913257946,-1.3136118609116,0.184121061019405,2.21781433386552,2.48448100053219,2,0,1,1,0,0,0,0,0,0,200
"35","12147","Nick Ahmed",-0.218265172386442,-0.816426165924081,-0.193133801658922,-0.37824726523249,-0.893791217917923,-1.8369709846144,-3.89771282221115,-3.83104615554449,1,1,0,0,0,0,0,0,0,0,NA
"36","12155","Eddie Rosario",0.147289922415912,0.644035808212233,0.838800301808478,0.194944433135455,0.540007866569177,0.230226902118533,2.7793601575467,2.8293601575467,1,0,0,0,0,0,0,1,0,0,121
"37","12160","Ben Gamel",0.0428456096152393,-0.451310672390002,-0.296327212005662,0.264775026045188,-0.54306663036134,-0.534438437247231,-0.996014808240564,-0.76268147490723,2,0,1,0,0,0,0,1,0,0,NA
"38","12164","Miguel Sanó",0.878400112020619,1.98279261783719,1.30317064836881,0.756150794767203,-1.89791078024188,0.644822211028532,1.99765270906822,2.08098604240156,1,0,0,0,1,0,0,0,0,0,292
"39","12180","Jorge Alfaro",-1.36715261319384,-0.93813133043544,-0.967084379259473,-1.24233459069287,-0.57093952599362,-1.24334979523931,-3.36448693313194,-3.16448693313194,2,0,0,0,0,1,0,1,0,0,NA
"40","12282","Rougned Odor",-0.949375361991149,0.0355099856554356,-0.554310737872513,-1.03061941927992,-2.00647546281215,-0.901297309514346,-4.96374773062705,-4.46374773062705,2,0,0,0,0,0,1,0,1,0,NA
"41","12325","Jace Peterson",-1.78492986439653,-1.42495198848088,-1.79263166203339,-1.76181166906163,-0.537763814137159,-0.613261207640999,-7.83165307850182,-7.23165307850182,3,0,0,1,1,0,0,0,1,0,NA
"42","12371","Tommy La Stella",-0.531598110788459,-0.816426165924081,-0.709100853392623,-0.477446376633783,0.470829517184853,-0.26018509380089,-2.24022995610621,-2.19022995610621,1,0,0,0,0,0,0,0,1,0,NA
"43","12434","Kevin Pillar",-1.10604183119216,-0.694721001412721,-0.915487674086103,-1.21636038290737,-0.197001294644796,-0.517233378677838,-4.12533805481774,-3.57533805481774,3,0,1,1,0,0,0,1,0,0,NA
"44","12532","Kolten Wong",0.773955799219946,-0.573015836901362,-0.141537096485552,0.41764318400239,0.832848306076328,-0.248133872021791,1.14545761113873,1.19545761113873,1,0,0,0,0,0,0,0,1,0,171
"45","12546","C.J. Cron",0.669511486419274,1.49597195979175,1.56115417423566,1.39888446875343,0.94666083508572,2.13715246520412,6.5395624947777,6.62289582811103,1,0,0,0,1,0,0,0,0,0,144
"46","12552","Eugenio Suárez",0.199512078816248,1.37426679528039,0.787203596635108,0.160066178493973,-2.03190300666112,-0.158434036469775,0.773532181282411,1.30686551461574,2,1,0,0,0,0,1,0,0,0,259
"47","12775","Brad Miller",-0.479375954388123,0.157215150166795,-0.399520622352402,-0.489008087008017,-0.838460753918254,0.155612912937357,-2.85830804440718,-2.55830804440718,2,0,0,1,1,0,0,0,0,0,NA
"48","12856","George Springer",1.97506539642768,2.22620294685991,1.45796076388892,1.86721436559673,0.615518992360895,2.67550333096329,11.3389733042007,11.6389733042007,2,0,1,0,0,0,0,0,0,1,62
"49","12859","James McCann",-0.949375361991149,-0.451310672390002,-0.554310737872513,-0.815264012822266,-0.821744795888585,-1.26580533399238,-1.89330561327428,-1.84330561327428,1,0,0,0,0,1,0,0,0,0,339
"50","12916","Francisco Lindor",1.55728814522499,1.13085646625767,1.25157394319544,1.28751171172642,0.172411412528225,0.735937756585999,6.57470122104185,6.64136788770851,1,1,0,0,0,0,0,0,0,0,50
"51","12927","Brandon Nimmo",0.669511486419274,-0.451310672390002,-0.451117327525772,0.701158068343348,0.442112144211344,0.859049868995074,2.29091107615651,2.35757774282318,1,0,1,0,0,0,0,0,0,0,271
"52","12979","Javier Báez",1.08728873762196,1.25256163076903,1.35476735354218,0.619714999882662,0.0219446450885446,0.00493781822164827,4.78033697064913,5.01367030398246,2,1,0,0,0,0,0,0,1,0,139
"53","12984","Jackie Bradley Jr.",-1.26270830039317,-1.0598364949468,-1.37985802064643,-1.46501159426716,-1.46029117801464,-1.42950293312034,-7.53570101328529,-7.46903434661862,1,0,1,0,0,0,0,0,0,0,NA
"54","13066","Teoscar Hernández",1.50506598882465,2.10449778234855,2.12871793114273,1.44227384612923,0.88545631914228,1.75444495800403,10.0045117488784,10.2378450822117,2,0,0,1,0,0,0,1,0,0,94
"55","13145","Josh Bell",1.1395108940223,1.49597195979175,1.81913770010251,1.63276535223846,0.831904175908384,1.90916111301474,7.1586783003659,7.24201163369923,1,0,0,0,1,0,0,0,0,0,76
"56","13152","Jorge Polanco",1.60951030162533,1.00915130174631,1.25157394319544,1.26773170091109,1.0637863383923,0.797346864141648,7.43822223553522,7.67155556886855,2,1,0,0,0,0,0,0,1,0,78
"57","13185","Orlando Arcia",-2.35937358480023,-1.54665715299224,-2.25700200859372,-2.27565159901177,-0.153118047288138,-0.367424107384938,-8.77517157678412,-8.72517157678412,1,0,0,0,0,0,0,1,0,0,NA
"58","13265","Mike Zunino",-0.636042423589131,0.765740972723593,-0.0899403913121822,-0.819848026231515,-2.21237749044991,-0.370811695248062,-0.398773752424597,-0.348773752424597,1,0,0,0,0,1,0,0,0,0,287
"59","13301","Max Muncy",1.1395108940223,1.61767712430311,1.35476735354218,1.26519381042865,-0.17417501103382,2.25318448481798,7.53985578332917,7.80652244999584,2,0,0,0,1,0,0,0,1,0,60
"60","13338","Omar Narváez",-0.583820267188795,-0.573015836901362,-0.502714032699142,-0.418954709529198,-0.116181887796464,-0.567824046257998,0.201994521309654,0.251994521309654,1,0,0,0,0,1,0,0,0,0,284
"61","13359","Tyler Naquin",-0.0615987031854331,0.157215150166795,0.374429955248148,0.0697448583994614,0.386167047293354,-0.00396681809036782,1.4434989979352,1.9934989979352,3,0,1,1,0,0,0,1,0,0,NA
"62","13419","Christian Walker",0.147289922415912,0.0355099856554356,0.322833250074778,0.165274348324641,-0.2356096928609,-0.259862434900293,-1.49433751600268,-1.41100418266934,1,0,0,0,1,0,0,0,0,0,NA
"63","13602","Patrick Wisdom",-0.113820859585769,1.00915130174631,0.374429955248148,-0.303401855341503,-1.89087754090089,-0.451115743285893,-0.932814166932006,-0.732814166932006,1,0,0,0,0,0,1,0,0,0,320
"64","13613","Ketel Marte",1.24395520682297,0.644035808212233,1.09678382767533,1.72877672640193,2.72658633282831,1.98146161143119,9.94310702147522,10.1764403548086,2,0,1,0,0,0,0,0,1,0,46
"65","13620","Carson Kelly",-0.740486736389804,-0.207900343367283,-0.347923917179032,-0.476822696292837,-0.661795258335111,-0.245709632556554,0.283866717561992,0.333866717561992,1,0,0,0,0,1,0,0,0,0,316
"66","13621","Jeimer Candelario",0.669511486419274,0.400625479189514,0.684010186288368,1.0859700187811,0.225503545455575,0.521626899346934,4.03006819066835,4.23006819066836,1,0,0,0,0,0,1,0,0,0,208
"67","13624","Corey Seager",1.08728873762196,0.887446137234952,1.35476735354218,1.58825083736949,2.21091252896373,2.30049456651332,9.86828194676874,9.9349486134354,1,1,0,0,0,0,0,0,0,0,37
"68","13723","Jacob Stallings",-1.00159751839148,-0.93813133043544,-0.709100853392623,-0.697387186183795,-0.598269795911398,-1.26077943674566,-2.24076081937779,-2.19076081937779,1,0,0,0,0,1,0,0,0,0,NA
"69","13757","Chris Taylor",0.878400112020619,0.157215150166795,0.632413481114998,0.569707380623787,0.000506428915493629,0.368334719170071,3.12808478011501,4.06141811344834,4,1,1,0,0,0,0,1,1,0,177
"70","13769","Adalberto Mondesi",0.251734235216584,-0.0861951788559239,-0.141537096485552,-0.495228740723293,-0.580662427273723,-1.110736325908,-1.71980495884232,-1.51980495884232,1,0,0,0,0,0,1,0,0,0,228
"71","13853","Joey Wendle",-0.0615987031854331,-0.93813133043544,-0.554310737872513,-0.435408494379601,0.0560030881132646,-1.28930521646163,-2.77993081903375,-2.24659748570042,2,1,0,0,0,0,1,0,0,0,NA
"72","14111","Eric Haase",-1.10604183119216,-0.0861951788559239,-0.657504148219253,-1.17451457284229,-1.3994251602213,-0.789363102017148,-2.24853869166546,-2.04853869166546,2,0,0,0,0,1,0,1,0,0,328
"73","14128","Joey Gallo",1.45284383242432,2.59131844039398,1.6643475845824,1.31214507225123,-2.81223093018752,1.53582470904136,5.92830363179269,6.16163696512602,2,0,0,1,0,0,0,1,0,0,156
"74","14161","Byron Buxton",1.19173305042264,1.49597195979175,0.787203596635108,0.801063254323144,0.995504864448414,2.04554114014058,7.83852537386488,7.90519204053155,1,0,1,0,0,0,0,0,0,0,109
"75","14162","Carlos Correa",1.40062167602398,1.00915130174631,1.45796076388892,1.60794081825399,1.34506126370731,1.580806753874,8.84066436301762,8.90733102968428,1,1,0,0,0,0,0,0,0,0,52
"76","14221","Jorge Soler",0.72173364281961,1.61767712430311,1.19997723802207,1.04336258948752,-1.03556761594656,0.892851915159308,3.47526420400052,3.77526420400052,2,0,0,1,0,0,0,0,0,1,159
"77","14274","Mitch Haniger",1.45284383242432,1.61767712430311,1.40636405871555,1.21350430849298,-0.331495321265665,0.77959687788665,5.1737201907124,5.4737201907124,2,0,0,1,0,0,0,0,0,1,96
"78","14350","Raimel Tapia",0.0950677660155756,-1.42495198848088,-0.709100853392623,-0.25557874835025,1.28399529733908,-0.703050303339697,-1.52956390692188,-1.47956390692188,1,0,0,0,0,0,0,1,0,0,344
"79","14551","Anthony Santander",0.251734235216584,1.00915130174631,0.735606891461738,0.339552034929304,-0.244209731806433,0.0331704720238158,1.16023451372678,1.46023451372678,2,0,0,1,0,0,0,0,0,1,211
"80","14566","Franmil Reyes",0.878400112020619,2.22620294685991,2.07712122596936,1.34691733110799,0.0857388486836584,1.63972043424249,5.00795743079676,5.09129076413009,1,0,0,0,0,0,0,0,0,1,145
"81","14712","Manuel Margot",-0.37493164158745,-0.816426165924081,-0.502714032699142,-0.562242820396108,0.0372805721985723,-0.840953483240139,-2.5384800635451,-1.9884800635451,3,0,1,1,0,0,0,1,0,0,NA
"82","14811","Luke Voit",0.0950677660155756,0.887446137234952,0.632413481114998,0.376043675068254,-0.332555498757624,0.822619387005354,0.81126205296926,0.894595386302594,1,0,0,0,1,0,0,0,0,0,234
"83","14813","Kyle Farmer",-0.636042423589131,-0.573015836901362,-0.347923917179032,-0.543920197567845,0.0343437069570519,-0.861113052664685,-2.4885499354219,-2.42188326875523,1,1,0,0,0,0,0,0,0,0,NA
"84","14854","Mike Yastrzemski",0.669511486419274,0.765740972723593,0.632413481114998,0.579058939549693,-0.722593126453407,0.503521305075466,2.94916056653286,3.21582723319953,2,0,1,1,0,0,0,0,0,0,189
"85","14894","Tony Kemp",-0.270487328786778,-1.18154165945816,-0.967084379259473,-0.335123419498447,-0.218964456192125,-0.87425126467448,-3.66339758458255,-3.46339758458255,2,0,0,0,0,0,0,1,1,0,NA
"86","15112","Ryan McMahon",0.878400112020619,1.00915130174631,1.25157394319544,0.944943020400002,0.0145603706289381,0.706959174471626,5.24840849765053,5.74840849765053,2,0,0,0,0,0,1,0,1,0,222
"87","15117","Hunter Dozier",-0.166043015986105,0.0355099856554356,-0.141537096485552,-0.0733757788137998,-0.97018764656375,-0.528109892847525,-1.4009228698537,-0.867589536520372,2,0,0,1,0,0,1,0,0,0,NA
"88","15149","Trey Mancini",0.930622268420955,0.887446137234952,0.993590417328588,1.18859474822693,0.591907058722525,0.566697543139982,3.48908527836168,3.82241861169502,2,0,0,0,1,0,0,0,0,1,174
"89","15161","Mitch Garver",-0.322709485187114,0.522330643700874,-0.0899403913121822,-0.201038663097078,-0.767397037344622,0.485455492178013,2.5912058606205,2.6412058606205,1,0,0,0,0,1,0,0,0,0,276
"90","15172","Tim Anderson",2.02728755282802,0.400625479189514,0.632413481114998,1.22530384560539,3.16098779167411,0.695599773928164,8.5813397098633,8.64800637652996,1,1,0,0,0,0,0,0,0,0,108
"91","15191","Chad Pinder",-0.688264579989468,-0.329605507878643,-0.451117327525772,-0.739012735104162,-1.02582510556185,-1.10364455215531,-5.30224049805975,-5.23557383139308,1,0,0,1,0,0,0,0,0,0,NA
"92","15223","Adam Frazier",0.512845017218265,-1.18154165945816,-0.451117327525772,0.187989622418092,0.821193747261604,-1.36023408395741,-1.38716755679461,-1.33716755679461,1,0,0,0,0,0,0,0,1,0,280
"93","15279","Garrett Cooper",-0.740486736389804,-0.573015836901362,-0.605907443045883,-0.542460217513354,0.522170653508595,0.317470981659692,-2.58699928852665,-2.52033262185999,1,0,0,1,0,0,0,0,0,0,NA
"94","15362","Jeff McNeil",0.0428456096152393,-0.573015836901362,-0.0899403913121822,0.324493078949378,1.37737963979329,0.0456924584283744,1.31150948185965,1.51150948185965,2,0,0,0,0,0,0,1,1,0,258
"95","15429","Kris Bryant",1.60951030162533,1.13085646625767,1.30317064836881,1.85869890681678,1.3262493817093,2.38457960824594,10.0558858882114,11.0058858882114,3,0,0,1,0,0,1,1,0,0,53
"96","15464","Hunter Renfroe",0.878400112020619,1.86108745332583,1.45796076388892,0.716551289647483,-0.888934589188841,0.696684119413774,3.75697845926324,3.82364512592991,1,0,0,1,0,0,0,0,0,0,161
"97","15482","Aristides Aquino",-1.05381967479182,0.0355099856554356,-0.760697558565993,-1.05357605206106,-1.04147381396347,0.0358417747592502,-3.65416041568074,-3.42082708234741,2,0,0,1,0,0,0,1,0,0,NA
"98","15491","J.P. Crawford",0.826177955620282,-0.816426165924081,-0.0899403913121822,0.41846846371412,0.0245648715096952,-1.62561188328769,-0.823645364156751,-0.756978697490084,1,1,0,0,0,0,0,0,0,0,231
"99","15518","Amed Rosario",0.72173364281961,-0.573015836901362,0.116446429381298,0.449168407879314,1.6904193858149,-0.569953066052916,2.27392074846395,2.34058741513062,1,1,0,0,0,0,0,0,0,0,251
"100","15653","Dominic Smith",-0.583820267188795,-0.0861951788559239,0.0132530190345578,-0.258350748818174,0.221312983361829,0.0778906870928557,-0.431854582086734,-0.381854582086734,1,0,0,0,0,0,0,1,0,0,NA
"101","15672","Austin Meadows",0.930622268420955,1.25256163076903,1.61275087940903,0.939985045277402,-0.448867063492452,0.742524604422521,5.2136322880934,5.48029895476007,2,0,0,0,0,0,0,1,0,1,119
"102","15676","José Abreu",1.40062167602398,1.61767712430311,2.28350804666284,1.69721421649818,0.841810631266082,1.456827716065,7.62788651610694,7.71121984944028,1,0,0,0,1,0,0,0,0,0,65
"103","15679","Rowdy Tellez",-0.479375954388123,0.278920314678155,0.0648497242079278,-0.1960885894786,-0.116123060482629,0.405551902625417,-1.7120385575501,-1.62870522421677,1,0,0,0,1,0,0,0,0,0,NA
"104","15711","Tyler O'Neill",1.08728873762196,1.73938228881447,1.30317064836881,0.9299855077089,0.135210369393928,1.44767403292397,6.82676650811896,6.87676650811896,1,0,0,0,0,0,0,1,0,0,135
"105","15730","Tyler Wade",-1.3149304567935,-1.6683623175036,-1.89582507238013,-1.81269789281084,-0.850483385270362,-1.35866013003759,-8.37945174669278,-7.37945174669278,3,1,1,0,0,0,1,0,0,0,NA
"106","15878","Miguel Andújar",-2.41159574120056,-1.54665715299224,-2.25700200859372,-2.30157671140855,-0.0267344749189719,-0.18449899108013,-8.54401015690726,-8.49401015690726,1,0,0,0,0,0,0,1,0,0,NA
"107","15905","Luis Torrens",-1.57604123879518,-0.816426165924081,-1.17347119995295,-1.34638063349573,-0.561252306854695,-0.55075926937592,-3.05982551271594,-2.79315884604928,2,0,0,0,0,1,0,0,0,1,NA
"108","15937","Aledmys Díaz",-1.3149304567935,-0.816426165924081,-0.915487674086103,-1.13687112432056,-0.0781161152948622,-0.519943250612456,-4.33895421184397,-4.13895421184397,1,0,0,0,0,0,1,0,0,0,NA
"109","15941","Austin Nola",-1.15826398759249,-0.93813133043544,-0.760697558565993,-0.805363354810316,0.175410962612357,-0.406218881284593,-0.928758848393864,-0.878758848393864,1,0,0,0,0,1,0,0,0,0,337
"110","15983","Clint Frazier",-1.00159751839148,-0.451310672390002,-0.915487674086103,-0.835404535479658,-0.855260613198802,-0.276769849449704,-4.15177593970884,-3.9184426063755,2,0,0,1,0,0,0,1,0,0,NA
"111","15986","Willy Adames",1.08728873762196,1.13085646625767,0.838800301808478,0.987484032921556,0.0868401731492285,0.707617275207405,5.27800877248941,5.34467543915607,1,1,0,0,0,0,0,0,0,0,209
"112","15998","Cody Bellinger",0.982844424821291,1.25256163076903,1.19997723802207,0.868972245241235,-0.635306894072712,0.834491868095666,5.02504802097982,5.09171468764649,1,0,1,0,0,0,0,0,0,0,84
"113","16219","J.D. Davis",-1.21048614399283,-0.694721001412721,-1.12187449477958,-0.902988789823094,0.0260873095333206,0.0935482391933037,-3.36761430609401,-3.16761430609401,1,0,0,0,0,0,1,0,0,0,NA
"114","16376","Michael Conforto",0.826177955620282,0.765740972723593,0.993590417328588,1.18956179265095,0.180509329811406,1.15013613333754,4.14094591162782,4.20761257829449,1,0,0,1,0,0,0,0,0,0,155
"115","16403","Francisco Mejía",-1.52381908239485,-1.0598364949468,-1.27666461029969,-1.38796181338292,-0.375745676777513,-0.617080439941841,-3.276602816061,-3.226602816061,1,0,0,0,0,1,0,0,0,0,NA
"116","16434","Christian Arroyo",-2.20270711559922,-1.54665715299224,-2.10221189307361,-2.13582665022376,-0.190183755454542,-0.347246134942497,-8.44113557503709,-8.39113557503709,1,0,0,0,0,0,0,0,1,0,NA
"117","16472","Rhys Hoskins",1.40062167602398,2.22620294685991,1.6643475845824,1.66624396567717,-0.814676517327885,2.37743747413889,6.85040423524222,6.93373756857555,1,0,0,0,1,0,0,0,0,0,120
"118","16478","Kyle Schwarber",1.45284383242432,2.34790811137127,1.40636405871555,1.53876711321752,-0.688091067619438,2.26895278561894,8.51079975701506,8.56079975701507,1,0,0,0,0,0,0,1,0,0,105
"119","16505","Matt Chapman",1.1395108940223,1.73938228881447,1.30317064836881,0.953370928729326,-1.73710905028962,0.530141545956348,4.37128783078922,4.57128783078922,1,0,0,0,0,0,1,0,0,0,133
"120","16512","Isiah Kiner-Falefa",-0.00937654678509686,-1.18154165945816,-0.605907443045883,-0.205348292692744,0.924870297951121,-1.79434485666559,-2.43252671517324,-2.36586004850658,1,1,0,0,0,0,0,0,0,0,293
"121","16535","Danny Jansen",-0.79270889279014,-0.207900343367283,-0.709100853392623,-0.873466422802981,-0.799102709276665,-0.0701243450540376,-0.487898265001117,-0.437898265001117,1,0,0,0,0,1,0,0,0,0,NA
"122","16572","Connor Joe",-0.427153797987787,-0.329605507878643,-0.296327212005662,-0.145531044977779,0.421144546548974,0.613623255216034,0.0202051622020541,0.0702051622020541,1,0,0,0,0,0,0,1,0,0,NA
"123","16578","Yandy Díaz",-0.113820859585769,-0.573015836901362,-0.141537096485552,0.221944890479675,0.848260419379684,0.229817848211766,0.914469940286034,1.4811366069527,2,0,0,0,1,0,1,0,0,0,NA
"124","16622","Luis Urías",0.512845017218265,0.157215150166795,0.374429955248148,0.504947003349173,-0.176848278475642,0.144625319474022,1.96003474216835,2.91003474216835,3,1,0,0,0,0,1,0,1,0,205
"125","16909","Colin Moran",-1.00159751839148,-0.451310672390002,-0.451117327525772,-0.760178395587498,-0.073744249348641,-0.291880269910309,-4.69960132786596,-4.61626799453262,1,0,0,0,1,0,0,0,0,0,NA
"126","16939","Lane Thomas",-0.166043015986105,-0.329605507878643,-0.296327212005662,-0.407646355779277,-0.708789602649676,-0.374088975201522,-1.76099316139764,-1.69432649473097,1,0,1,0,0,0,0,0,0,0,NA
"127","16997","Gleyber Torres",0.460622860817929,0.400625479189514,0.580816775941628,0.670022948487637,0.593145325459646,0.193107684429112,3.33746285984857,3.40412952651524,1,1,0,0,0,0,0,0,0,0,167
"128","17022","Edmundo Sosa",-0.949375361991149,-1.0598364949468,-1.07027778960621,-0.886998940261247,0.293586678128224,-0.654060257525643,-3.88784038067972,-3.65450704734639,2,1,0,0,0,0,0,0,1,0,NA
"129","17027","Alex Verdugo",1.34839951962364,-0.207900343367283,0.426026660421518,1.17599444920998,2.32139343895352,0.696269886214543,6.28169111915916,6.83169111915916,3,0,1,1,0,0,0,1,0,0,116
"130","17128","Ramón Laureano",0.356178548017257,0.400625479189514,0.116446429381298,0.251666434420262,-0.00354301191719378,0.349910212720213,1.9927915999146,2.05945826658126,1,0,1,0,0,0,0,0,0,0,317
"131","17232","Yoán Moncada",1.19173305042264,0.278920314678155,0.632413481114998,1.18033615840438,0.431385642527998,0.567604690704773,4.72521391304053,4.92521391304053,1,0,0,0,0,0,1,0,0,0,193
"132","17273","Jorge Mateo",-1.15826398759249,-1.18154165945816,-1.27666461029969,-1.28398159938522,-0.815885209677723,-1.64037925827098,-6.83520881658103,-6.76854214991436,1,0,1,0,0,0,0,0,0,0,NA
"133","17278","Bobby Bradley",-0.479375954388123,0.522330643700874,0.0648497242079278,-0.576238402527668,-1.99133466236604,-0.614932135547332,-4.74447368163261,-4.66114034829928,1,0,0,0,1,0,0,0,0,0,NA
"134","17321","Michael Chavis",-0.79270889279014,-0.451310672390002,-0.605907443045883,-0.917031914369784,-0.688649766370507,-0.876811598313979,-4.24872316003152,-4.19872316003152,1,0,0,0,0,0,0,0,1,0,NA
"135","1744","Miguel Cabrera",-0.79270889279014,-0.451310672390002,-0.0383436861388122,-0.380588014665719,-0.170462139586845,-1.05474365629023,-4.557929956574,-4.22459662324067,2,0,0,0,1,0,0,0,0,1,310
"136","17484","Eloy Jiménez",0.773955799219946,1.73938228881447,1.81913770010251,1.32779071905634,1.21287403929453,1.51817191716831,8.57536738694302,8.62536738694302,1,0,0,0,0,0,0,1,0,0,92
"137","17620","Myles Straw",0.773955799219946,-1.54665715299224,-0.760697558565993,-0.00788265967019196,0.595942033822302,-1.67640597584411,-2.10023800592704,-2.03357133926037,1,0,1,0,0,0,0,0,0,0,264
"138","17710","Matt Beaty",-1.94159633359754,-1.42495198848088,-1.79263166203339,-1.92478473466736,-0.0580913619575123,-0.293596048285405,-7.25159720573517,-6.65159720573516,3,0,0,1,1,0,0,1,0,0,NA
"139","17838","Willie Calhoun",-0.636042423589131,-0.207900343367283,-0.502714032699142,-0.434680762441578,-0.0667492638346871,-0.409393897761362,-2.07342580040627,-1.8067591337396,2,0,0,0,0,0,0,1,0,1,NA
"140","17901","Andrew Benintendi",0.460622860817929,0.0355099856554356,0.684010186288368,0.668256066747594,1.0323159757156,0.474188767910303,3.53895876642214,3.58895876642214,1,0,0,0,0,0,0,1,0,0,170
"141","17907","Brendan Rodgers",0.408400704417593,0.157215150166795,0.477623365594888,0.622251916163479,1.53381818323907,0.51411031341467,4.1525414185196,4.38587475185293,2,1,0,0,0,0,0,0,1,0,265
"142","17919","Ian Happ",0.565067173618601,1.13085646625767,0.735606891461738,0.715470768793071,-0.848206157449552,0.674426826344506,3.49472947712928,3.72806281046261,2,0,1,0,0,0,0,1,0,0,243
"143","17929","Cedric Mullins",1.34839951962364,0.765740972723593,0.219639839728038,1.04674500961151,0.46375802401684,0.4092673286816,4.77505820248847,4.84172486915513,1,0,1,0,0,0,0,0,0,0,59
"144","17954","Sam Hilliard",-0.79270889279014,0.0355099856554356,-0.657504148219253,-0.913135822282274,-1.13000634959957,-0.280935322961499,-3.21727304209405,-3.15060637542738,1,0,1,0,0,0,0,0,0,0,NA
"145","17982","Ty France",0.669511486419274,0.278920314678155,0.787203596635108,1.04491217404885,1.22927014389652,0.553252540700111,4.64676738362679,5.29676738362679,3,0,0,0,1,0,0,0,1,1,136
"146","17988","Tyler Stephenson",0.0428456096152393,-0.329605507878643,-0.0383436861388122,0.254568470731265,0.814181724328889,0.29392481615143,4.00207672849198,4.26874339515865,2,0,0,0,1,1,0,0,0,0,197
"147","17992","David Fletcher",0.356178548017257,-1.54665715299224,-0.502714032699142,0.0865887379228602,1.25417724282146,-2.2728290522433,-2.18613392365,-1.95280059031667,2,1,0,0,0,0,0,0,1,0,195
"148","18015","Paul DeJong",-0.166043015986105,0.400625479189514,0.116446429381298,-0.232381657960312,-1.37124719835498,-0.698745539919994,-1.51222371812748,-1.44555705146081,1,1,0,0,0,0,0,0,0,0,NA
"149","18030","Harrison Bader",0.251734235216584,0.278920314678155,0.0648497242079278,0.162715110506688,-0.532925187209032,-0.28104772462769,0.465753980875878,0.532420647542545,1,0,1,0,0,0,0,0,0,0,273
"150","18036","Jake Cronenworth",1.1395108940223,0.0355099856554356,0.632413481114998,1.10134704834313,1.25997221542532,0.663474496148995,5.27134990623328,5.87134990623328,3,1,0,0,1,0,0,0,1,0,91
"151","18042","Dylan Moore",-1.83715202079686,-1.18154165945816,-1.84422836720676,-1.9644663497422,-1.19352699011231,-0.865647137522959,-8.70250760155235,-8.50250760155235,2,0,0,0,0,0,0,1,1,0,NA
"152","18126","LaMonte Wade Jr.",-0.218265172386442,-0.207900343367283,-0.399520622352402,-0.274261146470129,-0.595652462636829,-0.104038903082175,-1.61558372700834,-1.01558372700834,3,0,0,1,1,0,0,1,0,0,NA
"153","18171","Seth Brown",-0.270487328786778,0.400625479189514,0.168043134554668,-0.51021047413441,-1.58935573288318,-0.829590005381335,-3.59574561728606,-3.52907895061939,1,0,0,1,0,0,0,0,0,0,NA
"154","18289","Brian Anderson",-0.427153797987787,-0.207900343367283,-0.0899403913121822,-0.109964309932909,-0.383781552139546,-0.339033099470695,-1.11495291902281,-0.914952919022809,1,0,0,0,0,0,1,0,0,0,NA
"155","18314","Dansby Swanson",1.08728873762196,1.00915130174631,1.1483805328487,0.94472057873339,-0.193036397984451,0.00933338455599981,4.44495992304502,4.51162658971168,1,1,0,0,0,0,0,0,0,0,130
"156","18345","Kyle Tucker",1.45284383242432,1.86108745332583,1.97392781562262,1.9412989813239,1.78425441621445,2.80834777469885,10.8569895837654,10.9236562504321,1,0,0,1,0,0,0,0,0,0,16
"157","18360","Austin Riley",1.24395520682297,1.61767712430311,1.81913770010251,1.57632855859057,1.28811578099339,1.81375634191496,9.8017912879151,10.0017912879151,1,0,0,0,0,0,1,0,0,0,73
"158","18363","Victor Robles",-0.479375954388123,-0.93813133043544,-0.967084379259473,-0.733083854989338,-1.01671458697495,-1.37172252602156,-4.98460512396564,-4.91793845729897,1,0,1,0,0,0,0,0,0,0,NA
"159","18373","Ryan Mountcastle",0.982844424821291,1.61767712430311,1.50955746906229,1.13713682161305,0.528734881642553,0.797837684750683,6.75784332947989,7.40784332947989,3,0,0,0,1,0,0,1,0,1,166
"160","18401","Ronald Acuña Jr.",1.97506539642768,1.98279261783719,1.1483805328487,1.82802965000461,1.59059811367635,3.73864898074809,11.2987446016981,11.3654112683647,1,0,0,1,0,0,0,0,0,0,38
"161","18564","Trent Grisham",0.982844424821291,0.278920314678155,0.426026660421518,0.653615851396822,-0.572569010440781,0.0381591224438943,2.32850487142414,2.39517153809081,1,0,1,0,0,0,0,0,0,0,179
"162","18568","Luis Arraez",-0.113820859585769,-1.54665715299224,-0.760697558565993,0.0693931572660042,2.5063471565728,-0.100531971097007,0.496853346785386,1.39685334678539,3,0,0,0,0,0,1,1,1,0,182
"163","18577","Ke'Bryan Hayes",0.930622268420955,-0.207900343367283,0.322833250074778,0.793182587977638,0.795437992005928,-0.0923041691318035,2.9846921611678,3.1846921611678,1,0,0,0,0,0,1,0,0,0,176
"164","18607","Jared Walsh",0.982844424821291,1.49597195979175,1.76754099492914,1.22196418304959,0.484253717325603,1.33060483244522,5.61340721765035,5.69674055098368,1,0,0,0,1,0,0,0,0,0,142
"165","18882","Brandon Lowe",1.66173245802566,2.10449778234855,1.76754099492914,1.61650795603334,0.0820677671317579,2.18080662760774,9.49685071332495,9.54685071332495,1,0,0,0,0,0,0,0,1,0,103
"166","19197","Will Smith",0.72173364281961,1.37426679528039,1.25157394319544,1.16685607858737,0.552475078112729,2.38748970942318,10.4189005491013,10.4689005491013,1,0,0,0,0,1,0,0,0,0,66
"167","19197","Will Smith",0.72173364281961,1.37426679528039,1.25157394319544,1.16685607858737,0.552475078112729,2.38748970942318,10.4189005491013,10.4689005491013,1,0,0,0,0,1,0,0,0,0,198
"168","19198","Yuli Gurriel",0.460622860817929,-0.207900343367283,0.632413481114998,0.631323894222011,1.55047788564075,0.102515027014859,1.49967991073101,1.58301324406435,1,0,0,0,1,0,0,0,0,0,114
"169","19238","Lourdes Gurriel Jr.",0.460622860817929,0.765740972723593,1.04518712250196,0.616452465698953,0.935084712689443,0.402111309662844,4.40925436738164,4.45925436738164,1,0,0,0,0,0,0,1,0,0,127
"170","19251","Pete Alonso",1.55728814522499,2.8347287694167,2.54149157252969,2.27666790769835,0.390797367667572,2.91038071777714,10.8415815856022,10.9249149189355,1,0,0,0,1,0,0,0,0,0,42
"171","19252","Cavan Biggio",-0.113820859585769,-0.329605507878643,-0.399520622352402,-0.289240985425796,-1.33548726367928,-0.555230210945247,-2.58008487467954,-2.38008487467954,1,0,0,0,0,0,1,0,0,0,298
"172","19260","Jake Fraley",-0.479375954388123,-0.329605507878643,-0.451117327525772,-0.547232426329671,-0.535787473560882,0.0615178416441256,-2.09754592475205,-2.04754592475205,1,0,0,0,0,0,0,1,0,0,NA
"173","19262","Garrett Hampson",-0.479375954388123,-0.816426165924081,-1.17347119995295,-0.848825470963671,-0.198990172189596,-0.75347688652676,-3.74905834184194,-3.5157250085086,2,0,1,0,0,0,0,0,1,0,NA
"174","19287","Adolis García",0.460622860817929,1.00915130174631,0.838800301808478,-0.0528233786246898,-1.65178469275229,-1.30509048771023,-0.179616586611245,0.0870500800554215,2,0,1,1,0,0,0,0,0,0,249
"175","19290","Randy Arozarena",1.29617736322331,0.765740972723593,0.787203596635108,1.04468891945282,0.35460538976895,0.787855755606624,5.22032692069732,5.45366025403065,2,0,0,1,0,0,0,1,0,0,126
"176","19293","Nick Senzel",-0.531598110788459,-0.816426165924081,-0.812294263739363,-0.622407291357391,0.324053440401685,-0.286952118034092,-2.22411700133845,-2.15745033467179,1,0,1,0,0,0,0,0,0,0,NA
"177","19294","Nick Solak",-0.844931049190476,-0.816426165924081,-0.915487674086103,-0.793971614338108,0.0563441579492162,-0.680555313805747,-3.91133053214653,-3.86133053214653,1,0,0,0,0,0,0,0,1,0,NA
"178","19326","Bryan Reynolds",1.34839951962364,1.00915130174631,1.40636405871555,2.14488350841737,2.23272878295684,2.71838533799925,11.3814200175622,11.4480866842289,1,0,1,0,0,0,0,0,0,0,57
"179","19339","Nicky Lopez",0.251734235216584,-1.6683623175036,-0.812294263739363,-0.212927144560322,0.746220746734149,-1.7478226886107,-3.00432964694015,-2.93766298027348,1,1,0,0,0,0,0,0,0,0,NA
"180","19352","Sean Murphy",-0.636042423589131,0.157215150166795,-0.244730506832292,-0.404107542298806,-1.35615718870443,-0.398474406484013,0.0822083839407388,0.132208383940739,1,0,0,0,0,1,0,0,0,0,269
"181","19363","Austin Hays",0.617289330018938,0.522330643700874,0.632413481114998,0.416514815124192,0.208630714589012,-0.139763238133705,2.44147066970122,2.67480400303456,2,0,0,1,0,0,0,1,0,0,199
"182","19470","Tommy Edman",1.08728873762196,-0.573015836901362,0.0132530190345578,0.452611796809435,0.941945006156966,-0.965458825321427,1.0403210246489,1.27365435798224,2,0,0,1,0,0,0,0,1,0,125
"183","19508","Kyle Lewis",-0.270487328786778,0.278920314678155,-0.193133801658922,-0.164368519874816,-0.457712376975997,-0.150749068433649,-0.436023272948763,-0.369356606282096,1,0,1,0,0,0,0,0,0,0,NA
"184","19566","Nathaniel Lowe",0.669511486419274,0.278920314678155,0.735606891461738,0.911647947990196,0.273361011833787,0.420356855028491,1.61963161269939,1.70296494603272,1,0,0,0,1,0,0,0,0,0,NA
"185","19599","Chas McCormick",-0.897153205590812,-0.573015836901362,-0.812294263739363,-1.06947200933104,-0.485724465104947,-0.453319807722649,-3.76947208028692,-3.21947208028692,3,0,1,1,0,0,0,1,0,0,NA
"186","19610","Keibert Ruiz",-0.636042423589131,-0.0861951788559239,-0.141537096485552,-0.212851760812741,0.70993586668417,0.279463570411936,2.87727827903537,2.92727827903537,1,0,0,0,0,1,0,0,0,0,172
"187","19612","Bo Bichette",2.34062049123003,1.25256163076903,1.71594428975577,1.84732550359824,2.80382080960075,2.02161545371236,12.4210099641893,12.4876766308559,1,1,0,0,0,0,0,0,0,0,22
"188","19734","Josh Rojas",0.565067173618601,-0.694721001412721,-0.347923917179032,0.11622084995779,-0.304677781214374,-0.948589759575775,-1.17550265028241,-0.625502650282408,3,1,0,1,0,0,0,0,1,0,252
"189","19844","Abraham Toro",-0.79270889279014,-0.694721001412721,-0.709100853392623,-0.794722420197646,-0.361016346067524,-0.487089896550418,-3.39653883522348,-2.89653883522348,2,0,0,0,0,0,1,0,1,0,NA
"190","19913","Jesús Sánchez",0.0428456096152393,0.644035808212233,0.632413481114998,0.405137056251406,0.00646148896356333,0.309879130690166,2.22482749813452,2.45816083146785,2,0,0,1,0,0,0,1,0,0,312
"191","19918","Daulton Varsho",0.0428456096152393,0.0355099856554356,0.0132530190345578,-0.0659526654719075,-0.0634703643750212,0.265632104596249,3.19232299073717,3.4256563240705,2,0,1,0,0,1,0,0,0,0,143
"192","19948","Cristian Pache",-0.844931049190476,-0.816426165924081,-0.915487674086103,-1.02989157131384,-1.2906672797515,-1.9923075527434,-6.36820378490615,-6.30153711823948,1,0,1,0,0,0,0,0,0,0,NA
"193","19950","Andrés Giménez",-0.531598110788459,-0.573015836901362,-0.812294263739363,-0.674371028001297,-0.46654483203029,-1.01166825226979,-3.63037053820746,-3.39703720487412,2,1,0,0,0,0,0,0,1,0,NA
"194","19955","Gavin Lux",-0.531598110788459,-0.694721001412721,-0.605907443045883,-0.617572049686365,0.103019291757561,-0.136224789602918,-2.04388231725568,-1.81054898392235,2,1,0,0,0,0,0,0,1,0,306
"195","19958","Carter Kieboom",-0.949375361991149,-0.93813133043544,-1.01868108443284,-0.931964661287082,-0.580338394856532,-0.707371045427633,-4.68304130324309,-4.48304130324308,1,0,0,0,0,0,1,0,0,0,NA
"196","19966","Bobby Dalbec",0.147289922415912,1.49597195979175,0.941993712155218,0.48134275122139,-0.964328060352889,1.10041635827494,1.53291374879407,1.61624708212741,1,0,0,0,1,0,0,0,0,0,279
"197","19997","Santiago Espinal",-1.26270830039317,-1.54665715299224,-1.4314547258198,-1.31965336545291,0.324913347858019,-1.00100640324298,-5.79374602485549,-5.59374602485549,1,0,0,0,0,0,1,0,0,0,NA
"198","20003","Keston Hiura",-1.15826398759249,-0.451310672390002,-0.967084379259473,-1.16178800292624,-0.868400963513779,-0.216976791339835,-6.49359769173408,-6.41026435840074,1,0,0,0,1,0,0,0,0,0,NA
"199","20043","Luis Robert",1.45284383242432,1.49597195979175,1.50955746906229,1.6760331089571,2.24119734446325,2.23818271930136,11.1352939421033,11.20196060877,1,0,1,0,0,0,0,0,0,0,70
"200","20126","Dylan Carlson",1.08728873762196,0.522330643700874,0.787203596635108,1.19293418435945,0.241126536998689,0.403559968784169,4.7559511762035,5.02261784287017,2,0,1,1,0,0,0,0,0,0,178
"201","20220","Jo Adell",0.0428456096152393,0.278920314678155,0.426026660421518,-0.0936769870565073,-0.777299635173545,-0.775851429961546,-0.71498054418977,-0.66498054418977,1,0,0,0,0,0,0,1,0,0,313
"202","20325","Alex Kirilloff",-0.113820859585769,0.278920314678155,0.374429955248148,0.271090164136645,1.03308362394204,0.463332309724191,1.34226481829887,1.64226481829887,2,0,0,1,1,0,0,0,0,0,235
"203","20391","Luis García",-0.688264579989468,-0.694721001412721,-0.760697558565993,-0.766770786736812,0.441018534803326,-0.605545163850103,-2.991283428503,-2.941283428503,1,0,0,0,0,0,0,0,1,0,NA
"204","20454","Jazz Chisholm Jr.",0.930622268420955,0.522330643700874,0.271236544901408,0.227198645162458,-0.898333458051754,-0.629650252153387,0.862526177503657,1.09585951083699,2,1,0,0,0,0,0,0,1,0,215
"205","20493","Seth Beer",-1.10604183119216,-0.694721001412721,-0.863890968912733,-0.912620623077524,-0.158283921240769,-0.0478089777905702,-7.02951079171374,-6.94617745838041,1,0,0,0,0,0,0,0,0,1,NA
"206","20521","Nick Madrigal",-0.427153797987787,-1.54665715299224,-0.812294263739363,-0.262691000343352,2.18335691507328,-0.504587089254197,-1.28632926199488,-1.23632926199488,1,0,0,0,0,0,0,0,1,0,248
"207","20536","Vidal Bruján",-1.3149304567935,-1.42495198848088,-1.58624484133991,-1.51747345279232,-0.240495574516533,-0.764770278640763,-6.76516946531514,-6.53183613198181,2,0,0,1,0,0,0,0,1,0,NA
"208","2136","David Peralta",-0.113820859585769,-0.573015836901362,0.271236544901408,0.270514985686942,0.911912215870814,-0.242812424511617,0.708069548747333,0.758069548747333,1,0,0,0,0,0,0,1,0,0,NA
"209","21479","Nico Hoerner",-1.10604183119216,-1.54665715299224,-1.22506790512632,-0.969901851727545,0.7303614815535,-0.831710539952432,-4.86532067218842,-4.81532067218842,1,0,0,0,0,0,0,0,1,0,NA
"210","21501","Trevor Larnach",-1.36715261319384,-0.93813133043544,-1.27666461029969,-1.29302753818935,-0.875157103704348,-0.917453836854514,-6.48353210939027,-6.25019877605693,2,0,0,1,0,0,0,1,0,0,NA
"211","21523","Jonathan India",1.92284324002734,0.644035808212233,0.787203596635108,1.59850194686859,0.510486198845856,1.37117511187985,6.91794302971775,6.96794302971775,1,0,0,0,0,0,0,0,1,0,106
"212","21524","Joey Bart",-1.10604183119216,-0.93813133043544,-0.967084379259473,-1.15624172956075,-0.627332739171097,-1.48170931955314,-3.31203602748945,-3.26203602748945,1,0,0,0,0,1,0,0,0,0,325
"213","21618","Alec Bohm",-0.113820859585769,-0.451310672390002,-0.0383436861388122,-0.086260262417748,0.554002338047324,-0.521776830341629,-0.214689397639044,-0.0146893976390443,1,0,0,0,0,0,1,0,0,0,326
"214","21711","Oneil Cruz",-0.113820859585769,-0.0861951788559239,-0.0383436861388122,-0.146283721264863,0.309989211944837,0.0634428854742196,0.427910437096792,0.494577103763458,1,1,0,0,0,0,0,0,0,0,303
"215","22168","Akil Baddoo",0.773955799219946,0.157215150166795,0.219639839728038,0.399544886829812,-0.569803162308333,-0.2721635850901,1.2298964366494,1.46322976998274,2,0,1,0,0,0,0,1,0,0,239
"216","22558","Jarred Kelenic",0.30395639161692,0.522330643700874,0.477623365594888,0.0350938709335577,-1.39470193769573,-0.642586030966326,-0.176776188712566,-0.110109522045899,1,0,1,0,0,0,0,0,0,0,210
"217","22581","Alejandro Kirk",-0.897153205590812,-0.329605507878643,-0.502714032699142,-0.497575803525684,0.457039173271107,0.592651969445248,1.78714789470469,1.83714789470469,1,0,0,0,0,1,0,0,0,0,315
"218","23378","Jose Barrero",-1.10604183119216,-0.816426165924081,-0.967084379259473,-1.01802571450835,-0.0433228130382994,-0.341469681079671,-3.85324879947893,-3.78658213281226,1,1,0,0,0,0,0,0,0,0,347
"219","2396","Carlos Santana",0.0428456096152393,0.157215150166795,0.219639839728038,0.248909512336385,-1.22720321632747,-0.45889559155201,-2.68726159074527,-2.60392825741194,1,0,0,0,1,0,0,0,0,0,192
"220","2434","Nelson Cruz",0.617289330018938,1.49597195979175,1.40636405871555,1.01260076416035,0.4954289781899,1.45949824741645,3.24100987020567,3.324343203539,1,0,0,0,0,0,0,0,0,1,137
"221","24617","Jarren Duran",-1.10604183119216,-1.18154165945816,-1.4314547258198,-1.31577421096379,-0.145808673178934,-0.585468793698082,-5.24458238620768,-5.17791571954102,1,0,1,0,0,0,0,0,0,0,NA
"222","24618","Ryan Jeffers",-1.10604183119216,-0.207900343367283,-0.709100853392623,-0.996638318679661,-1.42266452087205,-0.738108272827051,-2.21594883864821,-2.16594883864821,1,0,0,0,0,1,0,0,0,0,NA
"223","2967","Tommy Pham",0.356178548017257,-0.0861951788559239,-0.193133801658922,0.302868446390492,0.0508635739406039,0.34232365124086,0.956960162361283,1.00696016236128,1,0,0,0,0,0,0,1,0,0,272
"224","3269","Robinson Canó",-1.15826398759249,-0.816426165924081,-0.863890968912733,-0.950635456163366,0.278353296991494,-0.337678879788514,-3.76484503414092,-3.71484503414092,1,0,0,0,0,0,0,0,1,0,NA
"225","3473","Anthony Rizzo",0.878400112020619,0.887446137234952,0.838800301808478,1.07700019427803,0.0725229550968167,0.995664176456523,3.08006098218317,3.1633943155165,1,0,0,0,1,0,0,0,0,0,89
"226","3516","Eric Hosmer",-0.166043015986105,-0.207900343367283,0.322833250074778,0.121896086790745,0.596765616215994,-0.506278183341816,-1.50849948432594,-1.4251661509926,1,0,0,0,1,0,0,0,0,0,282
"227","4106","Michael Brantley",0.30395639161692,-0.694721001412721,-0.0899403913121822,0.503323238172004,2.19972826719896,0.451987345080994,2.85838877263089,3.12505543929756,2,0,0,0,0,0,0,1,0,1,129
"228","4314","Joey Votto",1.03506658122163,1.49597195979175,1.35476735354218,1.49618045326851,0.074725604027957,1.87101661581332,5.6579556729531,5.74128900628643,1,0,0,0,1,0,0,0,0,0,124
"229","4418","Jed Lowrie",-0.844931049190476,-0.694721001412721,-0.502714032699142,-0.650885223896907,-0.298835875343736,-0.46599089163148,-3.37438094692569,-3.10771428025903,2,0,0,0,0,0,0,0,1,1,NA
"230","4892","Mike Moustakas",-0.00937654678509686,0.887446137234952,0.684010186288368,0.233449367536571,-0.749985759753065,0.137452770798473,1.6258167305078,1.8258167305078,1,0,0,0,0,0,1,0,0,0,319
"231","4940","Jason Heyward",-1.26270830039317,-1.0598364949468,-1.27666461029969,-1.19649379400317,-0.448599608163977,-0.669670534807663,-6.87874403245901,-6.81207736579235,1,0,0,1,0,0,0,0,0,0,NA
"232","4949","Giancarlo Stanton",0.982844424821291,2.10449778234855,1.97392781562262,1.57895964141827,0.541129121600091,2.14526918787568,8.36185728384195,8.66185728384195,2,0,0,1,0,0,0,0,0,1,97
"233","5038","Josh Donaldson",0.826177955620282,1.37426679528039,0.787203596635108,1.0306390131239,-0.348612462288047,1.58381449022403,5.69630996378326,6.26297663044992,2,0,0,0,0,0,1,0,0,1,131
"234","5222","Justin Upton",-0.740486736389804,0.0355099856554356,-0.554310737872513,-0.861305251795003,-1.29255939761616,-0.428034391726645,-3.65713160645777,-3.60713160645777,1,0,0,0,0,0,0,1,0,0,NA
"235","5235","Justin Turner",0.930622268420955,0.644035808212233,1.09678382767533,1.1583612605409,1.48050713555367,1.50499227081882,7.2581231464095,7.4581231464095,1,0,0,0,0,0,1,0,0,0,101
"236","5254","Robbie Grossman",0.669511486419274,-0.0861951788559239,-0.0383436861388122,0.488221460067297,-0.810363800156231,-0.268730705967363,0.138154498655157,0.37148783198849,2,0,0,1,0,0,0,1,0,0,207
"237","5297","Aaron Hicks",-0.270487328786778,-0.0861951788559239,-0.347923917179032,-0.330833303186759,-1.23897350100547,-0.21693083889395,-1.96983655980467,-1.90316989313801,1,0,1,0,0,0,0,0,0,0,NA
"238","5343","Brandon Crawford",0.356178548017257,0.0355099856554356,0.580816775941628,0.391477815293707,0.246977122309073,0.0904212689189466,2.14050330165915,2.20716996832582,1,1,0,0,0,0,0,0,0,0,219
"239","5417","Jose Altuve",1.97506539642768,1.00915130174631,0.993590417328588,1.49360015502953,1.61883200970992,1.29949998547874,8.47343639296953,8.52343639296953,1,0,0,0,0,0,0,0,1,0,33
"240","5452","Ji-Man Choi",-0.531598110788459,-0.207900343367283,-0.193133801658922,-0.339803972802834,-1.05699779560133,-0.233543694959313,-4.23275061389039,-4.14941728055706,1,0,0,0,1,0,0,0,0,0,NA
"241","5517","Kyle Higashioka",-1.3149304567935,-0.207900343367283,-0.709100853392623,-1.33844127555935,-1.49571229307951,-0.94502089647649,-3.04660081698615,-2.99660081698615,1,0,0,0,0,1,0,0,0,0,NA
"242","5760","Avisaíl García",0.565067173618601,0.765740972723593,0.941993712155218,0.738584840284959,0.68076491261874,0.294119645706162,3.02150056726273,3.0881672339294,1,0,0,1,0,0,0,0,0,0,186
"243","5827","Wilmer Flores",-0.531598110788459,-0.207900343367283,-0.296327212005662,-0.28255870029287,0.647038217068762,0.304577077977293,0.0760515037793738,1.07605150377937,3,0,0,0,1,0,1,0,1,0,297
"244","5913","Leury García",-0.427153797987787,-1.30324682396952,-0.915487674086103,-0.747037307660047,0.358328547959328,-1.24262458409695,-3.75571413173783,-2.8223807984045,4,0,1,1,0,0,0,1,1,0,NA
"245","5933","Jean Segura",0.878400112020619,-0.329605507878643,0.271236544901408,0.685840653756906,1.82859220904523,0.0211228867692117,3.4392840258635,3.4892840258635,1,0,0,0,0,0,0,0,1,0,160
"246","6012","Didi Gregorius",-0.636042423589131,-0.329605507878643,-0.0383436861388122,-0.616130466997398,-0.611356462284241,-0.917726465993884,-2.71008322735901,-2.64341656069234,1,1,0,0,0,0,0,0,0,0,327
"247","6153","Eduardo Escobar",0.512845017218265,0.887446137234952,1.1483805328487,0.541739137283735,-0.732921981212086,-0.467468753146471,2.33284066541469,2.83284066541469,2,0,0,0,0,0,1,0,1,0,214
"248","6887","Martín Maldonado",-0.949375361991149,-0.573015836901362,-0.863890968912733,-1.13928246572438,-2.76103380827142,-2.2206310408366,-5.54272418095503,-5.49272418095503,1,0,0,0,0,1,0,0,0,0,NA
"249","7007","Yadier Molina",-1.00159751839148,-0.816426165924081,-0.399520622352402,-0.863241344317525,-0.266483102959505,-1.68034047495165,-2.06310392721404,-2.01310392721404,1,0,0,0,0,1,0,0,0,0,266
"250","7739","Travis d'Arnaud",-0.79270889279014,-0.329605507878643,-0.296327212005662,-0.609406772729551,-0.161848277829864,-0.515215438176568,0.259393200272184,0.309393200272184,1,0,0,0,0,1,0,0,0,0,263
"251","7802","Miguel Rojas",0.199512078816248,-1.0598364949468,-0.399520622352402,-0.0128817674689933,0.871755341311847,-1.11487634374834,-1.07672602286533,-1.01005935619867,1,1,0,0,0,0,0,0,0,0,NA
"252","7859","Charlie Blackmon",0.826177955620282,-0.0861951788559239,0.684010186288368,0.87686060088672,1.5004987784357,0.778527409092154,3.61510906162276,3.68177572828942,1,0,0,1,0,0,0,0,0,0,153
"253","8202","Josh Harrison",-0.636042423589131,-0.93813133043544,-0.605907443045883,-0.472150513518713,0.642686603148616,-0.80767443541683,-2.37439896766979,-1.47439896766979,3,0,0,0,0,0,1,1,1,0,332
"254","8709","Elvis Andrus",-0.740486736389804,-1.30324682396952,-1.07027778960621,-0.921980546682709,-0.384445690010494,-2.13671823812776,-6.11803403926339,-6.05136737259673,1,1,0,0,0,0,0,0,0,0,NA
"255","9077","Lorenzo Cain",-0.479375954388123,-1.0598364949468,-0.760697558565993,-0.51740874842278,0.425342823700272,-0.727935811839027,-2.5984042363592,-2.53173756969254,1,0,1,0,0,0,0,0,0,0,NA
"256","9218","Paul Goldschmidt",1.87062108362701,1.61767712430311,1.61275087940903,2.1476039509333,1.66186981534315,2.37866265230038,9.61941261120372,9.70274594453706,1,0,0,0,1,0,0,0,0,0,45
"257","9241","Starling Marte",1.45284383242432,-0.0861951788559239,0.374429955248148,0.882641596593923,1.66376386197221,0.400434320882355,5.20942589636827,5.27609256303494,1,0,1,0,0,0,0,0,0,0,99
"258","9256","AJ Pollock",-0.113820859585769,0.522330643700874,0.477623365594888,0.150994844697653,0.790743058024711,0.985757071558877,2.99768304727815,3.04768304727815,1,0,0,0,0,0,0,1,0,0,236
"259","9368","Evan Longoria",-0.270487328786778,0.0355099856554356,0.0132530190345578,-0.24945187182031,-0.116162278691852,-0.103904021082746,-0.2484219205041,-0.0484219205041,1,0,0,0,0,0,1,0,0,0,348
"260","9627","Yan Gomes",-1.15826398759249,-0.573015836901362,-0.863890968912733,-1.06929080313606,-0.227069445611395,-0.456696816605427,-1.38372255707686,-1.33372255707686,1,0,0,0,0,1,0,0,0,0,NA
"261","9774","Christian Vázquez",-0.531598110788459,-0.816426165924081,-0.451117327525772,-0.545018559751166,0.0453569516127533,-1.30716914715078,-0.641467057844892,-0.591467057844892,1,0,0,0,0,1,0,0,0,0,241
"262","9847","Andrew McCutchen",0.199512078816248,0.400625479189514,0.219639839728038,0.270042482360006,-0.705421015645966,0.430679074707059,0.999132862441814,1.04913286244181,1,0,0,0,0,0,0,1,0,0,262
"263","9874","DJ LeMahieu",0.982844424821291,-0.573015836901362,0.116446429381298,0.737542499885346,1.81371757808467,-0.20848925336756,3.31186641709128,4.31186641709128,3,0,0,0,1,0,1,0,1,0,64
"264","9927","Brett Gardner",-1.15826398759249,-1.0598364949468,-1.37985802064643,-1.22780390437755,-0.737046322395175,-0.600372042460216,-5.64167326431542,-5.40833993098209,2,0,1,0,0,0,0,1,0,0,NA
"265","9929","Darin Ruf",-1.00159751839148,-0.329605507878643,-0.812294263739363,-0.73585488554674,-0.153234416072883,0.551667677206814,-2.29686399113538,-2.03019732446872,2,0,0,0,1,0,0,1,0,0,NA
"266","sa3004138","Nick Pratto",-1.26270830039317,-0.694721001412721,-1.07027778960621,-1.24614270346593,-0.836990071072374,-0.292221772619649,-7.0728345332823,-6.98950119994897,1,0,0,0,1,0,0,0,0,0,NA
"267","sa3004139","MJ Melendez",-1.8893741771972,-1.18154165945816,-1.63784154651328,-1.83314656361205,-0.419386542742741,-0.132456027854151,-4.12924121569497,-4.07924121569497,1,0,0,0,0,1,0,0,0,0,NA
"268","sa3004259","Royce Lewis",-2.82937299240325,-1.91177264652632,-2.66977564998068,-2.69346016150505,-0.16776894157968,-0.256808635906673,-10.0898372423786,-10.0231705757119,1,1,0,0,0,0,0,0,0,0,NA
"269","sa3004378","Drew Waters",-2.88159514880359,-1.91177264652632,-2.77296906032742,-2.74145288146936,-0.15990858377696,-0.237358298956252,-10.521001696573,-10.471001696573,1,0,0,0,0,0,0,1,0,0,NA
"270","sa3004615","Jeter Downs",-2.88159514880359,-1.91177264652632,-2.72137235515405,-2.74908746958445,-0.245361847067555,-0.250033680575848,-10.3201013621887,-10.253434695522,1,1,0,0,0,0,0,0,0,0,NA
"271","sa3005720","Julio Rodríguez",-1.00159751839148,-0.816426165924081,-1.01868108443284,-0.900158159997162,0.744729168940732,0.256566579624784,-3.70033787002459,-3.63367120335793,1,0,0,1,0,0,0,0,0,0,285
"272","sa3006892","Alek Thomas",-1.36715261319384,-1.30324682396952,-1.53464813616654,-1.35249472058449,0.296932119959277,-0.188388529521197,-4.92749119537306,-4.8608245287064,1,0,1,0,0,0,0,0,0,0,NA
"273","sa3007634","Triston Casas",-1.8893741771972,-1.30324682396952,-1.79263166203339,-1.80555542415692,-0.191789451807584,-0.0775775673019285,-8.7299480011788,-8.64661466784546,1,0,0,0,1,0,0,0,0,0,NA
"274","sa3007876","Brennen Davis",-1.8893741771972,-1.30324682396952,-1.89582507238013,-1.91682606149929,-0.440871692182568,-0.252881189452694,-7.17751750857816,-7.11085084191149,1,0,1,0,0,0,0,0,0,0,NA
"275","sa3010152","CJ Abrams",-2.30715142839989,-1.79006748201496,-2.30859871376709,-2.3440563324125,-0.387830028590039,-0.777361248813003,-9.47594344847438,-9.40927678180771,1,1,0,0,0,0,0,0,0,0,NA
"276","sa3010694","Riley Greene",-0.322709485187114,-0.451310672390002,-0.399520622352402,-0.325075291160222,-0.0109272863768002,-0.301188450243492,-1.28922429960679,-1.22255763294012,1,0,1,0,0,0,0,0,0,0,305
"277","sa3011225","Bobby Witt Jr.",0.512845017218265,0.400625479189514,0.684010186288368,0.365590295612372,-0.0534150726987124,-0.184550233016188,2.16422745811672,2.23089412478339,1,1,0,0,0,0,0,0,0,0,158
"278","sa3011468","Josh Jung",-2.77715083600292,-1.79006748201496,-2.56658223963394,-2.58461670207002,-0.0971565558728496,-0.164797293148747,-9.53755053355584,-9.33755053355584,1,0,0,0,0,0,1,0,0,0,NA
"279","sa3011643","Adley Rutschman",-0.897153205590812,-0.573015836901362,-0.760697558565993,-0.641733660266866,-0.156353228088342,-0.0651241238742041,-0.129572311604965,-0.0795723116049645,1,0,0,0,0,1,0,0,0,0,261
"280","sa876320","Jeremy Peña",-0.531598110788459,-0.207900343367283,-0.502714032699142,-0.587966917405194,-0.58309234894192,-0.919163884948589,-2.89331385262748,-2.82664718596082,1,1,0,0,0,0,0,0,0,0,NA
"281","sa917952","Jose Miranda",-1.36715261319384,-0.93813133043544,-1.22506790512632,-1.18407189497518,0.657083864923131,0.0664089670891264,-3.54811033653093,-3.34811033653093,1,0,0,0,0,0,1,0,0,0,NA
