"","Name","playerid","R","HR","RBI","RC","wba","wops","pr"
"1","Bo Bichette","19612",2.34062049123003,1.25256163076903,1.71594428975577,1.84732550359824,2.12360666974767,1.91309458904169,8.97275316547432
"2","Pete Alonso","19251",1.55728814522499,2.8347287694167,2.54149157252969,2.27666790769835,1.27532629051015,1.86960847195379,8.75596065298872
"3","Teoscar Hernández","13066",1.50506598882465,2.10449778234855,2.12871793114273,1.44227384612923,1.31632360684203,1.51364504991748,8.48192169469512
"4","George Springer","12856",1.97506539642768,2.22620294685991,1.45796076388892,1.86721436559673,0.972199414928919,1.45949850121336,8.19062994637016
"5","Nick Castellanos","11737",1.76617677082633,1.86108745332583,1.97392781562262,1.92236895867039,1.71255712901171,1.80732410861987,7.61009580658912
"6","Luis Robert","20043",1.45284383242432,1.49597195979175,1.50955746906229,1.6760331089571,1.64113632156406,1.62183259849782,7.37986384775198
"7","Austin Riley","18360",1.24395520682297,1.61767712430311,1.81913770010251,1.57632855859057,1.3356350840331,1.44904916725292,7.42590315241011
"8","Bryan Reynolds","19326",1.34839951962364,1.00915130174631,1.40636405871555,2.14488350841737,1.61406859533723,1.71123245571495,7.21658799700969
"9","Paul Goldschmidt","9218",1.87062108362701,1.61767712430311,1.61275087940903,2.1476039509333,1.67551708259604,1.83136813161168,7.15638774813521
"10","Brandon Lowe","18882",1.66173245802566,2.10449778234855,1.76754099492914,1.61650795603334,0.848574302746702,1.34776451201614,7.10924804373663
"11","Kyle Tucker","18345",1.45284383242432,1.86108745332583,1.97392781562262,1.9412989813239,1.48290884123456,1.71260459047743,6.99132508492101
"12","Kris Bryant","15429",1.60951030162533,1.13085646625767,1.30317064836881,1.85869890681678,1.20596326341893,1.44429946999817,7.74056321264282
"14","Eloy Jiménez","17484",0.773955799219946,1.73938228881447,1.81913770010251,1.32779071905634,1.30122266484179,1.36266800651325,6.62888800137211
"16","Kyle Schwarber","16478",1.45284383242432,2.34790811137127,1.40636405871555,1.53876711321752,0.412166576387712,1.12005347074078,6.58283398568094
"17","José Abreu","15676",1.40062167602398,1.61767712430311,2.28350804666284,1.69721421649818,1.45815216063878,1.59527651340239,6.45329923318433
"18","J.T. Realmuto","11739",0.930622268420955,0.644035808212233,1.04518712250196,0.880941697367204,0.922749370056032,0.938002852407722,6.42786247032872
"19","Will Smith","19197",0.72173364281961,1.37426679528039,1.25157394319544,1.16685607858737,0.152886251478018,0.574788225895828,6.30842828861927
"20","Jose Altuve","5417",1.97506539642768,1.00915130174631,0.993590417328588,1.49360015502953,1.55318995494634,1.4622638805039,6.24949114361946
"21","Ryan Mountcastle","18373",0.982844424821291,1.61767712430311,1.50955746906229,1.13713682161305,1.26978611262747,1.32692917339198,6.73199528197631
"22","Joey Gallo","14128",1.45284383242432,2.59131844039398,1.6643475845824,1.31214507225123,-0.141724579243546,0.91429658566514,6.26462442556399
"23","Ketel Marte","13613",1.24395520682297,0.644035808212233,1.09678382767533,1.72877672640193,1.78239502849288,1.58109075093488,6.24285923932821
"24","Carlos Correa","14162",1.40062167602398,1.00915130174631,1.45796076388892,1.60794081825399,1.32696074837679,1.37115413227507,5.95338943189694
"25","Jorge Polanco","13152",1.60951030162533,1.00915130174631,1.25157394319544,1.26773170091109,1.51266751100441,1.43775544266941,6.03465685915054
"28","Tim Anderson","15172",2.02728755282802,0.400625479189514,0.632413481114998,1.22530384560539,2.17141049033541,1.55660342286597,5.79324426327118
"29","Francisco Lindor","12916",1.55728814522499,1.13085646625767,1.25157394319544,1.28751171172642,1.2378746880232,1.367417703768,5.6121226495276
"30","Giancarlo Stanton","4949",0.982844424821291,2.10449778234855,1.97392781562262,1.57895964141827,0.889381670122599,1.26663968290506,5.5795712544174
"31","Ronald Acuña Jr.","18401",1.97506539642768,1.98279261783719,1.1483805328487,1.82802965000461,0.645803792240403,1.14000219921072,5.28672775908165
"32","Corey Seager","13624",1.08728873762196,0.887446137234952,1.35476735354218,1.58825083736949,1.22875713813626,1.23329680817673,5.15940700341347
"33","Jonathan India","21523",1.92284324002734,0.644035808212233,0.787203596635108,1.59850194686859,1.10453052092678,1.30244184532306,5.12218699563023
"35","Rhys Hoskins","16472",1.40062167602398,2.22620294685991,1.6643475845824,1.66624396567717,0.396400813041555,1.16425731985829,4.91892380169834
"36","Tyler O'Neill","15711",1.08728873762196,1.73938228881447,1.30317064836881,0.9299855077089,0.597620073740701,0.906084886855822,4.86826296593446
"37","Josh Bell","13145",1.1395108940223,1.49597195979175,1.81913770010251,1.63276535223846,1.06369149539156,1.31178291659073,4.86370981379235
"38","Matt Chapman","16505",1.1395108940223,1.73938228881447,1.30317064836881,0.953370928729326,0.403238975456756,0.95182974886043,4.87462379555702
"39","Austin Meadows","15672",0.930622268420955,1.25256163076903,1.61275087940903,0.939985045277402,0.700983963951954,0.990101753850901,4.9650696978364
"40","Mitch Haniger","14274",1.45284383242432,1.61767712430311,1.40636405871555,1.21350430849298,0.97033158352847,1.23509113825075,4.6791322828942
"43","Dansby Swanson","18314",1.08728873762196,1.00915130174631,1.1483805328487,0.94472057873339,1.14812380632369,1.19386376607955,4.31112871468548
"44","Christian Yelich","11477",1.40062167602398,0.644035808212233,0.787203596635108,1.3572492805721,0.794217243177722,1.00171212491806,4.28977055236299
"46","Randy Arozarena","19290",1.29617736322331,0.765740972723593,0.787203596635108,1.04468891945282,0.963746686387906,1.06253991442719,4.39149494234039
"47","Javier Báez","12979",1.08728873762196,1.25256163076903,1.35476735354218,0.619714999882662,1.06527440335804,1.05767411346177,4.38354789663419
"49","Yasmani Grandal","11368",0.565067173618601,1.00915130174631,0.787203596635108,0.816720967666847,-0.314546471024012,0.269139930111467,4.19905985011694
"50","Ryan McMahon","15112",0.878400112020619,1.00915130174631,1.25157394319544,0.944943020400002,0.791874539387329,0.954130713308285,4.51419394136291
"51","Marcell Ozuna","10324",0.669511486419274,1.25256163076903,1.30317064836881,0.992670593551861,0.703105060627039,0.84566873777544,4.07141898033525
"52","Max Muncy","13301",1.1395108940223,1.61767712430311,1.35476735354218,1.26519381042865,0.131010463381242,0.710566238084861,4.16468925473279
"53","Jared Walsh","18607",0.982844424821291,1.49597195979175,1.76754099492914,1.22196418304959,0.964063267981203,1.16154471498169,3.9947790412097
"54","Dylan Carlson","20126",1.08728873762196,0.522330643700874,0.787203596635108,1.19293418435945,1.19887183572909,1.23235742360857,4.18680831244304
"55","Cedric Mullins","17929",1.34839951962364,0.765740972723593,0.219639839728038,1.04674500961151,1.3014442719571,1.28143762857429,3.94589579967282
"56","Willson Contreras","11609",0.512845017218265,0.644035808212233,0.529220070768258,0.524404090426442,0.162763597188863,0.396621804428875,3.83621373960555
"57","Willy Adames","15986",1.08728873762196,1.13085646625767,0.838800301808478,0.987484032921556,0.929302609037266,1.07360143158935,3.82693357056817
"58","Alex Verdugo","17027",1.34839951962364,-0.207900343367283,0.426026660421518,1.17599444920998,1.59444053655285,1.18443825574957,4.35946323434741
"59","Justin Turner","5235",0.930622268420955,0.644035808212233,1.09678382767533,1.1583612605409,0.849492389367262,0.844127724888345,3.90754359040995
"60","Yoán Moncada","17232",1.19173305042264,0.278920314678155,0.632413481114998,1.18033615840438,1.04627950776026,1.07303146791878,3.78683429160414
"61","Byron Buxton","14161",1.19173305042264,1.49597195979175,0.787203596635108,0.801063254323144,0.574572933748729,0.807628940206312,3.64066229258232
"63","Cody Bellinger","15998",0.982844424821291,1.25256163076903,1.19997723802207,0.868972245241235,0.481751210594245,0.832422359876091,3.6010176667786
"64","Joey Votto","4314",1.03506658122163,1.49597195979175,1.35476735354218,1.49618045326851,0.670972028907461,1.09679050907531,3.55059838146188
"66","C.J. Cron","12546",0.669511486419274,1.49597195979175,1.56115417423566,1.39888446875343,0.755879212229537,1.03072749770317,3.31297829478786
"67","Whit Merrifield","11281",1.45284383242432,-0.573015836901362,0.374429955248148,0.90692945571512,1.99798709352768,1.34081939914142,3.41262393679243
"69","Jeimer Candelario","13621",0.669511486419274,0.400625479189514,0.684010186288368,1.0859700187811,0.995468162036199,1.06173774333527,3.28144338735465
"70","Franmil Reyes","14566",0.878400112020619,2.22620294685991,2.07712122596936,1.34691733110799,0.913156947779153,1.28028714635036,3.13949510791049
"71","Josh Donaldson","5038",0.826177955620282,1.37426679528039,0.787203596635108,1.0306390131239,0.152126455654107,0.614685682835702,3.53588647712109
"72","Jake Cronenworth","18036",1.1395108940223,0.0355099856554356,0.632413481114998,1.10134704834313,1.2495248906565,1.0956189170858,3.51685854154339
"74","Lourdes Gurriel Jr.","19238",0.460622860817929,0.765740972723593,1.04518712250196,0.616452465698953,0.935729215381181,0.801317120298893,2.9297805802463
"75","Eduardo Escobar","6153",0.512845017218265,0.887446137234952,1.1483805328487,0.541739137283735,0.758348548657248,0.824569527081576,3.3574492116294
"76","Starling Marte","9241",1.45284383242432,-0.0861951788559239,0.374429955248148,0.882641596593923,1.32474467722371,1.00893166474528,2.93988510483409
"77","Jonathan Schoop","11265",0.669511486419274,0.644035808212233,0.890397006981848,0.695410566760683,1.22198229203972,0.976401515991653,3.04370204737586
"78","Adam Duvall","10950",0.408400704417593,1.86108745332583,1.40636405871555,0.309348380071808,0.0648765685416389,0.501115144033309,3.38925646526285
"79","Trey Mancini","15149",0.930622268420955,0.887446137234952,0.993590417328588,1.18859474822693,1.22115917989715,1.20770121741504,3.063296797512
"80","Hunter Renfroe","15464",0.878400112020619,1.86108745332583,1.45796076388892,0.716551289647483,0.418814789846935,0.800947699401301,2.70041567864344
"81","Ty France","17982",0.669511486419274,0.278920314678155,0.787203596635108,1.04491217404885,1.1203596005916,0.949064369569888,3.16260157957999
"84","Jorge Soler","14221",0.72173364281961,1.61767712430311,1.19997723802207,1.04336258948752,0.447623714836901,0.910380724150671,2.7240752707989
"88","Enrique Hernández","10472",0.982844424821291,0.644035808212233,0.580816775941628,0.768395225375786,0.646753537020292,0.801823754672732,2.59049141683194
"89","Ian Happ","17919",0.565067173618601,1.13085646625767,0.735606891461738,0.715470768793071,0.266855625064696,0.639004132780006,2.59092521413291
"91","Ke'Bryan Hayes","18577",0.930622268420955,-0.207900343367283,0.322833250074778,0.793182587977638,1.2064697939682,0.98663975229633,2.41596762067555
"93","Miguel Sanó","12164",0.878400112020619,1.98279261783719,1.30317064836881,0.756150794767203,0.145794823788181,0.765472738349736,2.23263123078678
"98","Austin Hays","19363",0.617289330018938,0.522330643700874,0.632413481114998,0.416514815124192,0.775792194447876,0.689034277196674,2.12477223109401
"99","Michael Conforto","16376",0.826177955620282,0.765740972723593,0.993590417328588,1.18956179265095,0.645613843284425,0.889028196269886,1.87636674839008
"100","Andrew Benintendi","17901",0.460622860817929,0.0355099856554356,0.684010186288368,0.668256066747594,0.87374253941376,0.732003205027952,1.75887566677483
"101","DJ LeMahieu","9874",0.982844424821291,-0.573015836901362,0.116446429381298,0.737542499885346,1.3396873284273,0.831271877652163,2.56889703457096
"103","Max Kepler","12144",0.773955799219946,0.887446137234952,0.580816775941628,0.583578913257946,0.234912542301097,0.599233334433592,1.82576539317714
"104","Anthony Rizzo","3473",0.878400112020619,0.887446137234952,0.838800301808478,1.07700019427803,0.638680706391236,0.857395212553272,1.57857215994163
"105","Trent Grisham","18564",0.982844424821291,0.278920314678155,0.426026660421518,0.653615851396822,0.536266560959873,0.683735726036934,1.54389809576924
"106","Chris Taylor","13757",0.878400112020619,0.157215150166795,0.632413481114998,0.569707380623787,0.438062950719352,0.527460131472972,2.50799002894232
"107","Gleyber Torres","16997",0.460622860817929,0.400625479189514,0.580816775941628,0.670022948487637,0.85563407227721,0.753250184080853,1.50057231212666
"109","Mike Yastrzemski","14854",0.669511486419274,0.765740972723593,0.632413481114998,0.579058939549693,0.266412410834082,0.56562658763556,1.64458576906518
"110","Jean Segura","5933",0.878400112020619,-0.329605507878643,0.271236544901408,0.685840653756906,1.28631167179754,0.838871393259759,1.39368490549469
"111","Avisaíl García","5760",0.565067173618601,0.765740972723593,0.941993712155218,0.738584840284959,0.946872887465212,0.847948592457719,1.37286174921766
"112","Tyler Stephenson","17988",0.0428456096152393,-0.329605507878643,-0.0383436861388122,0.254568470731265,0.227884430929919,0.0997762808899793,1.5067822828449
"113","Mark Canha","11445",0.982844424821291,0.157215150166795,0.322833250074778,0.693120889941269,0.27432695066649,0.51800295649463,1.78640777832238
"118","Brendan Rodgers","17907",0.408400704417593,0.157215150166795,0.477623365594888,0.622251916163479,0.963904977184555,0.709394646095357,1.28505741762122
"120","Adolis García","19287",0.460622860817929,1.00915130174631,0.838800301808478,-0.0528233786246898,0.376234565548579,0.467445067938546,1.26525261002313
"121","Bobby Witt Jr.","sa3011225",0.512845017218265,0.400625479189514,0.684010186288368,0.365590295612372,0.671415243138076,0.638676931413568,1.05276314419205
"124","Tommy Edman","19470",1.08728873762196,-0.573015836901362,0.0132530190345578,0.452611796809435,1.34234661381099,0.871000456467425,1.10611482448011
"125","Akil Baddoo","22168",0.773955799219946,0.157215150166795,0.219639839728038,0.399544886829812,0.520754062888353,0.593787014914816,1.20296090990489
"126","Eddie Rosario","12155",0.147289922415912,0.644035808212233,0.838800301808478,0.194944433135455,0.455981468899924,0.378657393923143,0.964440151218941
"128","Daulton Varsho","19918",0.0428456096152393,0.0355099856554356,0.0132530190345578,-0.0659526654719075,-0.145555216522431,-0.0682680079829678,1.09482274235721
"129","Jesús Sánchez","19913",0.0428456096152393,0.644035808212233,0.632413481114998,0.405137056251406,0.397857088370718,0.466685116377787,1.06037164943284
"132","Jazz Chisholm Jr.","20454",0.930622268420955,0.522330643700874,0.271236544901408,0.227198645162458,0.494794372238054,0.56335728783607,0.95580642025837
"134","Eugenio Suárez","12552",0.199512078816248,1.37426679528039,0.787203596635108,0.160066178493973,-0.237458853056356,0.223310629044553,1.22435406985218
"135","Amed Rosario","15518",0.72173364281961,-0.573015836901362,0.116446429381298,0.449168407879314,1.3687495186919,0.817497755613397,0.680179908816043
"136","Luis Urías","16622",0.512845017218265,0.157215150166795,0.374429955248148,0.504947003349173,0.377342601125116,0.456467989838687,1.51736802825111
"138","Charlie Blackmon","7859",0.826177955620282,-0.0861951788559239,0.684010186288368,0.87686060088672,0.937502072303641,0.751561402834721,0.556570609590165
"139","Nathaniel Lowe","19566",0.669511486419274,0.278920314678155,0.735606891461738,0.911647947990196,0.767371124066193,0.798446192180467,0.562353452451064
"140","Nelson Cruz","2434",0.617289330018938,1.49597195979175,1.40636405871555,1.01260076416035,0.607370786814229,0.834037256942705,0.39104355426661
"141","Mike Moustakas","4892",-0.00937654678509686,0.887446137234952,0.684010186288368,0.233449367536571,0.0454384587132437,0.262173707471171,0.487261621764137
"146","Brandon Belt","10264",0.669511486419274,1.13085646625767,0.632413481114998,0.828831158859339,0.0617107526086753,0.495373287796459,0.219546128711458
"147","Robbie Grossman","5254",0.669511486419274,-0.0861951788559239,-0.0383436861388122,0.488221460067297,0.350623114650905,0.483404050714496,0.338618736347698
"150","Brandon Crawford","5343",0.356178548017257,0.0355099856554356,0.580816775941628,0.391477815293707,0.481497945319608,0.441585605107146,0.0666666666666667
"152","J.P. Crawford","15491",0.826177955620282,-0.816426165924081,-0.0899403913121822,0.41846846371412,1.13764495558558,0.740362672196306,-0.00411251878809014
"153","Anthony Santander","14551",0.251734235216584,1.00915130174631,0.735606891461738,0.339552034929304,0.504924983223536,0.571284004810103,0.1955736885666
"154","Mitch Garver","15161",-0.322709485187114,0.522330643700874,-0.0899403913121822,-0.201038663097078,-0.66750328939009,-0.36413192742255,-0.0566697613455245
"155","César Hernández","10556",0.72173364281961,-0.329605507878643,-0.0383436861388122,0.410532793676051,0.832713564922556,0.582577729393613,-0.0577614255685169
"156","Randal Grichuk","10243",0.0950677660155756,0.765740972723593,0.632413481114998,-0.0250533791930833,0.18979966525637,0.253191502218306,0.076981898923735
"159","Bobby Dalbec","19966",0.147289922415912,1.49597195979175,0.941993712155218,0.48134275122139,-0.10857848642542,0.385444183556037,-0.255686461630073
"161","Michael Brantley","4106",0.30395639161692,-0.694721001412721,-0.0899403913121822,0.503323238172004,0.889603277237906,0.456594648432147,-0.0931196811087983
"162","Jarred Kelenic","22558",0.30395639161692,0.522330643700874,0.477623365594888,0.0350938709335577,0.0946352383114938,0.272918578149688,-0.310953354237935
"163","Yuli Gurriel","19198",0.460622860817929,-0.207900343367283,0.632413481114998,0.631323894222011,1.02551175524002,0.667375657715028,-0.389803198602255
"164","Keibert Ruiz","19610",-0.636042423589131,-0.0861951788559239,-0.141537096485552,-0.212851760812741,-0.146821542895616,-0.252651255412245,-0.409775906688594
"165","Ramón Laureano","17128",0.356178548017257,0.400625479189514,0.116446429381298,0.251666434420262,0.196827776627549,0.28110916719343,-0.414657607716048
"166","Kolten Wong","12532",0.773955799219946,-0.573015836901362,-0.141537096485552,0.41764318400239,0.784466530104196,0.520113933052296,-0.455743449370978
"168","AJ Pollock","9256",-0.113820859585769,0.522330643700874,0.477623365594888,0.150994844697653,0.0104245344946703,0.0532925770901886,-0.594424071183701
"169","Jo Adell","20220",0.0428456096152393,0.278920314678155,0.426026660421518,-0.0936769870565073,0.17514193748675,0.179887841253378,-0.686123800777672
"170","Andrew McCutchen","9847",0.199512078816248,0.400625479189514,0.219639839728038,0.270042482360006,-0.183450033240002,0.0939499855908228,-0.694949344731578
"171","Tyler Naquin","13359",-0.0615987031854331,0.157215150166795,0.374429955248148,0.0697448583994614,0.269989782838331,0.173069386972118,-0.179085413403451
"173","Harrison Bader","18030",0.251734235216584,0.278920314678155,0.0648497242079278,0.162715110506688,0.21826035049371,0.281425813677079,-0.759605893765212
"176","David Peralta","2136",-0.113820859585769,-0.573015836901362,0.271236544901408,0.270514985686942,0.64517062905381,0.362212886538931,-0.832970827482245
"177","Gary Sánchez","11442",-0.427153797987787,0.644035808212233,0.0132530190345578,-0.54939623875821,-1.03948666151328,-0.591695200338871,-0.884119719988738
"178","Brandon Nimmo","12927",0.669511486419274,-0.451310672390002,-0.451117327525772,0.701158068343348,0.24241552606222,0.339097693232496,-0.967756668403794
"179","Tommy Pham","2967",0.356178548017257,-0.0861951788559239,-0.193133801658922,0.302868446390492,0.130092376760682,0.198992179100249,-0.986466607422371
"180","Jeff McNeil","15362",0.0428456096152393,-0.573015836901362,-0.0899403913121822,0.324493078949378,0.641434966252914,0.319064525700252,-0.863720558205299
"182","Jesús Aguilar","11342",-0.00937654678509686,0.522330643700874,0.941993712155218,0.389636722032741,0.283476158712754,0.321692691514545,-1.14939712301392
"183","Sean Murphy","19352",-0.636042423589131,0.157215150166795,-0.244730506832292,-0.404107542298806,-0.681496195813787,-0.439134924516399,-1.18197309152101
"184","Patrick Wisdom","13602",-0.113820859585769,1.00915130174631,0.374429955248148,-0.303401855341503,-0.500918054997561,-0.147883488855316,-1.29832269048076
"186","Ben Gamel","12160",0.0428456096152393,-0.451310672390002,-0.296327212005662,0.264775026045188,0.303579089887071,0.308256325725005,-1.29011767696603
"187","Christian Vázquez","9774",-0.531598110788459,-0.816426165924081,-0.451117327525772,-0.545018559751166,0.0251455785829493,-0.296939543592064,-1.54963077763598
"188","Luke Voit","14811",0.0950677660155756,0.887446137234952,0.632413481114998,0.376043675068254,-0.106963920299609,0.169164080340438,-1.54597928487035
"191","Adam Frazier","15223",0.512845017218265,-1.18154165945816,-0.451117327525772,0.187989622418092,1.04684935462819,0.515680882281199,-1.60666407280108
"192","Mike Zunino","13265",-0.636042423589131,0.765740972723593,-0.0899403913121822,-0.819848026231515,-1.22373714881174,-0.765850766346259,-1.70335443220462
"193","Wil Myers","10047",0.147289922415912,0.278920314678155,0.477623365594888,0.218814006812127,0.219843258460192,0.337461686400305,-1.75339387512607
"194","Alex Kirilloff","20325",-0.113820859585769,0.278920314678155,0.374429955248148,0.271090164136645,0.503342075257055,0.365801546686962,-1.57024989973312
"195","David Fletcher","17992",0.356178548017257,-1.54665715299224,-0.502714032699142,0.0865887379228602,1.45565116605174,0.601038219390396,-1.60364785631057
"197","Omar Narváez","13338",-0.583820267188795,-0.573015836901362,-0.502714032699142,-0.418954709529198,-0.357696542190302,-0.463263386570513,-1.8331414237167
"198","Josh Rojas","19734",0.565067173618601,-0.694721001412721,-0.347923917179032,0.11622084995779,0.442178511432204,0.289067548815828,-1.41717751010211
"202","Carson Kelly","13620",-0.740486736389804,-0.207900343367283,-0.347923917179032,-0.476822696292837,-0.682889154824291,-0.576833925372907,-1.96653342206354
"203","Travis d'Arnaud","7739",-0.79270889279014,-0.329605507878643,-0.296327212005662,-0.609406772729551,-0.512631573949525,-0.593827286662113,-2.06818389465302
"204","Elias Díaz","11680",-0.688264579989468,-0.329605507878643,-0.502714032699142,-0.569791597478622,-0.492940198846493,-0.586291100351247,-2.103283665881
"205","Yandy Díaz","16578",-0.113820859585769,-0.573015836901362,-0.141537096485552,0.221944890479675,0.19847400091269,0.0456508419514402,-1.64485041499062
"206","Hunter Dozier","15117",-0.166043015986105,0.0355099856554356,-0.141537096485552,-0.0733757788137998,-0.0785665513809285,0.0324889031143969,-1.70740324259163
"207","Adalberto Mondesi","13769",0.251734235216584,-0.0861951788559239,-0.141537096485552,-0.495228740723293,0.0955216667727233,-0.0269667516322465,-2.01855155440278
"208","Alec Bohm","21618",-0.113820859585769,-0.451310672390002,-0.0383436861388122,-0.086260262417748,0.269894808360342,0.00927871586286723,-2.0264416450042
"211","Joc Pederson","11899",-0.166043015986105,0.278920314678155,-0.0383436861388122,-0.173143327786308,-0.406196842283299,-0.192393429573689,-1.85913583093293
"213","Myles Straw","17620",0.773955799219946,-1.54665715299224,-0.760697558565993,-0.00788265967019196,0.838981880469823,0.290186366391391,-2.42962476769262
"214","Christian Walker","13419",0.147289922415912,0.0355099856554356,0.322833250074778,0.165274348324641,0.235830628921656,0.231100132542338,-2.4613122364102
"215","Miguel Rojas","7802",0.199512078816248,-1.0598364949468,-0.399520622352402,-0.0128817674689933,0.757557094674008,0.270754827178081,-2.46481489276797
"216","Paul DeJong","18015",-0.166043015986105,0.400625479189514,0.116446429381298,-0.232381657960312,-0.283489816721642,-0.112841277998072,-2.49808386876343
"217","José Iglesias","10231",-0.166043015986105,-1.0598364949468,-0.141537096485552,0.0343786112904867,0.819923668553384,0.224577214979152,-2.50893712126355
"218","Oneil Cruz","21711",-0.113820859585769,-0.0861951788559239,-0.0383436861388122,-0.146283721264863,0.0420826938243032,-0.0180584305588989,-2.58101919124808
"219","Eric Hosmer","3516",-0.166043015986105,-0.207900343367283,0.322833250074778,0.121896086790745,0.545700692440104,0.274449036153995,-2.70821479823873
"220","Evan Longoria","9368",-0.270487328786778,0.0355099856554356,0.0132530190345578,-0.24945187182031,-0.253984412226424,-0.248545406007586,-2.58958570284618
"221","Alejandro Kirk","22581",-0.897153205590812,-0.329605507878643,-0.502714032699142,-0.497575803525684,-0.805786129341926,-0.773967471210482,-2.74047879888407
"223","Kyle Lewis","19508",-0.270487328786778,0.278920314678155,-0.193133801658922,-0.164368519874816,-0.236635740913786,-0.141803876369239,-2.74502039547074
"224","Carlos Santana","2396",0.0428456096152393,0.157215150166795,0.219639839728038,0.248909512336385,-0.0158833959082548,0.175402016068339,-2.77102177233842
"225","Brian Anderson","18289",-0.427153797987787,-0.207900343367283,-0.0899403913121822,-0.109964309932909,-0.143529094325335,-0.129623541631511,-2.72399116725208
"226","Yadier Molina","7007",-1.00159751839148,-0.816426165924081,-0.399520622352402,-0.863241344317525,-0.298812365837185,-0.633281438524877,-2.94655610398494
"227","James McCann","12859",-0.949375361991149,-0.451310672390002,-0.554310737872513,-0.815264012822266,-0.58126646337617,-0.68113727708715,-2.96634117417663
"229","Max Stassi","10059",-0.740486736389804,-0.207900343367283,-0.657504148219253,-0.793495465143469,-0.960531212145172,-0.837982835321683,-3.13157738922405
"230","Isiah Kiner-Falefa","16512",-0.00937654678509686,-1.18154165945816,-0.605907443045883,-0.205348292692744,0.850885348377765,0.206253938458618,-3.16543466381361
"231","Dominic Smith","15653",-0.583820267188795,-0.0861951788559239,0.0132530190345578,-0.258350748818174,-0.266172803568333,-0.300401545146634,-3.17695670171951
"232","Luis Arraez","18568",-0.113820859585769,-1.54665715299224,-0.760697558565993,0.0693931572660042,0.688542307335407,0.0463052446843166,-2.42887070570114
"235","Jacob Stallings","13723",-1.00159751839148,-0.93813133043544,-0.709100853392623,-0.697387186183795,-0.484392495827493,-0.63717619027377,-3.40146222314199
"236","Adley Rutschman","sa3011643",-0.897153205590812,-0.573015836901362,-0.760697558565993,-0.641733660266866,-0.814587097635564,-0.788269337388665,-3.40913334498665
"237","Raimel Tapia","14350",0.0950677660155756,-1.42495198848088,-0.709100853392623,-0.25557874835025,0.489729066745313,-0.0502719328288718,-3.55037586746794
"238","LaMonte Wade Jr.","18126",-0.218265172386442,-0.207900343367283,-0.399520622352402,-0.274261146470129,-0.461408672154179,-0.336203707564638,-3.10949550813794
"239","Nick Ahmed","12147",-0.218265172386442,-0.816426165924081,-0.193133801658922,-0.37824726523249,0.198790582505986,-0.0247291164811207,-3.65241094784518
"240","Odúbel Herrera","11476",-0.427153797987787,-0.451310672390002,-0.399520622352402,-0.349604007436585,-0.0853097393181397,-0.259638587818117,-3.4344732711459
"241","Danny Jansen","16535",-0.79270889279014,-0.207900343367283,-0.709100853392623,-0.873466422802981,-1.20163975359966,-1.02028677084166,-3.73877968543173
"242","Joey Wendle","13853",-0.0615987031854331,-0.93813133043544,-0.554310737872513,-0.435408494379601,0.162383699276908,-0.150121124006441,-3.25973304596426
"243","Wilmer Flores","5827",-0.531598110788459,-0.207900343367283,-0.296327212005662,-0.28255870029287,-0.302991242868696,-0.384650619563057,-2.8719059175811
"244","Connor Joe","16572",-0.427153797987787,-0.329605507878643,-0.296327212005662,-0.145531044977779,-0.46302323827999,-0.413465449575189,-3.77037542788125
"245","Cavan Biggio","19252",-0.113820859585769,-0.329605507878643,-0.399520622352402,-0.289240985425796,-0.549544987727877,-0.355297490528721,-3.65291014219428
"247","Nicky Lopez","19339",0.251734235216584,-1.6683623175036,-0.812294263739363,-0.212927144560322,0.718427609742581,0.110035626960233,-3.833786262552
"249","Gio Urshela","10681",-0.583820267188795,-0.451310672390002,-0.244730506832292,-0.426084143155475,-0.0938891004964703,-0.338874092910085,-3.42125513833486
"252","Riley Greene","sa3010694",-0.322709485187114,-0.451310672390002,-0.399520622352402,-0.325075291160222,-0.213272019328516,-0.278004083869805,-4.00740361683342
"253","Lane Thomas","16939",-0.166043015986105,-0.329605507878643,-0.296327212005662,-0.407646355779277,-0.447352449411822,-0.361039346765571,-4.02552533037244
"254","Ryan Jeffers","24618",-1.10604183119216,-0.207900343367283,-0.709100853392623,-0.996638318679661,-1.14953042334308,-0.972874237356496,-4.07576265596869
"255","Michael A. Taylor","11489",-0.37493164158745,-0.451310672390002,-0.347923917179032,-0.573337217386666,-0.0798012195947838,-0.235510125764003,-4.0803262364473
"257","Willie Calhoun","17838",-0.636042423589131,-0.207900343367283,-0.502714032699142,-0.434680762441578,-0.281716959799183,-0.361345438366432,-3.88633580410562
"261","Austin Nola","15941",-1.15826398759249,-0.93813133043544,-0.760697558565993,-0.805363354810316,-0.766340062817203,-0.90031997306954,-4.26279291592837
"262","Aaron Hicks","5297",-0.270487328786778,-0.0861951788559239,-0.347923917179032,-0.330833303186759,-0.744432616561098,-0.490452764633242,-4.28783655174819
"263","Eric Haase","14111",-1.10604183119216,-0.0861951788559239,-0.657504148219253,-1.17451457284229,-1.26356311324842,-1.10440918666462,-4.14257134632671
"264","Rafael Ortega","10323",-0.166043015986105,-0.573015836901362,-0.657504148219253,-0.435275775901186,-0.170945060304797,-0.292590931883273,-4.31288621174133
"265","Seth Brown","18171",-0.270487328786778,0.400625479189514,0.168043134554668,-0.51021047413441,-0.451151428531378,-0.265084907336894,-4.36161195453292
"267","Manuel Margot","14712",-0.37493164158745,-0.816426165924081,-0.502714032699142,-0.562242820396108,-0.176675187143461,-0.383362923862881,-3.978288615456
"268","Martín Maldonado","6887",-0.949375361991149,-0.573015836901362,-0.863890968912733,-1.13928246572438,-1.13496767005145,-0.985012352563072,-4.57922130478153
"269","Rowdy Tellez","15679",-0.479375954388123,0.278920314678155,0.0648497242079278,-0.1960885894786,-0.397585822945639,-0.2705945561524,-4.59902538842364
"270","Jeremy Peña","sa876320",-0.531598110788459,-0.207900343367283,-0.502714032699142,-0.587966917405194,-0.287890300868461,-0.362580359652666,-4.70105007344932
"271","Didi Gregorius","6012",-0.636042423589131,-0.329605507878643,-0.0383436861388122,-0.616130466997398,-0.407779750249781,-0.475475385956607,-4.72377722947849
"272","Kole Calhoun","11200",-0.270487328786778,0.278920314678155,-0.141537096485552,-0.340095337965051,-0.517633563123607,-0.318788150963899,-4.74296759213438
"273","Josh Harrison","8202",-0.636042423589131,-0.93813133043544,-0.605907443045883,-0.472150513518713,-0.0478897949905135,-0.374296279547708,-3.88635362897026
"274","Yan Gomes","9627",-1.15826398759249,-0.573015836901362,-0.863890968912733,-1.06929080313606,-1.07921765147197,-1.12779880692355,-4.80515470357555
"276","Jonathan Villar","10071",-0.37493164158745,-0.573015836901362,-0.812294263739363,-0.579886590950353,-0.306695247510263,-0.440127083498502,-4.36949701954903
"278","Nick Madrigal","20521",-0.427153797987787,-1.54665715299224,-0.812294263739363,-0.262691000343352,0.537058014943114,-0.12224567856247,-4.87135384104499
"279","Joey Bart","21524",-1.10604183119216,-0.93813133043544,-0.967084379259473,-1.15624172956075,-0.804456486650082,-1.00426445876898,-4.90989686450427
"280","Kyle Farmer","14813",-0.636042423589131,-0.573015836901362,-0.347923917179032,-0.543920197567845,-0.192820848401573,-0.406689214825083,-4.92081244713214
"281","Tony Kemp","14894",-0.270487328786778,-1.18154165945816,-0.967084379259473,-0.335123419498447,-0.175725442363572,-0.331643998200081,-4.79020873807605
"282","Jurickson Profar","10815",-0.37493164158745,-0.816426165924081,-0.657504148219253,-0.549902141399566,-0.411262147776041,-0.451906332690274,-3.95720175477287
"283","Tucker Barnhart","10200",-1.21048614399283,-1.0598364949468,-0.915487674086103,-1.07879271964657,-0.853210052017716,-0.950920081156777,-5.00240981448418
"284","Jake Fraley","19260",-0.479375954388123,-0.329605507878643,-0.451117327525772,-0.547232426329671,-0.839597043505974,-0.673432212651672,-5.01562964945606
"285","Kyle Higashioka","5517",-1.3149304567935,-0.207900343367283,-0.709100853392623,-1.33844127555935,-1.41976447138083,-1.27159853003171,-5.19541257916269
"290","Bobby Bradley","17278",-0.479375954388123,0.522330643700874,0.0648497242079278,-0.576238402527668,-0.855647730286098,-0.513377970049488,-5.43661019368753
"291","Lorenzo Cain","9077",-0.479375954388123,-1.0598364949468,-0.760697558565993,-0.51740874842278,-0.176801819780779,-0.453510674874099,-5.46514269352393
"294","Jorge Alfaro","12180",-1.36715261319384,-0.93813133043544,-0.967084379259473,-1.24233459069287,-0.95641565143232,-1.12045260850288,-5.34191448882087
"296","Tommy La Stella","12371",-0.531598110788459,-0.816426165924081,-0.709100853392623,-0.477446376633783,-0.337182054944699,-0.517642142695972,-5.62676566674251
"297","Miguel Cabrera","1744",-0.79270889279014,-0.451310672390002,-0.0383436861388122,-0.380588014665719,-0.0835368823956803,-0.291387675245404,-5.40369299463738
"298","Andrés Giménez","19950",-0.531598110788459,-0.573015836901362,-0.812294263739363,-0.674371028001297,-0.363458327188295,-0.488384007606731,-5.49685491622695
"300","Leury García","5913",-0.427153797987787,-1.30324682396952,-0.915487674086103,-0.747037307660047,-0.172306361155971,-0.572105337883737,-4.89927314658603
"301","Justin Upton","5222",-0.740486736389804,0.0355099856554356,-0.554310737872513,-0.861305251795003,-1.1194235138206,-0.899264484790707,-5.8345499161894
"302","Nick Senzel","19293",-0.531598110788459,-0.816426165924081,-0.812294263739363,-0.622407291357391,-0.437728368975614,-0.58797988159738,-5.82594552492764
"303","Gavin Lux","19955",-0.531598110788459,-0.694721001412721,-0.605907443045883,-0.617572049686365,-0.63989737445465,-0.693887575495449,-5.83731689688497
"305","Ji-Man Choi","5452",-0.531598110788459,-0.207900343367283,-0.193133801658922,-0.339803972802834,-0.683902215922839,-0.478504637316857,-6.03399358620215
"306","Luis García","20391",-0.688264579989468,-0.694721001412721,-0.760697558565993,-0.766770786736812,-0.345571467167052,-0.616446400477497,-6.10984175671243
"307","Brad Miller","12775",-0.479375954388123,0.157215150166795,-0.399520622352402,-0.489008087008017,-0.872521529208793,-0.623380958469427,-5.95660509741428
"309","Victor Robles","18363",-0.479375954388123,-0.93813133043544,-0.967084379259473,-0.733083854989338,-0.497878871701916,-0.573941887488905,-6.20700772080855
"311","Jed Lowrie","4418",-0.844931049190476,-0.694721001412721,-0.502714032699142,-0.650885223896907,-0.656549566262037,-0.690657781362221,-6.06116195051973
"313","Sam Hilliard","17954",-0.79270889279014,0.0355099856554356,-0.657504148219253,-0.913135822282274,-1.0908995122646,-0.885986442242992,-6.32223627468918
"314","Abraham Toro","19844",-0.79270889279014,-0.694721001412721,-0.709100853392623,-0.794722420197646,-0.79514898780717,-0.820440620127484,-5.92272246442286
"316","Rougned Odor","12282",-0.949375361991149,0.0355099856554356,-0.554310737872513,-1.03061941927992,-1.21303669095832,-0.975449628756848,-6.00316154189839
"317","Michael Chavis","17321",-0.79270889279014,-0.451310672390002,-0.605907443045883,-0.917031914369784,-0.762129527626363,-0.799753049862364,-6.56621146244743
"318","Garrett Hampson","19262",-0.479375954388123,-0.816426165924081,-1.17347119995295,-0.848825470963671,-0.563537894151575,-0.703091433286869,-6.4189062278793
"319","Luis Torrens","15905",-1.57604123879518,-0.816426165924081,-1.17347119995295,-1.34638063349573,-1.42850212335581,-1.41649596094986,-6.47432730444433
"321","Chad Pinder","15191",-0.688264579989468,-0.329605507878643,-0.451117327525772,-0.739012735104162,-0.551697742562292,-0.5623737359529,-6.75541805850088
"322","Kevin Kiermaier","11038",-0.583820267188795,-1.18154165945816,-0.812294263739363,-0.902673555085654,-0.557142945966989,-0.695280820023508,-6.75026495400782
"323","Darin Ruf","9929",-1.00159751839148,-0.329605507878643,-0.812294263739363,-0.73585488554674,-1.18011220525551,-1.02037120990397,-6.57510476789191
"328","Cristian Pache","19948",-0.844931049190476,-0.816426165924081,-0.915487674086103,-1.02989157131384,-0.566228837694594,-0.719293178366951,-6.9097699191214
"329","Clint Frazier","15983",-1.00159751839148,-0.451310672390002,-0.915487674086103,-0.835404535479658,-1.10533563291891,-0.964409221360259,-6.80214776513596
"330","Nick Solak","19294",-0.844931049190476,-0.816426165924081,-0.915487674086103,-0.793971614338108,-0.618053244517203,-0.794095632687821,-7.02033534310668
"331","Francisco Mejía","16403",-1.52381908239485,-1.0598364949468,-1.27666461029969,-1.38796181338292,-1.39532437237835,-1.44499414447834,-7.02227716651833
"332","Elvis Andrus","8709",-0.740486736389804,-1.30324682396952,-1.07027778960621,-0.921980546682709,-0.213905182515109,-0.615929211220868,-7.08622629905234
"334","Aristides Aquino","15482",-1.05381967479182,0.0355099856554356,-0.760697558565993,-1.05357605206106,-1.44268497873548,-1.15980121153776,-6.96367200054622
"335","Garrett Cooper","15279",-0.740486736389804,-0.573015836901362,-0.605907443045883,-0.542460217513354,-0.689537368283514,-0.730428579708635,-7.3151826113302
"336","Chas McCormick","19599",-0.897153205590812,-0.573015836901362,-0.812294263739363,-1.06947200933104,-1.14326210779581,-1.12779880692355,-6.78493207412481
"339","Carter Kieboom","19958",-0.949375361991149,-0.93813133043544,-1.01868108443284,-0.931964661287082,-1.01719931734521,-1.0403199383739,-7.5115513825607
"341","Edmundo Sosa","17022",-0.949375361991149,-1.0598364949468,-1.07027778960621,-0.886998940261247,-0.636794874840345,-0.869668593452239,-7.52668539709944
"343","Andrelton Simmons","10847",-1.00159751839148,-1.42495198848088,-1.12187449477958,-0.985520194498813,-0.254870840687654,-0.708727740695836,-7.71794278620236
"344","Kevin Pillar","12434",-1.10604183119216,-0.694721001412721,-0.915487674086103,-1.21636038290737,-1.04768612477965,-1.14345169809864,-7.28568455631952
"345","Robinson Canó","3269",-1.15826398759249,-0.816426165924081,-0.863890968912733,-0.950635456163366,-0.869039131682533,-1.01161065718965,-7.90723632982775
"346","Colin Moran","16909",-1.00159751839148,-0.451310672390002,-0.451117327525772,-0.760178395587498,-0.794325875664599,-0.842310337264897,-7.89999063116921
"347","J.D. Davis","16219",-1.21048614399283,-0.694721001412721,-1.12187449477958,-0.902988789823094,-1.14484501576229,-1.1239568295886,-7.8147519640542
"349","Corey Dickerson","10762",-1.21048614399283,-1.0598364949468,-1.17347119995295,-1.06400042484509,-0.865715024952921,-1.06005756918807,-8.12883603505488
"351","Aledmys Díaz","15937",-1.3149304567935,-0.816426165924081,-0.915487674086103,-1.13687112432056,-1.0746588765285,-1.1765834751712,-8.05083746151902
"352","Jose Barrero","23378",-1.10604183119216,-0.816426165924081,-0.967084379259473,-1.01802571450835,-1.00130692136174,-1.07232234298811,-8.20160736390202
"354","Nico Hoerner","21479",-1.10604183119216,-1.54665715299224,-1.22506790512632,-0.969901851727545,-0.619066305615751,-0.982162534210224,-8.68626754322713
"358","Jorge Mateo","17273",-1.15826398759249,-1.18154165945816,-1.27666461029969,-1.28398159938522,-0.888888797582213,-1.06004701430529,-8.86689911116842
"359","Jose Miranda","sa917952",-1.36715261319384,-0.93813133043544,-1.22506790512632,-1.18407189497518,-1.19670108074423,-1.31928549046937,-8.84629000363946
"361","Julio Rodríguez","sa3005720",-1.00159751839148,-0.816426165924081,-1.01868108443284,-0.900158159997162,-0.972561312690433,-1.06034255102336,-9.203113221947
"362","Brett Gardner","9927",-1.15826398759249,-1.0598364949468,-1.37985802064643,-1.22780390437755,-1.39868013726729,-1.34678096013296,-9.0331593488064
"363","Trevor Larnach","21501",-1.36715261319384,-0.93813133043544,-1.27666461029969,-1.29302753818935,-1.38899274051242,-1.38816665554599,-9.18073799868628
"366","Jarren Duran","24617",-1.10604183119216,-1.18154165945816,-1.4314547258198,-1.31577421096379,-1.2198431952142,-1.32690611584255,-9.59907318103601
"367","Santiago Espinal","19997",-1.26270830039317,-1.54665715299224,-1.4314547258198,-1.31965336545291,-1.00884156328219,-1.31977101507764,-9.50496581171302
"369","MJ Melendez","sa3004139",-1.8893741771972,-1.18154165945816,-1.63784154651328,-1.83314656361205,-2.14188708568975,-2.06091377470835,-9.67838145581618
"370","Keston Hiura","20003",-1.15826398759249,-0.451310672390002,-0.967084379259473,-1.16178800292624,-1.42780564385055,-1.26186692810088,-10.0272701184646
"371","Jackie Bradley Jr.","12984",-1.26270830039317,-1.0598364949468,-1.37985802064643,-1.46501159426716,-1.45636130356588,-1.43532587184424,-10.076613028209
"372","Alek Thomas","sa3006892",-1.36715261319384,-1.30324682396952,-1.53464813616654,-1.35249472058449,-1.39424799496114,-1.50101946231878,-10.4703211937397
"373","Jason Heyward","4940",-1.26270830039317,-1.0598364949468,-1.27666461029969,-1.19649379400317,-1.23412102507186,-1.2772137276751,-10.7403843818774
"374","Nick Pratto","sa3004138",-1.26270830039317,-0.694721001412721,-1.07027778960621,-1.24614270346593,-1.52246354024616,-1.38284699462068,-10.7783108340898
"375","Vidal Bruján","20536",-1.3149304567935,-1.42495198848088,-1.58624484133991,-1.51747345279232,-1.43382069412318,-1.55122903974285,-10.9160204356355
"377","Seth Beer","20493",-1.10604183119216,-0.694721001412721,-0.863890968912733,-0.912620623077524,-1.1165426213216,-1.08931570427731,-11.365723352371
"378","Tyler Wade","15730",-1.3149304567935,-1.6683623175036,-1.89582507238013,-1.81269789281084,-1.68316035700337,-1.79987041358746,-10.940726198774
"382","Dylan Moore","18042",-1.83715202079686,-1.18154165945816,-1.84422836720676,-1.9644663497422,-2.16639050101089,-2.07934260005677,-12.6017240087812
"383","Jace Peterson","12325",-1.78492986439653,-1.42495198848088,-1.79263166203339,-1.76181166906163,-1.9587129758085,-1.965392085474,-12.4758002076178
"384","Matt Beaty","17710",-1.94159633359754,-1.42495198848088,-1.79263166203339,-1.92478473466736,-2.11902989465376,-2.15212907176507,-12.5670595290409
"387","Brennen Davis","sa3007876",-1.8893741771972,-1.30324682396952,-1.89582507238013,-1.91682606149929,-2.20191095577874,-2.15050361981567,-13.3751981531859
"390","Triston Casas","sa3007634",-1.8893741771972,-1.30324682396952,-1.79263166203339,-1.80555542415692,-2.13257958684684,-2.09542824142618,-14.617966419975
"392","Albert Pujols","1177",-2.20270711559922,-1.0598364949468,-1.68943825168665,-2.01265577610503,-2.14939006945088,-2.16402442466751,-14.877202636801
"394","Christian Arroyo","16434",-2.20270711559922,-1.54665715299224,-2.10221189307361,-2.13582665022376,-2.36811629225931,-2.38959282473684,-14.9824818912479
"395","Orlando Arcia","13185",-2.35937358480023,-1.54665715299224,-2.25700200859372,-2.27565159901177,-2.49025347095304,-2.53109158339715,-15.1552985769243
"396","Miguel Andújar","15878",-2.41159574120056,-1.54665715299224,-2.25700200859372,-2.30157671140855,-2.54562359162056,-2.57521099345235,-15.3329353764442
"397","CJ Abrams","sa3010152",-2.30715142839989,-1.79006748201496,-2.30859871376709,-2.3440563324125,-2.48322535958186,-2.55317239819033,-16.0066717230347
"398","Josh Jung","sa3011468",-2.77715083600292,-1.79006748201496,-2.56658223963394,-2.58461670207002,-2.96335300397507,-2.96729322439032,-17.2649431767823
"399","Drew Waters","sa3004378",-2.88159514880359,-1.91177264652632,-2.77296906032742,-2.74145288146936,-3.10872727161674,-3.11648649260331,-18.228272678523
"400","Royce Lewis","sa3004259",-2.82937299240325,-1.91177264652632,-2.66977564998068,-2.69346016150505,-3.04455618265558,-3.05289332380365,-18.4222309655426
"401","Jeter Downs","sa3004615",-2.88159514880359,-1.91177264652632,-2.72137235515405,-2.74908746958445,-3.12648749900067,-3.11404831467921,-18.7247634424164
