,Unnamed: 0,Name,Team,playerid,IP,QS,SO,WHIP,ERA,SVHD,pr,rank,position,IDFANGRAPHS
1,23,José Berríos,TOR,14168,2.75545507890763,3.10302838887843,2.84228300205311,2.53574626096004,2.47688925758424,-0.674113734802185,13.0392882535813,3,SP,14168
2,17,Luis Castillo,CIN,15689,2.66984419250671,3.10302838887843,2.77876508547468,2.74271719909437,2.36709070267152,-0.674113734802185,12.9873318338235,4,SP,15689
3,2,Zack Wheeler,PHI,10310,2.88387140850901,3.33385334938826,2.99049147406946,2.35458217296715,2.09831460785452,-0.674113734802185,12.9869992779862,5,SP,10310
4,29,Robbie Ray,SEA,11486,2.54142786290533,3.10302838887843,3.60449800099431,2.2047303964792,2.0501192025628,-0.674113734802185,12.8296901170179,6,SP,11486
5,19,Sandy Alcantara,MIA,18684,2.75545507890763,3.56467830989809,2.5670386968799,2.43716409341975,2.13082450530157,-0.674113734802185,12.7810469496048,7,SP,18684
6,31,Germán Márquez,COL,15038,2.58423330610579,2.8722034283686,2.33413966942565,2.74839470612549,2.91220092578842,-0.674113734802185,12.7770583010118,8,SP,15038
7,5,Shane Bieber,CLE,19427,2.41301153330395,3.56467830989809,3.30808105696162,1.90433866083286,1.63748163480735,-0.674113734802185,12.1534774610017,9,SP,19427
8,11,Lucas Giolito,CHW,15474,2.5200251413051,2.8722034283686,3.09635466836684,2.15380487886676,2.11503546275165,-0.674113734802185,12.0833098448568,10,SP,15474
9,18,Lance Lynn,CHW,2520,2.56283058450556,2.8722034283686,2.86345564091259,2.2873123169318,2.12559600268668,-0.674113734802185,12.037284238603,11,SP,2520
10,6,Aaron Nola,PHI,16149,2.56283058450556,2.64137846785877,3.15987258494528,2.16206307091202,2.12559600268668,-0.674113734802185,11.9776269761061,12,SP,16149
11,7,Brandon Woodruff,MIL,16162,2.54142786290533,3.33385334938826,3.01166411292893,1.98674853561785,1.75965258699689,-0.674113734802185,11.9592327130351,13,SP,16162
12,20,Frankie Montas,OAK,14309,2.47721969810464,3.10302838887843,2.7575924466152,2.26735501948909,1.96563488308257,-0.674113734802185,11.8967167013677,14,SP,14309
13,24,Kevin Gausman,TOR,14107,2.49862241970487,2.8722034283686,2.90580091863154,2.13401962709166,2.07708999327922,-0.674113734802185,11.8136226522737,15,SP,14107
14,72,Kyle Gibson,PHI,10123,2.45581697650441,2.64137846785877,1.93185953109557,2.76439495321318,2.66154340438937,-0.674113734802185,11.7808795982591,17,SP,10123
15,80,Kyle Hendricks,CHC,12049,2.5200251413051,2.8722034283686,1.44488883732758,2.58735996124291,2.86048534051836,-0.674113734802185,11.6108489739604,18,SP,12049
16,15,Max Fried,ATL,13743,2.47721969810464,3.33385334938826,2.39765758600408,2.26735501948909,1.79977228527948,-0.674113734802185,11.6017442034634,19,SP,13743
17,14,Eduardo Rodriguez,DET,13164,2.5200251413051,2.41055350734894,2.71524716889625,2.46348708056401,2.15230795663998,-0.674113734802185,11.5875071199521,20,SP,13164
18,88,Patrick Corbin,WSN,9323,2.39160881170372,2.41055350734894,1.97420480881453,2.66374823766157,2.76419806464016,-0.674113734802185,11.5301996953667,21,SP,9323
19,21,Joe Musgrove,SDP,12970,2.47721969810464,2.64137846785877,2.84228300205311,2.17548263298557,1.96563488308257,-0.674113734802185,11.4278849492825,22,SP,12970
20,33,Yu Darvish,SDP,13074,2.34880336850326,2.64137846785877,2.79993772433416,1.99552286466594,2.15562106720784,-0.674113734802185,11.2671497577678,23,SP,13074
21,27,Framber Valdez,HOU,17295,2.39160881170372,2.8722034283686,2.14358591969035,2.51406850684123,1.95352132256886,-0.674113734802185,11.2008742543706,24,SP,17295
22,22,Dylan Cease,CHW,18525,2.24178976050211,2.17972854683911,3.05400939064789,2.18391287069844,1.91454050604398,-0.674113734802185,10.8998673399293,26,SP,18525
23,43,Tyler Mahle,CIN,16358,2.22038703890188,2.17972854683911,2.48234814144199,2.24808590471681,2.32448617146305,-0.674113734802185,10.7809220685607,27,SP,16358
24,52,Zac Gallen,ARI,19291,2.22038703890188,2.41055350734894,2.48234814144199,2.19096674307043,2.10105827754352,-0.674113734802185,10.7311999735046,28,SP,19291
25,76,Chris Flexen,SEA,13896,2.39160881170372,2.41055350734894,1.6142699482034,2.51406850684123,2.44893488716799,-0.674113734802185,10.7053219264631,29,SP,13896
26,42,Marcus Stroman,CHC,13431,2.39160881170372,2.64137846785877,1.72013314250079,2.42426066834903,2.1877168258339,-0.674113734802185,10.690984181444,30,SP,13431
27,13,Nathan Eovaldi,BOS,9132,2.3059979253028,2.41055350734894,2.3764849471446,2.10219117858388,2.05291463960442,-0.674113734802185,10.5740284631825,31,SP,9132
28,16,Julio Urías,LAD,14765,2.43441425490418,2.41055350734894,2.41883022486356,2.07466387176635,1.88249651477053,-0.674113734802185,10.5468446388514,32,SP,14765
29,81,Merrill Kelly,ARI,11156,2.28459520370257,2.17972854683911,1.57192467048445,2.45953003020899,2.72387129694709,-0.674113734802185,10.54553601338,33,SP,11156
30,84,Marco Gonzales,SEA,15467,2.34880336850326,2.41055350734894,1.57192467048445,2.38021697744097,2.48506849929862,-0.674113734802185,10.5224532882741,34,SP,15467
31,55,Jon Gray,TEX,14916,2.24178976050211,2.17972854683911,2.1859311974093,2.27010775017084,2.2084755342356,-0.674113734802185,10.4119190543548,35,SP,14916
32,12,Freddy Peralta,MIL,18679,2.11337343090073,2.41055350734894,3.09635466836684,1.75018574265467,1.68785126890923,-0.674113734802185,10.3842048833782,36,SP,18679
33,34,Sean Manaea,OAK,15873,2.28459520370257,2.64137846785877,2.22827647512826,1.99431854499267,1.90149513318306,-0.674113734802185,10.3759500900631,37,SP,15873
34,10,Logan Webb,SFG,17995,2.32740064690303,2.64137846785877,2.20710383626878,2.15225646785827,1.7101629978896,-0.674113734802185,10.3641886819763,38,SP,17995
35,41,Chris Bassitt,NYM,12304,2.28459520370257,2.64137846785877,2.10124064197139,2.05246998064471,1.89274645058983,-0.674113734802185,10.2983170099651,39,SP,12304
36,139,Madison Bumgarner,ARI,5524,2.19898431730165,1.94890358632928,1.55075203162497,2.25445159441837,2.93425381800569,-0.674113734802185,10.2132316128778,40,SP,5524
37,62,Adam Wainwright,STL,2233,2.28459520370257,2.64137846785877,1.57192467048445,2.22692428760083,2.13770956320039,-0.674113734802185,10.1884184580448,41,SP,2233
38,66,Antonio Senzatela,COL,15488,2.17758159570142,2.17972854683911,0.957918143559596,2.62727455612834,2.85717222995051,-0.674113734802185,10.1255613373768,42,SP,15488
39,38,Sonny Gray,MIN,12768,2.0919707093005,2.17972854683911,2.31296703056617,2.11595483199265,2.04152582202743,-0.674113734802185,10.0680332059237,43,SP,12768
40,68,Mike Minor,KCR,10021,2.19898431730165,1.94890358632928,1.86834161451714,2.1976765241072,2.43029864022382,-0.674113734802185,9.97009094767691,44,SP,10021
41,50,Jack Flaherty,STL,17479,2.0919707093005,2.64137846785877,2.35531230828512,1.78562715018225,1.68536643598334,-0.674113734802185,9.8855413368078,45,SP,17479
42,28,Charlie Morton,ATL,4676,2.07056798770027,2.64137846785877,2.41883022486356,1.79302511388946,1.58390242484287,-0.674113734802185,9.83359048435274,46,SP,4676
43,100,Aaron Civale,CLE,19479,2.17758159570142,2.17972854683911,1.57192467048445,2.17582672432079,2.38174086346374,-0.674113734802185,9.81268866600732,47,SP,19479
44,79,Anthony DeSclafani,SFG,13050,2.13477615250096,2.41055350734894,1.69896050364132,2.1042557265952,2.11783089979327,-0.674113734802185,9.79226305507751,48,SP,13050
45,35,Alek Manoah,TOR,26410,2.02776254449981,2.41055350734894,2.44000286372303,1.77977759748352,1.73356184127506,-0.674113734802185,9.71754461952819,50,SP,26410
46,39,John Means,BAL,16269,2.19898431730165,2.17972854683911,1.84716897565766,1.88541363739581,2.16550863155877,-0.674113734802185,9.60269037395081,51,SP,16269
47,37,Jordan Montgomery,NYY,16511,2.0919707093005,1.94890358632928,2.10124064197139,2.06090021835758,1.99182916350965,-0.674113734802185,9.52073058466623,52,SP,16511
48,48,Hyun Jin Ryu,TOR,14444,2.11337343090073,2.41055350734894,1.67778786478184,1.99947991502096,1.95455666962132,-0.674113734802185,9.4816376528716,53,SP,14444
49,57,Ian Anderson,ATL,19951,2.00635982289958,2.17972854683911,1.97420480881453,2.10838482261783,1.85102196437594,-0.674113734802185,9.4455862307448,55,SP,19951
50,98,Kyle Freeland,COL,16256,1.92074893649866,1.94890358632928,1.19081717101385,2.43664795641692,2.59440114803774,-0.674113734802185,9.41740506349427,56,SP,16256
51,127,Wade Miley,CHC,8779,2.07056798770027,2.17972854683911,1.16964453215437,2.42219612033771,2.18476608673441,-0.674113734802185,9.3527895389637,57,SP,8779
52,32,Chris Sale,BOS,10603,2.04916526610004,1.94890358632928,2.84228300205311,1.66416290884988,1.50801148589801,-0.674113734802185,9.33841251442814,58,SP,10603
53,49,Luis Garcia,HOU,23735,2.07056798770027,1.71807862581946,2.24944911398774,1.957156680789,1.85552572405411,-0.546207404235361,9.30457072811522,59,SP,23735
54,90,Nick Pivetta,BOS,15454,1.89934621489843,1.48725366530963,2.08006800311191,2.12558938937879,2.3024850465984,-0.674113734802185,9.22062858449498,60,SP,15454
55,85,Yusei Kikuchi,SEA,20633,1.92074893649866,1.71807862581946,1.86834161451714,2.04438383426706,2.04359651613234,-0.418301073668537,9.17684845356612,61,SP,20633
56,104,Zach Plesac,CLE,19979,2.11337343090073,1.94890358632928,1.36019828188967,2.05487861999125,2.35461477068945,-0.674113734802185,9.1578549549982,62,SP,19979
57,464,Jordan Lyles,BAL,7593,1.83513805009774,1.71807862581946,1.21198980987333,2.20817130983139,2.72733970957281,-0.674113734802185,9.02660377039253,63,SP,7593
58,86,Casey Mize,DET,20492,2.02776254449981,1.94890358632928,1.36019828188967,2.02287812581587,2.13993555936316,-0.674113734802185,8.82556436309561,64,SP,20492
59,103,Cole Irvin,OAK,19244,2.02776254449981,1.94890358632928,1.06378133785698,2.18494514470409,2.26997514915136,-0.674113734802185,8.82125402773934,65,SP,19244
60,119,Dylan Bundy,MIN,12917,1.83513805009774,1.71807862581946,1.59309730934393,1.97900648057542,2.30595345922412,-0.674113734802185,8.75716019025848,66,SP,12917
61,89,Brad Keller,KCR,15734,1.8779434932982,1.71807862581946,1.27550772645176,2.30864597971539,2.13056566853846,-0.674113734802185,8.63662775902107,67,SP,15734
62,94,Zack Greinke,,1943,1.94215165809889,2.17972854683911,1.21198980987333,1.8565099652374,2.08987652937702,-0.674113734802185,8.60614277462357,68,SP,1943
63,197,Taijuan Walker,NYM,11836,1.89934621489843,1.71807862581946,1.59309730934393,1.9697160145245,2.07579580946365,-0.674113734802185,8.58192023924778,69,SP,11836
64,99,JT Brubaker,PIT,17578,1.83513805009774,1.48725366530963,1.65661522592236,1.92808096296298,2.20635307277807,-0.546207404235361,8.56723357283542,71,SP,17578
65,51,Blake Snell,SDP,13543,1.79233260689728,1.71807862581946,2.44000286372303,1.75741166069427,1.49279188422694,-0.674113734802185,8.5265039065588,72,SP,13543
66,69,Steven Matz,STL,13361,1.92074893649866,1.71807862581946,1.63544258706288,1.96593100983709,1.91769831455396,-0.674113734802185,8.48378573896987,73,SP,13361
67,60,Brady Singer,KCR,25377,1.77092988529705,1.94890358632928,1.55075203162497,1.98520012460937,1.82591479835393,-0.674113734802185,8.40758669141242,74,SP,25377
68,125,Dallas Keuchel,CHW,9434,1.96355437969912,1.48725366530963,0.809709671543252,2.43423931707038,2.31185493742311,-0.674113734802185,8.33249823624331,75,SP,9434
69,83,Cal Quantrill,CLE,19312,1.85654077169797,1.94890358632928,1.31785300417072,1.95061894541984,1.86034008784802,-0.674113734802185,8.26014266066365,76,SP,19312
70,47,Ranger Suárez,PHI,17277,1.81373532849751,1.94890358632928,1.52957939276549,1.8296708410903,1.51246347822356,-0.546207404235361,8.08814522267079,78,SP,17277
71,75,Alex Wood,SFG,13781,1.79233260689728,1.94890358632928,1.76247842021975,1.68205565828128,1.56837221905606,-0.674113734802185,8.08002875598147,80,SP,13781
72,93,Josiah Gray,WSN,24580,1.64251355569567,1.71807862581946,1.6142699482034,1.72523912085128,2.03148295561863,-0.674113734802185,8.05747047138626,81,SP,24580
73,95,Triston McKenzie,CLE,18000,1.59970811249521,1.71807862581946,1.88951425337661,1.51517136069998,1.79801219529031,-0.674113734802185,7.84637081287938,82,SP,18000
74,45,Lance McCullers Jr.,HOU,14120,1.62111083409544,2.17972854683911,1.84716897565766,1.58398962774381,1.20682902833921,-0.674113734802185,7.76471327787304,83,SP,14120
75,36,Pablo López,MIA,17085,1.74952716369682,2.17972854683911,1.69896050364132,1.46631039109886,1.34163121456869,-0.674113734802185,7.76204408504261,84,SP,17085
76,63,Jameson Taillon,NYY,11674,1.68531899889613,1.71807862581946,1.52957939276549,1.60050601183433,1.83238571743177,-0.674113734802185,7.691755011945,85,SP,11674
77,59,Logan Gilbert,SEA,22250,1.72812444209659,1.48725366530963,1.84716897565766,1.52016068506066,1.71508089638876,-0.674113734802185,7.62367492971111,86,SP,22250
78,137,Kris Bubic,KCR,21455,1.59970811249521,1.71807862581946,1.25433508759228,1.9158657205627,1.790920067981,-0.674113734802185,7.60479387964847,87,SP,21455
79,53,Patrick Sandoval,LAA,19447,1.70672172049636,1.48725366530963,1.82599633679818,1.71956161382017,1.50231707710951,-0.674113734802185,7.56773667873166,88,SP,19447
80,78,Justin Verlander,HOU,8700,1.57830539089498,2.17972854683911,1.995377447674,1.14286453599284,1.21863198473718,-0.674113734802185,7.44079417133593,89,SP,8700
81,101,Andrew Heaney,LAD,15423,1.53549994769452,1.71807862581946,1.74130578136027,1.45117037234921,1.65213179559957,-0.674113734802185,7.42407278802084,90,SP,15423
82,118,Austin Gomber,COL,16561,1.49269450449406,1.71807862581946,1.23316244873281,1.72644344052455,1.91438520398611,-0.674113734802185,7.41065048875479,91,SP,16561
83,71,José Urquidy,HOU,18413,1.64251355569567,1.94890358632928,1.29668036531124,1.39043825168303,1.6788955169055,-0.674113734802185,7.28331754112254,92,SP,18413
84,73,Noah Syndergaard,LAA,11762,1.59970811249521,1.48725366530963,1.29668036531124,1.60945238655003,1.790920067981,-0.674113734802185,7.10990086284492,93,SP,11762
161,46,Michael Kopech,CHW,17282,1.36427817489268,1.02560374428997,2.03772272539296,1.23714556184289,1.09283731786405,0.221230579165582,6.97881810344812,94,RP,17282
85,160,José Quintana,PIT,11423,1.53549994769452,1.02560374428997,1.4237161984681,1.84309040316385,1.77005782487405,-0.674113734802185,6.92385438368831,95,SP,11423
86,56,Bailey Ober,MIN,21224,1.62111083409544,1.2564287047998,1.65661522592236,1.41779351283295,1.58545544542155,-0.674113734802185,6.86328998826991,96,SP,21224
87,70,Alex Cobb,SFG,6562,1.59970811249521,1.48725366530963,1.31785300417072,1.68016315593757,1.42212944789697,-0.674113734802185,6.8329936510079,97,SP,6562
88,162,Tyler Anderson,,12880,1.51409722609429,1.48725366530963,0.957918143559596,1.61289329990222,1.91868189425379,-0.674113734802185,6.81673049431734,98,SP,12880
89,26,Carlos Rodón,,16137,1.4498890612936,1.71807862581946,2.14358591969035,1.1421763533224,1.00980248425726,-0.674113734802185,6.78941870958087,99,SP,16137
90,109,Carlos Carrasco,NYM,6632,1.47129178289383,1.48725366530963,1.52957939276549,1.43224534891216,1.46219737882693,-0.674113734802185,6.70845383390585,100,SP,6632
91,123,Matt Manning,DET,20369,1.51409722609429,1.2564287047998,0.894400226981163,1.77306781644675,1.92556695215261,-0.674113734802185,6.68944719167242,101,SP,20369
92,67,Dane Dunning,TEX,19409,1.53549994769452,1.2564287047998,1.31785300417072,1.68171156694606,1.56195306733085,-0.674113734802185,6.67933255613975,102,SP,19409
93,102,Michael Pineda,,5372,1.57830539089498,1.48725366530963,1.08495397671646,1.49383769791639,1.6973764617918,-0.674113734802185,6.66761345782707,103,SP,5372
94,77,Huascar Ynoa,ATL,20468,1.42848633969337,1.48725366530963,1.50840675390602,1.41108373179618,1.3653924294225,-0.546207404235361,6.65441551589233,104,SP,20468
95,108,Ryan Yarbrough,TBR,16502,1.6639162772959,1.2564287047998,0.83088231040273,1.60325874251609,1.96905152835567,-0.674113734802185,6.649423828568,105,SP,16502
96,110,Adrian Houser,MIL,12718,1.57830539089498,1.2564287047998,0.894400226981163,1.89160728142975,1.68329574187843,-0.674113734802185,6.62992361118193,106,SP,12718
97,58,Joe Ryan,MIN,21390,1.53549994769452,1.2564287047998,1.69896050364132,1.19757505829268,1.51339529057077,-0.674113734802185,6.5277457701969,107,SP,21390
98,40,Clayton Kershaw,LAD,2036,1.38568089649291,2.17972854683911,1.52957939276549,1.0614869352135,0.974393615063336,-0.674113734802185,6.45675565157217,108,SP,2036
99,143,Corey Kluber,TBR,2429,1.42848633969337,1.48725366530963,1.38137092074915,1.45547151403945,1.33868047546919,-0.674113734802185,6.41714918045861,109,SP,2429
100,132,Luke Weaver,ARI,16918,1.36427817489268,1.2564287047998,1.21198980987333,1.45392310303097,1.72553790161854,-0.674113734802185,6.33804395941313,110,SP,16918
101,128,Adbert Alzolay,CHC,17859,1.36427817489268,1.2564287047998,1.29668036531124,1.38888984067454,1.58856148657891,-0.674113734802185,6.22072483745498,111,SP,17859
102,175,Erick Fedde,WSN,17425,1.32147273169222,1.2564287047998,0.83088231040273,1.64317333740151,1.7982192647008,-0.674113734802185,6.17606261419487,112,SP,17425
103,301,Zach Davies,,13183,1.36427817489268,1.02560374428997,0.703846477245863,1.80076716893189,1.9538319266846,-0.674113734802185,6.17421375724282,113,SP,13183
104,112,Eric Lauer,MIL,19316,1.32147273169222,1.48725366530963,1.16964453215437,1.40850304678204,1.38739355428714,-0.674113734802185,6.10015379542321,116,SP,19316
105,82,Zach Eflin,PHI,13774,1.25726456689153,1.94890358632928,0.979090782419073,1.23628533350484,1.34551376601539,-0.674113734802185,6.09294430035793,117,SP,13774
106,199,Taylor Hearn,TEX,18325,1.32147273169222,1.02560374428997,1.08495397671646,1.64317333740151,1.68909368537217,-0.674113734802185,6.09018374067015,118,SP,18325
107,130,James Kaprielian,OAK,18331,1.25726456689153,1.48725366530963,1.23316244873281,1.27792038506636,1.36430531501742,-0.674113734802185,5.94579264621556,120,SP,18331
108,92,Miles Mikolas,STL,9803,1.4498890612936,1.48725366530963,0.64032856066743,1.41056759479335,1.46742588144182,-0.674113734802185,5.78135102870364,123,SP,9803
166,74,Luis Severino,NYY,15890,1.30007001009199,1.48725366530963,1.44488883732758,1.11069199614984,1.10401906603055,-0.674113734802185,5.7728098401074,124,RP,15890
109,117,José Suarez,LAA,19911,1.36427817489268,0.56395382327031,1.08495397671646,1.60566738186262,1.69292446946625,-0.674113734802185,5.63766409140614,125,SP,19911
110,61,Mike Clevinger,SDP,12808,1.27866728849176,1.48725366530963,1.50840675390602,1.0902185617043,0.932254990028468,-0.674113734802185,5.62268752463799,126,SP,12808
111,156,Elieser Hernandez,MIA,16933,1.38568089649291,0.794778783780139,1.31785300417072,1.25813513329126,1.49377546392677,-0.674113734802185,5.57610954685961,127,SP,16933
112,54,Shane Baz,TBR,22264,1.34287545329245,1.02560374428997,1.65661522592236,1.04411032278493,0.976153705052508,-0.674113734802185,5.37124471654003,128,SP,22264
113,116,Stephen Strasburg,WSN,10131,1.17165368049061,1.48725366530963,1.16964453215437,1.06836876191789,1.14035974757167,-0.674113734802185,5.36316665264198,129,SP,10131
114,121,Nestor Cortes,NYY,17874,1.21445912369107,1.02560374428997,1.31785300417072,1.17211229948647,1.30663648419575,-0.674113734802185,5.36255092103178,130,SP,17874
115,203,J.A. Happ,,7410,1.19305640209084,1.02560374428997,0.725019116105341,1.3737498219249,1.68112151306828,-0.674113734802185,5.32443686267714,131,SP,7410
116,106,Luis Patiño,TBR,22815,1.2358618452913,0.794778783780139,1.40254355960863,1.21443553371842,1.17390499207118,-0.546207404235361,5.2753173102343,133,SP,22815
117,64,Tanner Houck,BOS,19879,1.17165368049061,0.794778783780139,1.4237161984681,1.16901547746949,1.07979194500313,-0.546207404235361,5.09274868097611,134,SP,19879
118,181,Drew Smyly,,11760,1.12884823729015,0.794778783780139,1.02143606013803,1.30303905253736,1.47234377994097,-0.674113734802185,5.04633217888447,135,SP,11760
119,148,Mitch Keller,PIT,17594,1.19305640209084,0.333128862760481,0.894400226981163,1.55646232092628,1.58949329892612,-0.546207404235361,5.02033370744952,136,SP,17594
120,159,Michael Wacha,BOS,14078,1.10744551568992,0.794778783780139,0.936745504700118,1.25985558996735,1.5360693910195,-0.674113734802185,4.96078105035485,137,SP,14078
121,131,Tony Gonsolin,LAD,19388,1.15025095889038,0.794778783780139,1.25433508759228,1.24678011922903,1.16085961921026,-0.674113734802185,4.9328908338999,138,SP,19388
122,184,Rich Hill,BOS,4806,1.12884823729015,0.794778783780139,0.873227588121685,1.24368329721205,1.37709185111523,-0.674113734802185,4.74351602271707,140,SP,4806
123,384,Vladimir Gutierrez,CIN,19278,0.936223742888079,0.794778783780139,0.513292727510564,1.2732751520409,1.62780113986691,-0.546207404235361,4.59916414185123,141,SP,19278
124,124,Domingo Germán,NYY,17149,0.936223742888079,1.02560374428997,1.04260869899751,0.835590973642116,1.01321912953035,-0.418301073668537,4.43494521567949,142,SP,17149
125,152,Tyler Alexander,DET,17735,1.15025095889038,0.56395382327031,0.682673838386386,1.24678011922903,1.36503005795414,-0.674113734802185,4.33457506292806,144,SP,17735
126,142,Dakota Hudson,STL,19206,1.08604279408969,1.02560374428997,0.470947449791609,1.31422202093198,1.06591829450025,-0.674113734802185,4.28862056880131,145,SP,19206
127,299,Johnny Cueto,,6893,1.06464007248946,0.56395382327031,0.64032856066743,1.21305916837755,1.35157054627224,-0.546207404235361,4.28734476684163,146,SP,6893
128,186,Ross Stripling,TOR,13273,1.021834629289,0.56395382327031,0.83088231040273,1.07163762960247,1.29141688252468,-0.546207404235361,4.23351787085383,148,SP,13273
129,157,Cristian Javier,HOU,17606,0.872015578087389,0.333128862760481,1.33902564303019,0.807547529821754,0.758886126095085,-0.162488412534889,3.94811532726001,151,SP,17606
130,87,Trevor Bauer,LAD,12703,0.743599248486009,1.71807862581946,1.16964453215437,0.478252122017007,0.423433681100065,-0.674113734802185,3.85889447477473,153,SP,12703
131,232,Alec Mills,CHC,13834,0.936223742888079,0.56395382327031,0.301566338915787,1.12738042590797,1.33697215283265,-0.546207404235361,3.71988907957943,154,SP,13834
132,179,Jesús Luzardo,MIA,19959,0.872015578087389,0.333128862760481,0.809709671543252,1.0201959749872,1.04148410406234,-0.546207404235361,3.5303267872053,157,SP,19959
172,141,Garrett Whitlock,BOS,20191,0.358350259681868,-0.590170979278835,0.470947449791609,0.223452488287212,0.0193894938799835,3.0351698516357,3.51713856399754,159,RP,20191
133,107,Chris Paddack,SDP,20099,0.872015578087389,0.794778783780139,0.788537032683774,0.70122330723903,0.865526872497823,-0.546207404235361,3.47587417005279,160,SP,20099
173,149,Giovanny Gallegos,STL,14986,0.144323043679568,-0.590170979278835,0.449774810932131,-0.172940729885273,-0.204090167392162,3.80260783503665,3.42950381309208,161,RP,14986
174,113,Josh Hader,MIL,14212,0.0587121572786478,-0.590170979278835,0.957918143559596,-0.311609537978599,-0.527946725399699,3.80260783503665,3.38951089321776,162,RP,14212
134,126,Reiver Sanmartin,CIN,19754,0.743599248486009,1.02560374428997,0.513292727510564,0.828709146937733,0.815105471043324,-0.546207404235361,3.38010293403224,163,SP,19754
175,177,Blake Treinen,LAD,12572,0.101517600479108,-0.590170979278835,0.280393700056309,-0.0358203328004335,-0.23468467279217,3.80260783503665,3.32384315070063,165,RP,12572
176,252,Will Smith,ATL,8048,0.0587121572786478,-0.590170979278835,0.36508425549422,-0.0991331384807608,-0.120796497022256,3.67470150446982,3.28839730246084,167,RP,8048
135,147,Spencer Howard,TEX,23252,0.786404691686469,0.333128862760481,0.725019116105341,0.942947470230497,1.17297317972397,-0.674113734802185,3.28635958570457,168,SP,23252
177,140,Edwin Díaz,NYM,14710,0.0801148788788779,-0.590170979278835,0.746191754964819,-0.135778865681602,-0.26201783497695,3.41888884333618,3.25722779724249,169,RP,14710
178,91,Liam Hendriks,CHW,3548,0.101517600479108,-0.590170979278835,0.809709671543252,-0.335523885776331,-0.439321017709657,3.67470150446982,3.22091289372736,170,RP,3548
179,174,Scott Barlow,KCR,14993,0.122920322079338,-0.590170979278835,0.407429533213176,0.0782459448247217,-0.129596946968113,3.29098251276935,3.17981038663964,171,RP,14993
180,154,Raisel Iglesias,LAA,17130,0.0587121572786478,-0.590170979278835,0.555638005229519,-0.222145790821614,-0.305864782648367,3.546795173903,3.04296378366235,173,RP,17130
181,263,Michael Lorenzen,LAA,14843,0.593780197284399,0.102303902250652,0.322738977775265,0.729266751059392,0.666067262842605,0.604949570866053,3.01910666207837,174,RP,14843
136,180,Jake Odorizzi,HOU,6397,0.765001970086239,0.333128862760481,0.703846477245863,0.733739938417242,0.847874205253486,-0.418301073668537,2.96529038009477,177,SP,6397
182,248,Gregory Soto,DET,19677,0.101517600479108,-0.590170979278835,0.36508425549422,0.171666742336727,-0.0716692793833252,2.90726352106888,2.88369186071678,178,RP,19677
183,168,Aroldis Chapman,NYY,10233,-0.0268987291222723,-0.590170979278835,0.746191754964819,-0.137671368025308,-0.406655818204741,3.29098251276935,2.87577737310302,179,RP,10233
137,178,David Price,LAD,3184,0.765001970086239,0.333128862760481,0.576810644088997,0.834902790971678,0.781922598012181,-0.418301073668537,2.87346579225104,180,SP,3184
138,198,Martín Pérez,,6902,0.615182918884629,0.794778783780139,0.280393700056309,0.831289831951877,0.900780439633874,-0.674113734802185,2.74831193950464,183,SP,6902
186,151,Ryan Pressly,HOU,7005,0.0159067140781878,-0.590170979278835,0.301566338915787,-0.226102841176635,-0.433471306863293,3.67470150446982,2.74242943014504,184,RP,7005
187,115,Emmanuel Clase,CLE,21032,0.0801148788788779,-0.590170979278835,0.301566338915787,-0.147133879743835,-0.467016551362795,3.546795173903,2.7241549813122,185,RP,21032
139,144,Hunter Greene,CIN,sa3005315,0.636585640484859,0.56395382327031,0.703846477245863,0.697610348219229,0.778195348623348,-0.674113734802185,2.70607790304142,186,SP,sa3005315
188,217,Pierce Johnson,SDP,13435,-0.0483014507225023,-0.590170979278835,0.259221061196832,-0.106875193523192,-0.270404146101825,3.41888884333618,2.66235813490665,187,RP,13435
189,187,Lucas Sims,CIN,13470,-0.0268987291222723,-0.590170979278835,0.534465366370042,-0.158660939473677,-0.198240456545798,3.0351698516357,2.59566411358517,189,RP,13470
190,266,Paul Sewald,SEA,13892,0.0587121572786478,-0.590170979278835,0.534465366370042,-0.110316106875384,-0.157810154147478,2.77935719050206,2.51423747384905,194,RP,13892
140,165,David Peterson,NYM,20302,0.550974754083938,1.02560374428997,0.470947449791609,0.636362090550217,0.502171824439174,-0.674113734802185,2.51194612835272,195,SP,20302
191,391,Carlos Estévez,COL,14542,0.0159067140781878,-0.590170979278835,0.026322033742577,0.142418978843097,0.228581365828267,2.65145085993523,2.47450897314853,196,RP,14542
192,289,Alex Reyes,STL,15015,0.187128486880028,-0.590170979278835,0.534465366370042,0.27816301058706,0.0137468524441103,2.01191920710112,2.43525194410352,198,RP,15015
193,134,Taylor Rogers,MIN,13449,-0.0697041723227323,-0.590170979278835,0.301566338915787,-0.260511974698552,-0.423273138396624,3.41888884333618,2.37679491755522,200,RP,13449
194,364,Lou Trivino,OAK,15043,0.101517600479108,-0.590170979278835,0.0474946726020547,0.148612622877042,0.0046357983825175,2.65145085993523,2.36354057499712,201,RP,15043
195,166,Kenley Jansen,,3096,0.0159067140781878,-0.590170979278835,0.322738977775265,-0.128552947642,-0.231268027519073,2.90726352106888,2.29591725848243,203,RP,3096
141,111,Matthew Boyd,,15440,0.529572032483708,0.794778783780139,0.555638005229519,0.463456194602583,0.602393419116699,-0.674113734802185,2.27172470041046,204,SP,15440
196,189,James Karinchak,CLE,20151,-0.0054960075220422,-0.590170979278835,0.534465366370042,-0.0955201794609594,-0.239861408054439,2.65145085993523,2.254867651989,205,RP,20151
197,303,Tyler Duffey,MIN,13758,0.0587121572786478,-0.590170979278835,0.153357866899443,0.0462454506493388,0.003703986035309,2.52354452936841,2.19539301095231,207,RP,13758
198,227,Corey Knebel,PHI,15010,-0.133912337123422,-0.590170979278835,0.216875783477876,-0.270662669087517,-0.364620727875118,3.29098251276935,2.14849158288234,208,RP,15010
199,291,Héctor Neris,HOU,11804,0.144323043679568,-0.590170979278835,0.492120088651086,0.040739989285832,-0.0076330641890599,2.01191920710112,2.09129828524971,210,RP,11804
200,171,David Bednar,PIT,19569,0.0373094356784178,-0.590170979278835,0.36508425549422,-0.130273404318096,-0.28262124132078,2.65145085993523,2.05077892619016,211,RP,19569
201,337,Chris Stratton,PIT,13761,0.0373094356784178,-0.590170979278835,0.0898399503210101,0.0789341274951602,0.0254980414894607,2.39563819880159,2.0370487745068,213,RP,13761
202,271,Dylan Floro,MIA,13394,0.0373094356784178,-0.590170979278835,-0.0795411605548115,0.0238795138600928,-0.160036150310254,2.77935719050206,2.01079784989667,215,RP,13394
203,265,Mark Melancon,ARI,4264,0.0159067140781878,-0.590170979278835,-0.164231715992722,0.0557079623678662,-0.152995790353568,2.77935719050206,1.94357338132299,217,RP,4264
204,176,Matt Barnes,BOS,12863,-0.0268987291222723,-0.590170979278835,0.534465366370042,-0.0747026536801997,-0.185609222505862,2.26773186823476,1.92481565001764,218,RP,12863
205,255,Tyler Rogers,SFG,15541,0.122920322079338,-0.590170979278835,-0.270094910290111,0.0899450502221736,-0.0803144272713142,2.65145085993523,1.92373591539649,219,RP,15541
206,202,Craig Kimbrel,CHW,6655,-0.0697041723227323,-0.590170979278835,0.619155921807953,-0.240210585920621,-0.334699198059204,2.52354452936841,1.90791551559497,220,RP,6655
207,214,Pete Fairbanks,TBR,17998,-0.0697041723227323,-0.590170979278835,0.301566338915787,-0.118402253253034,-0.279722269573909,2.65145085993523,1.89501752442251,221,RP,17998
208,235,Jorge Alcala,MIN,19459,0.0373094356784178,-0.590170979278835,0.153357866899443,-0.064207867956015,-0.0639559438425446,2.39563819880159,1.86797071030205,222,RP,19459
209,238,Codi Heuer,CHC,23293,0.0587121572786478,-0.590170979278835,-0.0795411605548115,0.0686113874385849,-0.0131204035670649,2.39563819880159,1.84012920011811,223,RP,23293
210,274,Luke Jackson,ATL,11752,0.0373094356784178,-0.590170979278835,0.174530505758921,0.0569122820411332,-0.163349260878106,2.26773186823476,1.78296385155629,225,RP,11752
211,260,Jake Diekman,,5003,0.0159067140781878,-0.590170979278835,0.449774810932131,0.0340302082490584,-0.192131908936321,2.01191920710112,1.72932805214534,227,RP,5003
212,273,Trevor May,NYM,6398,0.0159067140781878,-0.590170979278835,0.407429533213176,-0.0743585623449806,-0.185609222505862,2.13982553766794,1.71302302082962,228,RP,6398
213,316,Daniel Bard,COL,7115,-0.0483014507225023,-0.590170979278835,0.132185228039965,0.12022508772146,0.114744957410975,1.88401287653429,1.61269571970535,231,RP,7115
214,150,Aaron Bummer,CHW,16258,-0.0054960075220422,-0.590170979278835,0.259221061196832,-0.0848533480691653,-0.390711473596953,2.39563819880159,1.58362745153142,232,RP,16258
215,163,Chad Green,NYY,15552,0.0801148788788779,-0.590170979278835,0.428602172072653,-0.192553935992766,-0.159518476784027,2.01191920710112,1.57839286599702,233,RP,15552
216,288,Rowan Wick,CHC,14646,-0.112509615523192,-0.590170979278835,0.0474946726020547,-0.103262234503391,-0.187162243084543,2.52354452936841,1.5779341295805,234,RP,14646
217,206,Tyler Matzek,ATL,10058,0.0159067140781878,-0.590170979278835,0.36508425549422,0.0340302082490584,-0.280188175747513,2.01191920710112,1.55658122989623,237,RP,10058
218,158,Jonathan Loáisiga,NYY,19753,0.101517600479108,-0.590170979278835,0.195703144618399,-0.0242932730705913,-0.269368799049372,2.13982553766794,1.55321323136665,238,RP,19753
219,244,Daniel Hudson,LAD,7146,-0.0911068939229624,-0.590170979278835,0.238048422337354,-0.200123945367587,-0.220293348763063,2.39563819880159,1.53199145380649,239,RP,7146
220,261,José Alvarado,PHI,17780,-0.0697041723227323,-0.590170979278835,0.280393700056309,0.0744609401373108,-0.206419698260183,2.01191920710112,1.50047899743299,240,RP,17780
142,326,Trevor Williams,NYM,16977,0.401155702882328,0.102303902250652,0.238048422337354,0.404100439277276,0.457341297067926,-0.162488412534889,1.44046135128065,243,SP,16977
222,357,Drew Steckenrider,SEA,18806,0.0373094356784178,-0.590170979278835,-0.0160232439763784,-0.0311750997749746,-0.103713270656769,2.13982553766794,1.4360523796594,244,RP,18806
223,429,Ryne Stanek,HOU,15947,0.101517600479108,-0.590170979278835,0.386256894353698,0.114031443687515,0.0254462741368378,1.372387554267,1.40946878764532,245,RP,15947
224,258,Seth Lugo,NYM,12447,0.0159067140781878,-0.359346018769006,0.195703144618399,-0.0960363164637882,-0.126905044631734,1.75610654596747,1.38542902479953,246,RP,12447
225,416,Joe Barlow,TEX,22296,-0.133912337123422,-0.590170979278835,0.0051493948830993,-0.0779715213647818,-0.219672140531591,2.39563819880159,1.37906061538606,247,RP,22296
226,361,Brad Boxberger,MIL,10133,0.0587121572786478,-0.590170979278835,0.280393700056309,0.0686113874385849,0.0474473990014806,1.50029388483382,1.36528754933001,248,RP,10133
227,459,Emilio Pagán,SDP,14771,-0.0268987291222723,-0.590170979278835,0.111012589180488,-0.169155725197862,-0.0087719459467589,2.01191920710112,1.32793441673587,251,RP,14771
143,207,Garrett Richards,,9784,0.336947538081638,0.333128862760481,0.132185228039965,0.511456935865657,0.550833135904501,-0.546207404235361,1.31834429641688,252,SP,9784
144,399,Chad Kuhl,,14975,0.251336651680718,0.333128862760481,0.216875783477876,0.438509572799193,0.478669446348473,-0.418301073668537,1.30021924339821,254,SP,14975
230,205,Michael Fulmer,DET,13218,-0.0268987291222723,-0.590170979278835,0.0051493948830993,-0.0747026536801997,-0.166662371445958,2.13982553766794,1.28654019902377,255,RP,13218
145,480,Caleb Smith,ARI,14875,0.251336651680718,-0.359346018769006,0.407429533213176,0.32392715817121,0.425038469031369,0.221230579165582,1.26961637249305,258,SP,14875
232,268,Jake McGee,SFG,7550,-0.0911068939229624,-0.590170979278835,-0.0583685216953338,-0.250017188974367,-0.286348490709613,2.52354452936841,1.2475324547873,260,RP,7550
233,224,Génesis Cabrera,STL,17490,0.0373094356784178,-0.359346018769006,0.216875783477876,0.0569122820411332,-0.116965712928177,1.372387554267,1.20717332376724,262,RP,17490
234,194,Nate Pearson,TOR,20160,0.294142094881178,0.333128862760481,0.428602172072653,0.318421696807703,0.304627606830996,-0.546207404235361,1.13271502911765,266,RP,20160
235,350,Luis Cessa,CIN,13345,0.122920322079338,-0.590170979278835,-0.0371958828358561,0.125042366414529,0.060492771862398,1.372387554267,1.05347615250857,271,RP,13345
236,222,A.J. Minter,ATL,18655,-0.0483014507225023,-0.590170979278835,0.111012589180488,-0.0862297134100419,-0.223813528741406,1.88401287653429,1.04650979356199,272,RP,18655
237,188,Andrew Kittredge,TBR,12828,0.0373094356784178,-0.590170979278835,0.174530505758921,-0.141284327045109,-0.319065457567152,1.88401287653429,1.04533205408053,273,RP,12828
238,242,Andrew Chafin,,12988,-0.0054960075220422,-0.590170979278835,0.0051493948830993,-0.127520673636343,-0.265538014955293,2.01191920710112,1.0283429265917,275,RP,12988
239,215,Diego Castillo,SEA,17496,-0.0483014507225023,-0.590170979278835,0.174530505758921,-0.199779854032368,-0.320100804619606,2.01191920710112,1.02809662420672,276,RP,17496
240,219,Tim Mayza,TOR,15042,-0.0483014507225023,-0.590170979278835,0.0686673114615324,-0.106875193523192,-0.226919569898767,1.88401287653429,0.980412994572527,280,RP,15042
146,145,Danny Duffy,,3542,0.229933930080488,0.56395382327031,0.322738977775265,0.200054277492308,0.166357007975795,-0.674113734802185,0.808924281791982,285,SP,3542
241,341,Adam Ottavino,,1247,0.0159067140781878,-0.590170979278835,0.280393700056309,0.0882245935460776,-0.0127580320987058,0.988668562566525,0.770264558869559,288,RP,1247
242,381,Amir Garrett,CIN,14375,-0.0911068939229624,-0.590170979278835,0.238048422337354,-0.0205082683831804,-0.0191254164712966,1.24448122370017,0.761618087981252,289,RP,14375
243,318,Brent Suter,MIL,13942,0.144323043679568,-0.590170979278835,0.026322033742577,0.111966895676201,0.0209425144586642,0.860762231999701,0.574145740277876,295,RP,13942
244,279,Kendall Graveman,CHW,15514,-0.112509615523192,-0.590170979278835,-0.0371958828358561,-0.220941471148347,-0.352403632656164,1.88401287653429,0.570791295091897,296,RP,15514
245,425,Yimi García,TOR,12095,-0.0483014507225023,-0.590170979278835,0.026322033742577,-0.137843413692918,-0.056087306243896,1.372387554267,0.566306438071422,297,RP,12095
246,254,Ryan Tepera,,10291,-0.0268987291222723,-0.590170979278835,0.153357866899443,-0.0956922251285691,-0.150873328896038,1.24448122370017,0.534203828173901,299,RP,10291
147,135,Grayson Rodriguez,BAL,sa3008130,0.144323043679568,0.56395382327031,0.259221061196832,0.0882245935460776,0.128100934387629,-0.674113734802185,0.509709721278232,300,SP,sa3008130
247,442,Ian Kennedy,,6986,-0.0911068939229624,-0.590170979278835,0.0051493948830993,-0.140252053039452,-0.115205622939006,1.372387554267,0.440801399969841,303,RP,6986
248,322,Aaron Loup,LAA,10343,-0.0697041723227323,-0.590170979278835,-0.0371958828358561,-0.118402253253034,-0.30110218620708,1.50029388483382,0.383718410936283,306,RP,10343
148,138,Mike Soroka,ATL,18383,0.187128486880028,0.56395382327031,-0.100713799414289,0.180441071384815,0.18281902610981,-0.674113734802185,0.33951487342849,312,SP,18383
149,122,Sixto Sánchez,MIA,19680,0.187128486880028,0.56395382327031,0.026322033742577,0.107149616983132,0.0468261907700083,-0.674113734802185,0.257266416843871,323,SP,19680
249,240,Clay Holmes,NYY,13649,-0.0911068939229624,-0.590170979278835,0.0474946726020547,-0.050444214547248,-0.181260764885556,1.11657489313335,0.251086713100802,324,RP,13649
150,193,Collin McHugh,,7531,0.0373094356784178,-0.590170979278835,0.195703144618399,-0.141284327045109,-0.239550803938703,0.988668562566525,0.250675032600694,325,SP,7531
251,172,Garrett Crochet,CHW,27463,-0.0483014507225023,-0.590170979278835,0.259221061196832,-0.0862297134100419,-0.273510187259187,0.988668562566525,0.249677293092791,326,RP,27463
252,209,A.J. Puk,OAK,19343,0.101517600479108,-0.590170979278835,0.216875783477876,0.1370855631472,0.0150410362596775,0.349136909732406,0.229485913817433,327,RP,19343
253,267,Joe Kelly,,9761,-0.0911068939229624,-0.590170979278835,0.0474946726020547,-0.12029475559674,-0.295356010065961,1.24448122370017,0.195047257437729,329,RP,9761
254,245,Jordan Hicks,STL,19618,-0.0697041723227323,-0.359346018769006,-0.0371958828358561,-0.0168953093633788,-0.206419698260183,0.860762231999701,0.171201150448545,331,RP,19618
255,185,Brusdar Graterol,LAD,20367,-0.0911068939229624,-0.590170979278835,-0.164231715992722,-0.150230701760808,-0.286348490709613,1.372387554267,0.0902987726020557,340,RP,20367
256,404,Brad Hand,,9111,-0.133912337123422,-0.590170979278835,-0.0583685216953338,-0.193586209998423,-0.202278310050368,1.24448122370017,0.0661648655537905,342,RP,9111
257,302,Ken Giles,SEA,12910,-0.305134109925263,-0.590170979278835,-0.0795411605548115,-0.400041011129926,-0.435024327441974,1.62820021540064,-0.181711372930165,361,RP,12910
258,376,Alex Colomé,,6661,-0.0697041723227323,-0.590170979278835,-0.1854043548522,-0.0473473925302755,-0.160605591189103,0.860762231999701,-0.192470258173445,362,RP,6661
151,167,Dinelson Lamet,SDP,17186,-0.0268987291222723,-0.128521058259177,0.301566338915787,-0.137671368025308,-0.242449775685574,-0.0345820819680656,-0.268556674144609,372,SP,17186
152,457,Touki Toussaint,ATL,16929,-0.0697041723227323,-0.359346018769006,-0.0160232439763784,0.0440088569704141,0.044030753728383,-0.290394743101713,-0.647428567471033,394,SP,16929
260,298,Craig Stammen,SDP,7274,-0.0483014507225023,-0.590170979278835,-0.164231715992722,-0.158488893806068,-0.189647076010432,0.47704324029923,-0.673796875511329,395,RP,7274
153,253,MacKenzie Gore,SDP,sa3005068,-0.198120501924113,0.333128862760481,-0.248922271430633,-0.14919842775515,-0.128147461094678,-0.674113734802185,-1.06537353424628,419,SP,sa3005068
261,353,Andrés Muñoz,SEA,20373,-0.390744996326183,-0.590170979278835,-0.0795411605548115,-0.408299203175186,-0.563821500767222,0.860762231999701,-1.17181560810254,426,RP,20373
154,213,James Paxton,BOS,11828,-0.369342274725953,0.102303902250652,-0.248922271430633,-0.416557395220446,-0.344949133878496,-0.674113734802185,-1.95158090780706,475,SP,11828
155,347,Ryan Weathers,SDP,23796,-0.262328666724803,-0.359346018769006,-0.46064866002541,-0.211823050765039,-0.167904787908903,-0.546207404235361,-2.00825858842852,477,SP,23796
263,467,Kirby Yates,ATL,9073,-0.861604871531243,-0.590170979278835,-0.714720326339143,-0.957124882849763,-0.946485771354134,-0.290394743101713,-4.36050157445483,641,RP,9073
156,286,Dustin May,LAD,19716,-0.840202149931013,-0.359346018769006,-0.757065604058098,-0.948522599469284,-0.968486896218776,-0.546207404235361,-4.41983067268154,645,SP,19716
264,541,Nick Anderson,TBR,18337,-0.990021201132624,-0.590170979278835,-0.947619353793397,-1.08547095088651,-1.06700016825975,-0.290394743101713,-4.97067739645283,683,RP,18337
157,437,Kenta Maeda,MIN,18498,-1.13984025233423,-0.359346018769006,-1.07465518695026,-1.22173111963331,-1.18544387106046,-0.674113734802185,-5.65513018354946,756,SP,18498
