playerid,Name,Unnamed: 0,R,HR,RBI,RC,AVG,OPS,position_1B,position_2B,position_3B,position_C,position_CF,position_DH,position_LF,position_RF,position_SS
10047,Wil Myers,234,62,19,66,67.7918146718147,0.243,0.751,0,0,0,0,0,0,0,1,0
10059,Max Stassi,136,45,15,44,45.9578108108108,0.226,0.71,0,0,0,1,0,0,0,0,0
10071,Jonathan Villar,454,104,24,82,101.1300705882352,0.498,1.424,0,0,1,0,0,0,0,0,1
10200,Tucker Barnhart,202,36,8,39,39.804375,0.226,0.649,0,0,0,1,0,0,0,0,0
10231,José Iglesias,212,56,8,54,63.8138185654008,0.29,0.744,0,0,0,0,0,0,0,0,1
10243,Randal Grichuk,604,122,46,138,125.063918533605,0.484,1.474,0,0,0,0,1,0,0,1,0
10264,Brandon Belt,81,72,26,69,80.9489738430584,0.25,0.843,1,0,0,0,0,0,0,0,0
10323,Rafael Ortega,195,56,12,44,53.6840746606335,0.251,0.722,0,0,0,0,1,0,0,0,0
10324,Marcell Ozuna,104,72,27,82,84.482745825603,0.265,0.821,0,0,0,0,0,0,1,0,0
10472,Enrique Hernández,132,156,44,136,159.2909219858156,0.496,1.542,0,1,0,0,1,0,0,0,0
10556,César Hernández,153,73,14,56,71.9269026548673,0.258,0.726,0,1,0,0,0,0,0,0,0
10681,Gio Urshela,388,96,26,104,107.7646489104116,0.53,1.466,0,0,1,0,0,0,0,0,1
10762,Corey Dickerson,432,36,8,34,40.1234227129337,0.265,0.73,0,0,0,0,0,0,1,0,0
10815,Jurickson Profar,1440,208,40,176,204.8470204081632,0.94,2.772,1,0,0,0,1,0,1,1,0
10847,Andrelton Simmons,233,40,5,35,41.8161241050119,0.25,0.638,0,0,0,0,0,0,0,0,1
10950,Adam Duvall,447,201,96,252,209.2335177865611,0.6900000000000001,2.3280000000000003,0,0,0,0,1,0,1,1,0
11038,Kevin Kiermaier,205,48,7,41,43.6030024213075,0.234,0.665,0,0,0,0,1,0,0,0,0
11200,Kole Calhoun,229,54,19,54,55.736974595843,0.23,0.736,0,0,0,0,0,0,0,1,0
11265,Jonathan Schoop,292,144,44,148,156.1425817555938,0.526,1.49,1,1,0,0,0,0,0,0,0
11281,Whit Merrifield,196,174,24,128,165.266875,0.562,1.476,0,1,0,0,0,0,0,1,0
11342,Jesús Aguilar,217,59,21,75,71.4762055888224,0.255,0.771,1,0,0,0,0,0,0,0,0
11368,Yasmani Grandal,33,70,25,72,80.6877751004016,0.235,0.838,0,0,0,1,0,0,0,0,0
11442,Gary Sánchez,198,51,22,57,51.2226666666667,0.208,0.742,0,0,0,1,0,0,0,0,0
11445,Mark Canha,426,234,54,189,234.06571790235088,0.714,2.2800000000000002,0,0,0,0,1,0,1,1,0
11476,Odúbel Herrera,462,102,26,98,111.0637735849056,0.522,1.478,0,0,0,0,1,0,1,0,0
11477,Christian Yelich,64,86,22,72,92.3461637630662,0.266,0.836,0,0,0,0,0,0,1,0,0
11489,Michael A. Taylor,214,52,13,50,50.706295503212,0.238,0.678,0,0,0,0,1,0,0,0,0
11609,Willson Contreras,69,69,22,67,74.3829365079365,0.246,0.785,0,0,0,1,0,0,0,0,0
11680,Elias Díaz,200,46,14,47,50.7827692307692,0.26,0.752,0,0,0,1,0,0,0,0,0
11737,Nick Castellanos,82,93,32,95,104.534951456311,0.279,0.851,0,0,0,0,0,0,0,1,0
11739,J.T. Realmuto,40,77,22,77,82.0729203539823,0.261,0.784,0,0,0,1,0,0,0,0,0
1177,Albert Pujols,624,17,8,24,19.6623431952663,0.237,0.697,1,0,0,0,0,0,0,0,0
11899,Joc Pederson,834,168,57,168,178.0136405529954,0.708,2.271,0,0,0,0,1,0,1,1,0
12144,Max Kepler,154,148,48,136,151.3184981684982,0.466,1.536,0,0,0,0,1,0,0,1,0
12147,Nick Ahmed,225,55,10,53,54.914094488189,0.239,0.67,0,0,0,0,0,0,0,0,1
12155,Eddie Rosario,256,62,22,73,67.2769836065574,0.263,0.771,0,0,0,0,0,0,1,0,0
12160,Ben Gamel,492,120,26,102,137.5662504672898,0.49,1.468,0,0,0,0,1,0,1,0,0
12164,Miguel Sanó,279,76,33,82,79.3813669064748,0.224,0.789,1,0,0,0,0,0,0,0,0
12180,Jorge Alfaro,1166,66,18,76,72.554042042042,0.48,1.336,0,0,0,1,0,0,1,0,0
12282,Rougned Odor,598,82,34,92,81.6868023255814,0.426,1.414,0,1,1,0,0,0,0,0,0
12325,Jace Peterson,1161,75,15,66,75.218028169014,0.705,2.0909999999999997,1,1,0,0,0,0,0,1,0
12371,Tommy La Stella,215,49,10,43,52.7745177664975,0.265,0.745,0,1,0,0,0,0,0,0,0
12434,Kevin Pillar,978,114,33,117,110.51173770491789,0.747,2.139,0,0,0,0,1,0,1,1,0
12532,Kolten Wong,80,74,12,54,72.0802631578947,0.267,0.748,0,1,0,0,0,0,0,0,0
12546,C.J. Cron,155,72,29,87,93.2441726078799,0.269,0.859,1,0,0,0,0,0,0,0,0
12552,Eugenio Suárez,216,126,56,144,133.0494234592446,0.438,1.504,0,0,1,0,0,0,0,0,1
12775,Brad Miller,362,100,36,98,105.0502978723404,0.47,1.546,1,0,0,0,0,0,0,1,0
12856,George Springer,52,194,70,170,206.69069846678,0.526,1.752,0,0,0,0,1,1,0,0,0
12859,James McCann,188,41,13,46,45.4882957393484,0.237,0.683,0,0,0,1,0,0,0,0,0
12916,Francisco Lindor,27,89,26,81,90.842028526149,0.256,0.788,0,0,0,0,0,0,0,0,1
12927,Brandon Nimmo,53,72,13,48,78.1952559055118,0.262,0.805,0,0,0,0,1,0,0,0,0
12979,Javier Báez,136,160,54,166,152.8773010380622,0.508,1.518,0,1,0,0,0,0,0,0,1
12984,Jackie Bradley Jr.,417,35,8,30,31.4742105263158,0.216,0.652,0,0,0,0,1,0,0,0,0
13066,Teoscar Hernández,198,176,68,196,188.3600333889816,0.532,1.66,0,0,0,0,0,0,1,1,0
13145,Josh Bell,130,81,29,92,98.288634064081,0.266,0.841,1,0,0,0,0,0,0,0,0
13152,Jorge Polanco,116,180,50,162,180.830806451613,0.536,1.58,0,1,0,0,0,0,0,0,1
13185,Orlando Arcia,373,14,4,13,13.9899159663866,0.249,0.704,0,0,0,0,0,0,1,0,0
13265,Mike Zunino,125,47,23,55,45.3894254143646,0.203,0.737,0,0,0,1,0,0,0,0,0
13301,Max Muncy,108,162,60,166,180.7213294346978,0.502,1.752,1,1,0,0,0,0,0,0,0
13338,Omar Narváez,144,48,12,47,54.0360956937799,0.252,0.727,0,0,0,1,0,0,0,0,0
13359,Tyler Naquin,849,174,54,192,193.72984713375808,0.783,2.2800000000000002,0,0,0,0,1,0,1,1,0
13419,Christian Walker,285,62,17,63,66.6370441767068,0.25,0.747,1,0,0,0,0,0,0,0,0
13602,Patrick Wisdom,216,57,25,64,56.5283982300885,0.219,0.736,0,0,1,0,0,0,0,0,0
13613,Ketel Marte,74,166,44,156,200.718912106136,0.584,1.68,0,1,0,0,1,0,0,0,0
13620,Carson Kelly,121,45,15,50,52.7879696202532,0.24,0.746,0,0,0,1,0,0,0,0,0
13621,Jeimer Candelario,56,72,20,70,86.4950751252087,0.257,0.781,0,0,1,0,0,0,0,0,0
13624,Corey Seager,22,80,24,83,97.3285224416517,0.288,0.863,0,0,0,0,0,0,0,0,1
13723,Jacob Stallings,103,40,9,43,48.0307228915663,0.242,0.685,0,0,0,1,0,0,0,0,0
13757,Chris Taylor,384,304,72,276,301.4402433460076,1.016,3.112,0,1,0,0,1,0,1,0,1
13769,Adalberto Mondesi,124,64,16,54,52.3909787234042,0.244,0.704,0,0,1,0,0,0,0,0,0
13853,Joey Wendle,392,116,18,92,107.3624242424242,0.51,1.39,0,0,1,0,0,0,0,0,1
14111,Eric Haase,574,76,32,88,75.4795950920246,0.438,1.408,0,0,0,1,0,0,1,0,0
14128,Joey Gallo,84,174,76,178,182.7466666666666,0.418,1.662,0,0,0,0,0,0,1,1,0
14161,Byron Buxton,23,82,29,72,80.3500616016427,0.27,0.856,0,0,0,0,1,0,0,0,0
14162,Carlos Correa,12,86,25,85,97.7532059308072,0.273,0.825,0,0,0,0,0,0,0,0,1
14221,Jorge Soler,296,146,60,160,171.1521929824562,0.476,1.598,0,0,0,0,0,1,0,1,0
14274,Mitch Haniger,180,174,60,168,178.4915986733002,0.498,1.582,0,0,0,0,0,1,0,1,0
14350,Raimel Tapia,423,61,5,43,57.5598712446352,0.28,0.72,0,0,0,0,0,0,1,0,0
14551,Anthony Santander,398,128,50,142,140.7919073359074,0.5,1.522,0,0,0,0,0,1,0,1,0
14566,Franmil Reyes,133,76,35,97,92.1233190394511,0.255,0.829,0,0,0,0,0,1,0,0,0
14712,Manuel Margot,696,156,30,141,152.8367552447553,0.765,2.139,0,0,0,0,1,0,1,1,0
14811,Luke Voit,201,61,24,69,71.1830238611714,0.248,0.805,1,0,0,0,0,0,0,0,0
14813,Kyle Farmer,222,47,12,50,51.3407766990291,0.255,0.711,0,0,0,0,0,0,0,0,1
14854,Mike Yastrzemski,218,144,46,138,151.12352,0.484,1.568,0,0,0,0,1,0,0,1,0
14894,Tony Kemp,312,108,14,76,111.688422907489,0.5,1.422,0,1,0,0,0,0,1,0,0
15112,Ryan McMahon,240,152,50,162,166.9066666666666,0.508,1.58,0,1,1,0,0,0,0,0,0
15117,Hunter Dozier,596,112,34,108,122.9794345114344,0.474,1.466,0,0,1,0,0,0,0,1,0
15149,Trey Mancini,364,154,48,152,177.4170746268656,0.524,1.564,1,0,0,0,0,1,0,0,0
15161,Mitch Garver,91,53,21,55,58.7362194513716,0.238,0.792,0,0,0,1,0,0,0,0,0
15172,Tim Anderson,55,98,20,69,89.5002977346278,0.295,0.785,0,0,0,0,0,0,0,0,1
15191,Chad Pinder,301,46,14,48,47.1329219512195,0.232,0.691,0,0,0,0,0,0,0,1,0
15223,Adam Frazier,118,69,7,48,67.1269787234043,0.266,0.7,0,1,0,0,0,0,0,0,0
15279,Garrett Cooper,242,45,12,45,51.3722662889518,0.265,0.78,0,0,0,0,0,0,0,1,0
15362,Jeff McNeil,258,120,24,110,140.1423089430894,0.554,1.524,0,1,0,0,0,0,1,0,0
15429,Kris Bryant,261,270,78,246,309.48505050505196,0.8190000000000001,2.58,0,0,1,0,0,0,1,1,0
15464,Hunter Renfroe,154,76,32,85,78.5272647058824,0.24,0.791,0,0,0,0,0,0,0,1,0
15482,Aristides Aquino,698,78,34,84,80.6965217391304,0.448,1.536,0,0,0,0,0,0,1,1,0
15491,J.P. Crawford,84,75,10,55,72.0980632090762,0.254,0.693,0,0,0,0,0,0,0,0,1
15518,Amed Rosario,119,73,12,59,72.7602151675485,0.278,0.735,0,0,0,0,0,0,0,0,1
15653,Dominic Smith,315,48,16,57,57.5000833333333,0.259,0.766,0,0,0,0,0,0,1,0,0
15672,Austin Meadows,340,154,54,176,166.6927944250872,0.494,1.584,0,0,0,0,0,1,1,0,0
15676,José Abreu,115,86,30,101,99.6786998394863,0.265,0.816,1,0,0,0,0,0,0,0,0
15679,Rowdy Tellez,276,50,19,58,58.8429851485149,0.252,0.786,1,0,0,0,0,0,0,0,0
15711,Tyler O'Neill,67,80,31,82,83.1307221172023,0.256,0.826,0,0,0,0,0,0,1,0,0
15730,Tyler Wade,1041,102,9,60,71.9254085603112,0.678,1.881,0,0,1,0,1,0,0,0,1
15878,Miguel Andújar,519,13,4,13,13.43075,0.259,0.74,0,0,0,0,0,0,1,0,0
15905,Luis Torrens,576,58,20,68,68.065806451613,0.476,1.43,0,0,0,1,0,1,0,0,0
15937,Aledmys Díaz,247,34,10,39,38.5517105263158,0.253,0.722,0,0,1,0,0,0,0,0,0
15941,Austin Nola,173,37,9,42,45.701838150289,0.259,0.734,0,0,0,1,0,0,0,0,0
15983,Clint Frazier,728,80,26,78,90.1077894736842,0.468,1.486,0,0,0,0,0,0,1,1,0
15986,Willy Adames,49,80,26,73,84.3708794567063,0.255,0.789,0,0,0,0,0,0,0,0,1
15998,Cody Bellinger,60,78,27,80,81.8147571428571,0.244,0.797,0,0,0,0,1,0,0,0,0
16219,J.D. Davis,260,36,11,35,43.5962032786885,0.256,0.772,0,0,1,0,0,0,0,0,0
16376,Michael Conforto,73,75,23,76,88.7293950177936,0.257,0.816,0,0,0,0,0,0,0,1,0
16403,Francisco Mejía,204,30,8,32,33.1360592592593,0.244,0.71,0,0,0,1,0,0,0,0,0
16434,Christian Arroyo,378,17,4,16,17.0057313432836,0.248,0.721,0,1,0,0,0,0,0,0,0
16472,Rhys Hoskins,61,86,35,89,99.0107177700348,0.241,0.869,1,0,0,0,0,0,0,0,0
16478,Kyle Schwarber,71,87,36,84,96.2612323943662,0.243,0.864,0,0,0,0,0,0,1,0,0
16505,Matt Chapman,41,81,31,82,83.6351107325383,0.228,0.782,0,0,1,0,0,0,0,0,0
16512,Isiah Kiner-Falefa,165,59,7,45,58.6432671755725,0.268,0.679,0,0,0,0,0,0,0,0,1
16535,Danny Jansen,128,44,15,43,44.2329566563467,0.234,0.758,0,0,0,1,0,0,0,0,0
16572,Connor Joe,262,51,14,51,59.9334358974359,0.265,0.806,0,0,0,0,0,0,1,0,0
16578,Yandy Díaz,314,114,24,108,135.7186863157894,0.54,1.546,1,0,1,0,0,0,0,0,0
16622,Luis Urías,228,207,54,192,221.88982857142858,0.753,2.301,0,1,1,0,0,0,0,0,1
16909,Colin Moran,617,40,13,48,46.6764102564103,0.253,0.742,1,0,0,0,0,0,0,0,0
16939,Lane Thomas,228,56,14,51,54.28,0.24,0.739,0,0,0,0,1,0,0,0,0
16997,Gleyber Torres,79,68,20,68,77.5237178571429,0.263,0.768,0,0,0,0,0,0,0,0,1
17022,Edmundo Sosa,348,82,16,72,87.8821609195402,0.524,1.432,0,1,0,0,0,0,0,0,1
17027,Alex Verdugo,258,255,45,195,265.3103030303031,0.861,2.364,0,0,0,0,1,0,1,1,0
17128,Ramón Laureano,75,66,20,59,68.5003924843424,0.254,0.778,0,0,0,0,1,0,0,0,0
17232,Yoán Moncada,47,82,19,69,88.5304118616145,0.26,0.783,0,0,1,0,0,0,0,0,0
17273,Jorge Mateo,323,37,7,32,35.3787572254335,0.237,0.659,0,0,0,0,1,0,0,0,0
17278,Bobby Bradley,319,50,21,58,50.6437212713936,0.213,0.724,1,0,0,0,0,0,0,0,0
17321,Michael Chavis,588,44,13,45,43.2933140495868,0.239,0.704,0,1,0,0,0,0,0,0,0
1744,Miguel Cabrera,1250,88,26,112,109.7272160356348,0.502,1.406,1,0,0,0,0,1,0,0,0
17484,Eloy Jiménez,106,74,31,92,91.7107865748709,0.271,0.822,0,0,0,0,0,0,1,0,0
17620,Myles Straw,101,74,4,42,62.9023060498221,0.263,0.684,0,0,0,0,1,0,0,0,0
17710,Matt Beaty,1152,66,15,66,64.6727710843374,0.762,2.208,1,0,0,0,0,0,1,1,0
17838,Willie Calhoun,770,94,30,94,107.3938164251208,0.506,1.474,0,0,0,0,0,1,1,0,0
17901,Andrew Benintendi,126,68,17,70,77.4856088560886,0.27,0.781,0,0,0,0,0,0,1,0,0
17907,Brendan Rodgers,324,134,36,132,152.9867360308286,0.556,1.566,0,1,0,0,0,0,0,0,1
17919,Ian Happ,210,140,52,142,157.0079189686924,0.48,1.584,0,0,0,0,1,0,1,0,0
17929,Cedric Mullins,52,85,23,61,85.6490502431118,0.26,0.775,0,0,0,0,1,0,0,0,0
17954,Sam Hilliard,320,44,17,44,43.3773469387755,0.228,0.743,0,0,0,0,1,0,0,0,0
17982,Ty France,267,216,57,216,256.8285561497325,0.8160000000000001,2.349,1,1,0,0,0,1,0,0,0
17988,Tyler Stephenson,130,120,28,112,137.1259701492538,0.538,1.552,1,0,0,1,0,0,0,0,0
17992,David Fletcher,386,132,8,94,129.8798260869566,0.542,1.334,0,1,0,0,0,0,0,0,1
18015,Paul DeJong,113,56,20,59,58.0601978494624,0.229,0.723,0,0,0,0,0,0,0,0,1
18030,Harrison Bader,63,64,19,58,66.5818452380952,0.245,0.746,0,0,0,0,1,0,0,0,0
18036,Jake Cronenworth,144,243,51,207,260.4802040816328,0.8160000000000001,2.361,1,1,0,0,0,0,0,0,1
18042,Dylan Moore,678,48,14,42,41.4034343434344,0.418,1.336,0,1,0,0,0,0,1,0,0
18126,LaMonte Wade Jr.,711,165,45,147,171.4707594339624,0.726,2.265,1,0,0,0,0,0,1,1,0
18171,Seth Brown,303,54,20,60,52.0678451025057,0.225,0.716,0,0,0,0,0,0,0,1,0
18289,Brian Anderson,138,51,15,55,60.7005572687225,0.247,0.742,0,0,1,0,0,0,0,0,0
18314,Dansby Swanson,72,80,25,79,83.4485355987055,0.251,0.759,0,0,0,0,0,0,0,0,1
18345,Kyle Tucker,15,87,32,95,104.943243781095,0.279,0.875,0,0,0,0,0,0,0,1,0
18360,Austin Riley,59,83,30,92,97.0713766891892,0.272,0.834,0,0,1,0,0,0,0,0,0
18363,Victor Robles,241,50,9,38,47.2607990430622,0.234,0.681,0,0,0,0,1,0,0,0,0
18373,Ryan Mountcastle,489,234,90,258,262.7960000000001,0.783,2.373,1,0,0,0,0,1,1,0,0
18401,Ronald Acuña Jr.,10,97,33,79,102.500193423598,0.281,0.945,0,0,0,0,0,0,0,1,0
18564,Trent Grisham,57,78,19,65,77.1698412698413,0.245,0.761,0,0,0,0,1,0,0,0,0
18568,Luis Arraez,537,171,12,126,193.7070901287555,0.8999999999999999,2.265,0,1,1,0,0,0,1,0,0
18577,Ke'Bryan Hayes,50,77,15,63,80.180087394958,0.265,0.755,0,0,1,0,0,0,0,0,0
18607,Jared Walsh,102,78,29,91,89.4282661996497,0.261,0.817,1,0,0,0,0,0,0,0,0
18882,Brandon Lowe,24,91,34,91,97.9379863013699,0.255,0.854,0,1,0,0,0,0,0,0,0
19197,Will Smith,17,73,28,81,88.2396666666667,0.264,0.885,0,0,0,1,0,0,0,0,0
19198,Yuli Gurriel,191,68,15,69,76.689037037037,0.278,0.764,1,0,0,0,0,0,0,0,0
19238,Lourdes Gurriel Jr.,189,68,23,77,76.368282527881,0.268,0.777,0,0,0,0,0,0,1,0,0
19251,Pete Alonso,43,89,40,106,112.176650793651,0.259,0.875,1,0,0,0,0,0,0,0,0
19252,Cavan Biggio,186,57,14,49,56.8338270509978,0.228,0.729,0,0,1,0,0,0,0,0,0
19260,Jake Fraley,245,50,14,48,51.2693368700265,0.241,0.768,0,0,0,0,0,0,1,0,0
19262,Garrett Hampson,718,100,20,68,89.5288503937008,0.5,1.42,0,1,0,0,1,0,0,0,0
19287,Adolis García,406,136,50,146,123.8660036832412,0.458,1.404,0,0,0,0,1,0,0,1,0
19290,Randy Arozarena,228,168,46,144,171.2094068965518,0.518,1.586,0,0,0,0,0,0,1,1,0
19293,Nick Senzel,238,49,10,41,49.6479272727273,0.262,0.743,0,0,0,0,1,0,0,0,0
19294,Nick Solak,293,43,10,39,45.9475409836066,0.256,0.716,0,1,0,0,0,0,0,0,0
19326,Bryan Reynolds,30,85,25,84,109.334258064516,0.285,0.87,0,0,0,0,1,0,0,0,0
19339,Nicky Lopez,141,64,3,41,58.4798026565465,0.266,0.677,0,0,0,0,0,0,0,0,1
19352,Sean Murphy,83,47,18,52,54.3563269230769,0.226,0.737,0,0,0,1,0,0,0,0,0
19363,Austin Hays,302,142,42,138,144.1118518518518,0.514,1.506,0,0,0,0,0,0,1,1,0
19470,Tommy Edman,190,160,24,114,145.6689678510998,0.534,1.438,0,1,0,0,0,0,0,1,0
19508,Kyle Lewis,172,54,19,53,59.5271396895787,0.244,0.752,0,0,0,0,1,0,0,0,0
19566,Nathaniel Lowe,134,72,19,71,82.7352083333333,0.258,0.778,1,0,0,0,0,0,0,0,0
19599,Chas McCormick,660,126,36,123,120.01622641509451,0.726,2.184,0,0,0,0,1,0,1,1,0
19610,Keibert Ruiz,107,47,16,54,58.4814285714286,0.269,0.778,0,0,0,1,0,0,0,0,0
19612,Bo Bichette,13,104,27,90,102.916376175549,0.29,0.835,0,0,0,0,0,0,0,0,1
19734,Josh Rojas,507,210,33,150,196.7371003717473,0.747,2.145,0,1,0,0,0,0,0,1,1
19844,Abraham Toro,384,88,22,86,91.8626944444444,0.492,1.456,0,1,1,0,0,0,0,0,0
19913,Jesús Sánchez,232,120,44,138,143.6210493096646,0.508,1.548,0,0,0,0,0,0,1,1,0
19918,Daulton Varsho,222,120,34,114,123.2996454545454,0.506,1.55,0,0,0,1,1,0,0,0,0
19948,Cristian Pache,274,43,10,39,40.859099756691,0.229,0.647,0,0,0,0,1,0,0,0,0
19950,Andrés Giménez,294,98,24,82,97.054294117647,0.49,1.404,0,1,0,0,0,0,0,0,1
19955,Gavin Lux,360,98,22,90,99.5044324324324,0.514,1.506,0,1,0,0,0,0,0,0,1
19958,Carter Kieboom,265,41,9,37,42.9712369942197,0.24,0.71,0,0,1,0,0,0,0,0,0
19966,Bobby Dalbec,158,62,29,75,73.4541677148847,0.237,0.817,1,0,0,0,0,0,0,0,0
19997,Santiago Espinal,282,35,4,29,34.6093704918033,0.264,0.684,0,0,1,0,0,0,0,0,0
20003,Keston Hiura,393,37,13,38,38.0142906574394,0.23,0.746,1,0,0,0,0,0,0,0,0
20043,Luis Robert,16,87,29,86,99.2218549747049,0.285,0.85,0,0,0,0,1,0,0,0,0
20126,Dylan Carlson,156,160,42,144,177.6042649434572,0.514,1.55,0,0,0,0,1,0,0,1,0
20220,Jo Adell,310,60,19,65,61.0518505050505,0.241,0.722,0,0,0,0,0,0,1,0,0
20325,Alex Kirilloff,334,114,38,128,137.8386666666666,0.542,1.564,1,0,0,0,0,0,0,1,0
20391,Luis García,286,46,11,42,46.5342222222222,0.265,0.721,0,1,0,0,0,0,0,0,0
20454,Jazz Chisholm Jr.,278,154,42,124,135.9453176043558,0.48,1.462,0,1,0,0,0,0,0,0,1
20493,Seth Beer,402,38,11,40,43.3884590163934,0.251,0.759,0,0,0,0,0,1,0,0,0
20521,Nick Madrigal,140,51,4,41,57.4064705882353,0.295,0.733,0,1,0,0,0,0,0,0,0
20536,Vidal Bruján,516,68,10,52,60.6853731343284,0.496,1.39,0,1,0,0,0,0,0,1,0
2136,David Peralta,223,57,12,62,68.906927592955,0.269,0.748,0,0,0,0,0,0,1,0,0
21479,Nico Hoerner,184,38,4,33,42.1529884393064,0.272,0.705,0,1,0,0,0,0,0,0,0
21501,Trevor Larnach,868,66,18,64,70.3672996632996,0.464,1.386,0,0,0,0,0,0,1,1,0
21523,Jonathan India,35,96,22,72,97.5496235679214,0.261,0.816,0,1,0,0,0,0,0,0,0
21524,Joey Bart,243,38,9,38,38.1339154929577,0.24,0.661,0,0,0,1,0,0,0,0,0
21618,Alec Bohm,190,57,13,56,61.2118181818182,0.264,0.733,0,0,1,0,0,0,0,0,0
21711,Oneil Cruz,122,57,16,56,59.917201793722,0.26,0.764,0,0,0,0,0,0,0,0,1
22168,Akil Baddoo,320,148,36,122,143.3798198198198,0.49,1.494,0,0,0,0,1,0,1,0,0
22558,Jarred Kelenic,171,65,21,66,63.829245647969,0.232,0.73,0,0,0,0,1,0,0,0,0
22581,Alejandro Kirk,145,42,14,47,52.3403560830861,0.266,0.805,0,0,0,1,0,0,0,0,0
23378,Jose Barrero,208,38,10,38,41.1150285714286,0.254,0.736,0,0,0,0,0,0,0,0,1
2396,Carlos Santana,280,60,18,61,68.4409297912713,0.233,0.737,1,0,0,0,0,0,0,0,0
2434,Nelson Cruz,183,71,29,84,84.9126098484848,0.262,0.829,0,0,0,0,0,1,0,0,0
24617,Jarren Duran,340,38,7,29,34.6930380622837,0.251,0.712,0,0,0,0,1,0,0,0,0
24618,Ryan Jeffers,161,38,15,43,41.5763227665706,0.22,0.71,0,0,0,1,0,0,0,0,0
2967,Tommy Pham,127,66,16,53,69.6047434343434,0.255,0.778,0,0,0,0,0,0,1,0,0
3269,Robinson Canó,365,37,10,40,42.5685358255452,0.262,0.738,0,1,0,0,0,0,0,0,0
3473,Anthony Rizzo,110,76,24,73,86.301609403255,0.255,0.805,1,0,0,0,0,0,0,0,0
3516,Eric Hosmer,343,56,15,63,65.7014398422091,0.264,0.735,1,0,0,0,0,0,0,0,0
4106,Michael Brantley,246,130,22,110,147.856508,0.582,1.564,0,0,0,0,0,1,1,0,0
4314,Joey Votto,131,79,29,83,95.3427017241379,0.255,0.844,1,0,0,0,0,0,0,0,0
4418,Jed Lowrie,550,86,22,94,98.0674015748032,0.496,1.464,0,1,0,0,0,1,0,0,0
4892,Mike Moustakas,249,59,24,70,68.1074775510204,0.241,0.767,0,0,1,0,0,0,0,0,0
4940,Jason Heyward,277,35,8,32,37.2657385620915,0.243,0.711,0,0,0,0,0,0,0,1,0
4949,Giancarlo Stanton,200,156,68,190,194.2562504347826,0.524,1.708,0,0,0,0,0,1,0,1,0
5038,Josh Donaldson,102,150,56,144,170.6033358925144,0.496,1.68,0,0,1,0,0,1,0,0,0
5222,Justin Upton,372,45,17,46,44.4952549575071,0.223,0.732,0,0,0,0,0,0,1,0,0
5235,Justin Turner,62,77,22,78,88.0564461247637,0.278,0.831,0,0,1,0,0,0,0,0,0
5254,Robbie Grossman,300,144,32,112,147.2050623885918,0.482,1.494,0,0,0,0,0,0,1,1,0
5297,Aaron Hicks,166,54,16,50,55.9367428571429,0.228,0.748,0,0,0,0,1,0,0,0,0
5343,Brandon Crawford,70,66,17,68,71.51591522158,0.258,0.764,0,0,0,0,0,0,0,0,1
5417,Jose Altuve,36,97,25,76,95.2870485436893,0.276,0.811,0,1,0,0,0,0,0,0,0
5452,Ji-Man Choi,291,49,15,53,55.7432589073634,0.232,0.747,1,0,0,0,0,0,0,0,0
5517,Kyle Higashioka,240,34,15,43,34.2041433224756,0.214,0.688,0,0,0,1,0,0,0,0,0
5760,Avisaíl García,94,70,23,75,79.0024954954955,0.264,0.772,0,0,0,0,0,0,0,1,0
5827,Wilmer Flores,630,147,45,153,170.9338618925832,0.804,2.34,1,1,1,0,0,0,0,0,0
5913,Leury García,1160,204,24,156,187.839375609756,1.048,2.74,0,1,0,0,1,0,1,1,0
5933,Jean Segura,92,76,14,62,77.8648821428571,0.281,0.76,0,1,0,0,0,0,0,0,0
6012,Didi Gregorius,257,47,14,56,49.7833090024331,0.242,0.707,0,0,0,0,0,0,0,0,1
6153,Eduardo Escobar,264,138,48,158,149.5136551724138,0.486,1.478,0,1,1,0,0,0,0,0,0
6887,Martín Maldonado,218,41,12,40,38.4997014925373,0.195,0.622,0,0,0,1,0,0,0,0,0
7007,Yadier Molina,213,40,10,49,44.4534963325183,0.249,0.663,0,0,0,1,0,0,0,0,0
7739,Travis d'Arnaud,185,44,14,51,49.9283290488432,0.251,0.729,0,0,0,1,0,0,0,0,0
7802,Miguel Rojas,97,63,8,49,62.7944827586207,0.268,0.707,0,0,0,0,0,0,0,0,1
7859,Charlie Blackmon,311,75,16,70,81.9848971962617,0.278,0.796,0,0,0,0,0,0,0,1,0
8202,Josh Harrison,678,141,27,135,158.6662248803829,0.798,2.151,0,1,1,0,0,0,1,0,0
8709,Elvis Andrus,253,45,6,36,43.1865794392523,0.247,0.644,0,0,0,0,0,0,0,0,1
9077,Lorenzo Cain,178,50,8,42,51.9125890736342,0.263,0.718,0,0,0,0,1,0,0,0,0
9218,Paul Goldschmidt,44,95,30,88,109.392933947773,0.276,0.852,1,0,0,0,0,0,0,0,0
9241,Starling Marte,85,87,16,64,82.1095846422338,0.278,0.776,0,0,0,0,1,0,0,0,0
9256,AJ Pollock,137,57,21,66,66.3290566037736,0.27,0.818,0,0,0,0,0,0,1,0,0
9368,Evan Longoria,176,54,17,57,57.6920188235294,0.252,0.755,0,0,1,0,0,0,0,0,0
9627,Yan Gomes,168,37,12,40,40.0093171521036,0.249,0.728,0,0,0,1,0,0,0,0,0
9774,Christian Vázquez,143,49,10,48,51.3170866666667,0.255,0.69,0,0,0,1,0,0,0,0,0
9847,Andrew McCutchen,261,63,20,61,68.8967364016736,0.241,0.784,0,0,0,0,0,0,1,0,0
9874,DJ LeMahieu,264,234,36,177,236.94004130808958,0.8430000000000001,2.25,1,1,1,0,0,0,0,0,0
9927,Brett Gardner,614,74,16,60,73.1808524590164,0.46,1.41,0,0,0,0,1,0,1,0,0
9929,Darin Ruf,504,80,28,82,94.4020641025642,0.502,1.61,1,0,0,0,0,0,1,0,0
sa3004138,Nick Pratto,346,35,11,36,36.1948857142857,0.23,0.739,1,0,0,0,0,0,0,0,0
sa3004139,MJ Melendez,325,23,7,25,23.5340888888889,0.237,0.753,0,0,0,1,0,0,0,0,0
sa3004259,Royce Lewis,451,5,1,5,4.97840909090909,0.241,0.683,0,0,0,0,0,0,0,0,1
sa3004378,Drew Waters,492,4,1,3,3.94327777777778,0.238,0.666,0,0,0,0,0,0,1,0,0
sa3004615,Jeter Downs,485,4,1,4,3.77861111111111,0.221,0.673,0,0,0,0,0,0,0,0,1
sa3005720,Julio Rodríguez,135,40,10,37,43.6572557377049,0.27,0.777,0,0,0,0,0,0,0,1,0
sa3006892,Alek Thomas,250,33,6,27,33.901031496063,0.265,0.748,0,0,0,0,1,0,0,0,0
sa3007634,Triston Casas,351,23,6,22,24.1291885714286,0.248,0.761,1,0,0,0,0,0,0,0,0
sa3007876,Brennen Davis,381,23,6,20,21.7292470588235,0.237,0.737,0,0,0,0,1,0,0,0,0
sa3010152,CJ Abrams,396,15,2,12,12.514528,0.236,0.644,0,0,0,0,0,0,0,0,1
sa3010694,Riley Greene,152,53,13,49,56.0609345794393,0.254,0.744,0,0,0,0,1,0,0,0,0
sa3011225,Bobby Witt Jr.,93,69,20,70,70.9575600739371,0.253,0.751,0,0,0,0,0,0,0,0,1
sa3011468,Josh Jung,437,6,2,7,7.326,0.254,0.737,0,0,1,0,0,0,0,0,0
sa3011643,Adley Rutschman,112,42,12,42,49.2310863509749,0.251,0.758,0,0,0,1,0,0,0,0,0
sa876320,Jeremy Peña,159,49,15,47,50.3907547169811,0.243,0.709,0,0,0,0,0,0,0,0,1
sa917952,Jose Miranda,272,33,9,33,37.5336603773585,0.273,0.769,0,0,1,0,0,0,0,0,0
