,Unnamed: 0,Name,Team,playerid,R,HR,RBI,RC,AVG,OPS,pr,position,IDFANGRAPHS,pr_pos,weighted_pr
0,44,Pete Alonso,NYM,19251,1.75491981598824,2.92778689736121,2.40165029349281,2.15235892833781,0.686123055451204,2.10494001645954,12.0277790070908,1B,19251,1.9193121694699709,13.94709117656077
324,30,George Springer,TOR,12856,1.99868636118971,2.4204930957965,1.6231532974433,1.87531600068097,0.959933821156274,2.15980806947708,11.0373906457438,CF,12856,2.150125350805732,13.187515996549532
325,31,Bryan Reynolds,PIT,19326,1.58080085513005,1.40590549266709,1.65853952453646,2.08533898307424,1.91827150112402,2.06378897669638,10.7126453332282,CF,19326,2.062705672429157,12.775351005657358
1,43,Paul Goldschmidt,STL,9218,1.92903877684643,1.9131992942318,1.76469820581594,2.09972299815332,1.50755535256641,1.83059975137183,11.0448143789857,1B,9218,1.6547034181415903,12.69951779712729
326,20,Luis Robert,CHW,20043,1.61562464730168,1.71028177360591,1.6231532974433,1.74529328188354,1.96390662874153,1.81688273811744,10.4751423670934,CF,20043,1.9987711609433614,12.47391352803676
93,56,Austin Riley,ATL,18360,1.58080085513005,2.01465805454474,2.01240179546806,1.78492891524003,1.32501484209637,1.5699764995385,10.2877809620177,3B,18360,1.801449813856934,12.089230775874634
210,106,Teoscar Hernández,TOR,13066,1.68527223164496,2.21757557517062,2.08317424965438,1.61226288272276,1.09683920400881,1.55625948628412,10.2513836294857,LF,13066,1.7805050787155194,12.031888708201219
44,27,Brandon Lowe,TBR,18882,1.78974360815988,2.31903433548356,1.90624311418858,1.73168039648504,0.549217672598669,1.84431676462621,10.1402358915419,2B,18882,1.684534857090998,11.824770748632899
2,105,José Abreu,CHW,15676,1.65044843947332,2.01465805454474,2.29549161221333,1.83689003849157,1.09683920400881,1.43280636699465,10.3271337157264,1B,15676,1.4615076726103866,11.788641388336787
273,101,Giancarlo Stanton,NYY,4949,1.33703430992858,2.31903433548356,1.94162934128174,1.70739908057064,0.868663565921251,1.89918481764376,10.0729454508295,RF,4949,1.636203404191386,11.709148855020887
172,19,Will Smith,LAD,19197,1.23256293341366,1.81174053391886,1.58776707035014,1.49410665782478,0.914298693538762,2.25582716225778,9.29630305130398,C,19197,2.240165326633935,11.536468377937915
45,38,Ketel Marte,ARI,13613,1.54597706295841,1.10152921172827,1.41083593488435,1.81882480359664,2.2377173944466,1.69342961882797,9.80831402644223,2B,13613,1.5951832896475966,11.403497316089828
3,128,Josh Bell,WSN,13145,1.47632947861513,1.9131992942318,1.9770155683749,1.76676020180898,1.0512040763913,1.69342961882797,9.87793823825007,1B,13145,1.3405866842056455,11.218524922455716
131,11,Carlos Correa,,14162,1.61562464730168,1.40590549266709,1.72931197872278,1.7491715962413,1.41628509733139,1.51510844652096,9.43140725878521,SS,14162,1.6064359882939585,11.037843247079168
211,107,Eloy Jiménez,CHW,17484,1.19773914124202,2.01465805454474,1.90624311418858,1.55901284920378,1.27937971447886,1.41908935374026,9.37612222739824,LF,17484,1.5448894522013095,10.921011679599548
46,36,Jose Altuve,HOU,5417,2.10315773770462,1.40590549266709,1.37544970779119,1.68150422533309,1.55319048018393,1.29563623445079,9.41484387813071,2B,5417,1.489263257885709,10.90410713601642
4,152,C.J. Cron,COL,12546,1.12809155689874,1.81174053391886,1.72931197872278,1.57607194487897,1.14247433162632,1.91290183089814,9.30059217694382,1B,12546,1.185168253065241,10.48576043000906
212,73,Kyle Schwarber,,16478,1.51115327078677,2.31903433548356,1.58776707035014,1.60817305382506,0.0928663964235519,1.88546780438937,9.00446193125846,LF,16478,1.4448405144593015,10.44930244571776
132,53,Tim Anderson,CHW,15172,2.06833394553298,1.00007045141532,1.09235989104591,1.47281671828712,2.37462277729913,0.938993889836773,8.94719767341725,SS,15172,1.4760893917816886,10.423287065198938
328,25,Byron Buxton,MIN,14161,1.47632947861513,1.81174053391886,1.23390479941855,1.2043745921123,1.23374458686134,1.88546780438937,8.84556179531555,CF,14161,1.5600969015060009,10.40565869682155
5,60,Rhys Hoskins,PHI,16472,1.58080085513005,2.31903433548356,1.69392575162962,1.67230212815291,-0.0896741140464948,2.03635495018761,9.21274390653726,1B,16472,1.16151997471015,10.374263881247408
383,137,Franmil Reyes,CLE,14566,1.30221051775694,2.52195185610945,2.08317424965438,1.53089190858801,0.503582544981157,1.48767442001219,9.42948549710212,DH,14566,0.9274439257366244,10.356929422838743
6,51,Max Muncy,LAD,13301,1.40668189427185,1.9131992942318,1.58776707035014,1.50223517435429,0.32104203451111,2.14609105622269,8.87701652394189,1B,13301,1.071143982578511,9.9481605065204
7,126,Joey Votto,CIN,4314,1.44150568644349,1.81174053391886,1.6231532974433,1.67775388090618,0.549217672598669,1.73458065859113,8.83795172990163,1B,4314,1.0606279517099122,9.898579681611542
94,64,Justin Turner,LAD,5235,1.30221051775694,1.20298797204121,1.41083593488435,1.45596558389128,1.59882560780144,1.5699764995385,8.54080211591372,3B,5235,1.3311725751369632,9.871974691050683
8,100,Jared Walsh,LAA,18607,1.37185810210021,1.81174053391886,1.87085688709542,1.49874886625555,0.868663565921251,1.39165532723149,8.81352328252279,1B,18607,1.0540519460501085,9.867575228572898
48,49,Jorge Polanco,MIN,13152,1.75491981598824,1.50736425298003,1.58776707035014,1.54199584595937,1.14247433162632,1.0075789561087,8.54210027301281,2B,13152,1.25432540867209,9.7964256816849
214,69,Tyler O'Neill,STL,15711,1.44150568644349,2.01465805454474,1.55238084325698,1.28281510014262,0.59485280021618,1.43280636699465,8.31901885159866,LF,15711,1.260322951741809,9.57934180334047
9,144,Ryan Mountcastle,BAL,18373,1.33703430992858,2.01465805454474,1.76469820581594,1.45794788842985,0.914298693538762,1.07616402238063,8.5648011746385,1B,18373,0.9870973024004212,9.551898477038922
49,37,Jonathan India,CIN,21523,2.03351015336135,1.10152921172827,1.19851857232539,1.73306956183991,0.823028438303739,1.30935324770518,8.19900918526383,2B,21523,1.1619671470160595,9.36097633227989
215,62,Christian Yelich,MIL,11477,1.65044843947332,1.10152921172827,1.23390479941855,1.55848426354532,1.00556894877379,1.58369351279289,8.13362917573213,LF,11477,1.210417055601088,9.344046231333218
274,87,Mitch Haniger,SEA,14274,1.7200960238166,2.01465805454474,1.69392575162962,1.53605964651661,0.229771779276087,0.993861942854315,8.18837319863797,RF,14274,1.128886766153424,9.317259964791395
134,29,Francisco Lindor,NYM,12916,1.7200960238166,1.50736425298003,1.55238084325698,1.51111430574415,0.59485280021618,0.938993889836773,7.82480211585072,SS,12916,1.1739465898003687,8.998748705651089
216,42,Joey Gallo,NYY,14128,1.68527223164496,2.72486937673533,1.8000844329091,1.55209467776841,-1.54999819780687,1.5699764995385,7.78229902078944,LF,14128,1.1158408817029446,8.898139902492384
173,41,J.T. Realmuto,PHI,11739,1.33703430992858,1.10152921172827,1.48160838907067,1.32298415730402,0.868663565921251,0.911559863328002,7.02337949728078,C,11739,1.6283066225680978,8.651686119848879
95,48,Josh Donaldson,MIN,5038,1.30221051775694,1.71028177360591,1.30467725360487,1.47355995936795,0.184136651658575,1.58369351279289,7.55855966878713,3B,5038,1.0667582310145927,8.625317899801724
386,153,Nelson Cruz,,2434,1.09326776472711,1.71028177360591,1.55238084325698,1.28908514917411,0.823028438303739,1.46024039350342,7.92828436257128,DH,2434,0.5233287151346807,8.45161307770596
217,84,Alex Verdugo,BOS,17027,1.47632947861513,0.391317889537675,0.986201209766433,1.49837257792655,2.00954175635904,0.993861942854315,7.35562485505914,LF,17027,1.0009825083801747,8.356607363439315
278,189,Jorge Soler,,14221,1.23256293341366,2.01465805454474,1.55238084325698,1.3742555674376,-0.180944369281518,1.28191922119641,7.27483225056787,RF,14221,0.8829664932925699,8.15779874386044
219,130,Marcell Ozuna,ATL,10324,0.919148803868914,1.40590549266709,1.34006348069803,1.118103555315,1.00556894877379,1.39165532723149,7.18044560855431,LF,10324,0.953825204494634,8.134270813048945
331,57,Starling Marte,NYM,9241,1.75491981598824,0.594235410163558,0.986201209766433,1.28998197175413,1.59882560780144,0.788106744038532,7.01227075951233,CF,9241,1.066584889033528,8.078855648545858
220,112,Randy Arozarena,TBR,19290,1.58080085513005,1.20298797204121,1.16313234523223,1.35421648989157,0.777393310686227,1.03501298261747,7.11354395559875,LF,19290,0.9358156420503561,8.049359597649106
10,169,Trey Mancini,BAL,15149,1.33703430992858,1.30444673235415,1.37544970779119,1.49625412803134,0.914298693538762,0.911559863328002,7.33904343497201,1B,15149,0.6571299611040172,7.996173396076027
279,147,Hunter Renfroe,MIL,15464,1.30221051775694,2.11611681485768,1.69392575162962,1.15393399295691,-0.135309241664006,0.993861942854315,7.12473977839146,RF,15464,0.8425624131142715,7.967302191505731
281,79,Michael Conforto,,16376,1.2673867255853,1.20298797204121,1.34006348069803,1.45242502129372,0.549217672598669,1.28191922119641,7.09400009341333,RF,16376,0.834287456492515,7.9282875499058445
174,33,Yasmani Grandal,CHW,11368,1.09326776472711,1.50736425298003,1.19851857232539,1.23691591533214,-0.317849752134053,1.69342961882797,6.41164637205859,C,11368,1.463631380160551,7.875277752219141
50,121,Ryan McMahon,COL,15112,1.30221051775694,1.40590549266709,1.51699461616383,1.3156986353347,0.503582544981157,0.966427916345544,7.01081972324926,2B,15112,0.842112982485941,7.852932705735201
135,47,Willy Adames,MIL,15986,1.44150568644349,1.40590549266709,1.23390479941855,1.3156923671042,0.549217672598669,0.966427916345544,6.91265393457755,SS,15986,0.9284012422140259,7.841055176791576
221,170,Austin Meadows,TBR,15672,1.30221051775694,1.50736425298003,1.69392575162962,1.24237783940912,0.184136651658575,0.993861942854315,6.9238769562886,LF,15672,0.884758313616872,7.808635269905472
282,288,Charlie Blackmon,COL,7859,1.2673867255853,0.594235410163558,1.16313234523223,1.24729991713406,1.59882560780144,1.06244700912624,6.93332701504283,RF,7859,0.7910351344616972,7.724362149504527
51,68,Javier Báez,DET,12979,1.44150568644349,1.71028177360591,1.58776707035014,1.08837207744866,0.503582544981157,0.554917518713979,6.88642667154334,2B,12979,0.8086270470364807,7.695053718579821
11,83,Brandon Belt,SFG,10264,1.16291534907038,1.50736425298003,1.09235989104591,1.22428813880632,0.32104203451111,1.74829767184552,7.05626733825927,1B,10264,0.5810081681958487,7.637275506455119
332,46,Cedric Mullins,BAL,17929,1.61562464730168,1.20298797204121,0.809270074300636,1.39480282833999,0.823028438303739,0.788106744038532,6.63382070432579,CF,17929,0.9647081849489535,7.598528889274744
222,185,Lourdes Gurriel Jr.,TOR,19238,0.988796388212191,1.10152921172827,1.37544970779119,1.08105894999147,1.23374458686134,0.842974797056074,6.62355364164054,LF,19238,0.8039129047266075,7.427466546367148
12,55,Jake Cronenworth,SDP,18036,1.47632947861513,0.594235410163558,1.09235989104591,1.37841986436985,1.37064996971388,0.952710903091158,6.86470551699949,1B,18036,0.5294407639613179,7.394146280960808
138,74,Dansby Swanson,ATL,18314,1.44150568644349,1.40590549266709,1.44622216197751,1.32600759021239,0.366677162128622,0.568634531968364,6.55495262539747,SS,18314,0.8321099881196335,7.387062613517103
13,111,Anthony Rizzo,,3473,1.2673867255853,1.20298797204121,1.26929102651171,1.40101369555711,0.59485280021618,1.11731506214378,6.85284728205529,1B,3473,0.5262485913725725,7.379095873427863
98,45,Yoán Moncada,CHW,17232,1.51115327078677,0.797152930789441,1.12774611813907,1.445801710336,0.777393310686227,0.897842850073616,6.55709019081112,3B,17232,0.7971680743763384,7.354258265187458
14,91,Ty France,SEA,17982,1.16291534907038,0.797152930789441,1.23390479941855,1.37968141878819,1.32501484209637,0.884125836819231,6.78279517698216,1B,17982,0.507390944290135,7.290186121272295
283,110,Avisaíl García,MIA,5760,1.09326776472711,1.20298797204121,1.34006348069803,1.12339202996496,0.959933821156274,0.73323869102099,6.45288375960857,RF,5760,0.6617024135583269,7.114586173166897
223,168,Adam Duvall,ATL,10950,0.988796388212191,2.21757557517062,1.72931197872278,0.94338581042496,-0.500390262604099,0.85669181031046,6.23537130023692,LF,10950,0.6994163219303887,6.934787622167309
15,70,DJ LeMahieu,NYY,9874,1.65044843947332,0.289859129224734,0.915428755580114,1.41545824222534,1.73573099065397,0.486332452442052,6.49325800959954,1B,9874,0.4294491077949974,6.922707117394538
55,160,Brendan Rodgers,COL,17907,0.953972596040552,0.6956941704765,0.986201209766433,1.08018211087564,1.59882560780144,0.870408823564845,6.18528451852541,2B,17907,0.619883378842217,6.805167897367627
100,52,Jeimer Candelario,DET,13621,1.16291534907038,0.898611691102383,1.12774611813907,1.4066515756772,0.640487927833692,0.884125836819231,6.12053849864196,3B,13621,0.6796507244612588,6.800189223103219
56,71,Whit Merrifield,KCR,11281,1.7200960238166,0.0869416085988508,0.950814982673274,1.29335833339223,1.78136611827148,0.280577253626269,6.1131543203787,2B,11281,0.6004663203652878,6.713620640743988
16,276,Miguel Sanó,MIN,12164,1.2673867255853,2.21757557517062,1.55238084325698,1.16550613663727,-0.865471283544192,0.980144929599929,6.31752292670592,1B,12164,0.3821421757655997,6.69966510247152
224,133,AJ Pollock,LAD,9256,0.640558466495806,1.00007045141532,0.986201209766433,0.785697395024842,1.23374458686134,1.36422130072272,6.01049341028647,LF,9256,0.638880412539774,6.649373822826244
17,158,Luke Voit,NYY,14811,0.884325011697275,1.50736425298003,1.19851857232539,1.03251476535939,0.32104203451111,1.32307026095957,6.26683489783276,1B,14811,0.36849723306478294,6.6353321308975435
57,94,Jean Segura,PHI,5933,1.30221051775694,0.391317889537675,0.844656301393795,1.16237060484637,1.73573099065397,0.58235154522275,6.0186378494115,2B,5933,0.5750229985533845,6.593660847964885
225,124,Andrew Benintendi,KCR,17901,1.02362018038383,0.594235410163558,1.12774611813907,1.11379180852371,1.23374458686134,0.85669181031046,5.94982991438197,LF,17901,0.6225501281698794,6.57238004255185
226,108,Ian Happ,CHC,17919,1.12809155689874,1.50736425298003,1.23390479941855,1.18819068625257,-0.135309241664006,1.0075789561087,5.92982100999459,LF,17919,0.6171638395344478,6.5469848495290375
286,104,Dylan Carlson,STL,20126,1.33703430992858,0.898611691102383,1.16313234523223,1.3431569811911,0.59485280021618,0.637219598240292,5.97400772591076,RF,20126,0.5327915802538387,6.506799306164599
140,81,Gleyber Torres,NYY,16997,1.05844397255547,0.898611691102383,1.09235989104591,1.14504769167686,0.914298693538762,0.692087651257834,5.80084959117722,SS,16997,0.6291095376938345,6.4299591288710545
59,72,Enrique Hernández,BOS,10472,1.44150568644349,1.10152921172827,1.09235989104591,1.21205687033911,0.229771779276087,0.774389730784147,5.85161316961702,2B,10472,0.5300608598377333,6.381674029454754
101,176,Eugenio Suárez,CIN,12552,1.05844397255547,2.01465805454474,1.48160838907067,1.026660970472,-0.728565900691657,0.897842850073616,5.75064833602483,3B,12552,0.5800782970714247,6.330726633096255
18,135,Nathaniel Lowe,TEX,19566,1.19773914124202,0.797152930789441,1.19851857232539,1.32327243049309,0.686123055451204,0.801823757292918,6.00462988759407,1B,19566,0.2979130651633854,6.302542952757455
60,95,Chris Taylor,LAD,13757,1.37185810210021,0.797152930789441,1.19851857232539,1.10157814220411,0.503582544981157,0.815540770547303,5.78823106294761,2B,13757,0.5129987401817231,6.301229803129333
19,140,Jonathan Schoop,DET,11265,1.16291534907038,1.10152921172827,1.26929102651171,1.15761461666999,0.914298693538762,0.390313359661353,5.99596225718047,1B,11265,0.2955797860248066,6.291542043205277
228,118,Michael Brantley,HOU,4106,0.919148803868914,0.0869416085988508,0.596952711741679,1.00625938023612,2.19208226682909,0.925276876582387,5.72666164785704,LF,4106,0.5624744401411875,6.289136087998227
175,76,Willson Contreras,CHC,11609,1.02362018038383,1.10152921172827,1.02158743685959,1.01873670377033,0.0928663964235519,0.897842850073616,5.15618277923919,C,11609,1.1256673841675393,6.281850163406729
102,35,Matt Chapman,OAK,16505,1.33703430992858,1.9131992942318,1.44622216197751,1.24789899255537,-0.865471283544192,0.623502584985906,5.70238606013497,3B,16505,0.5670863539288721,6.269472414063841
20,164,Bobby Dalbec,BOS,19966,0.814677427353998,1.81174053391886,1.26929102651171,0.972339123936526,-0.22657949689903,1.33678727421395,5.97825588903601,1B,19966,0.2908133276688247,6.2690692167048345
21,182,Yuli Gurriel,HOU,19198,1.02362018038383,0.391317889537675,1.12774611813907,1.08753066670563,1.64446073541895,0.664653624749063,5.93932921493422,1B,19198,0.28033447793920835,6.219663692873428
229,127,Jesús Sánchez,MIA,19913,0.849501219525637,1.20298797204121,1.23390479941855,1.0301039014487,0.549217672598669,0.760672717529761,5.62638828256252,LF,19913,0.5354813935722317,6.161869676134752
230,263,Eddie Rosario,,12155,0.77985363518236,1.10152921172827,1.26929102651171,0.753921938633694,0.868663565921251,0.678370638003448,5.45163001598073,LF,12155,0.48843741520073786,5.940067431181468
289,191,Anthony Santander,BAL,14551,0.953972596040552,1.40590549266709,1.23390479941855,0.951510766947548,0.32104203451111,0.58235154522275,5.4486872348076,RF,14551,0.3913781506923057,5.840065385499905
103,50,Ke'Bryan Hayes,PIT,18577,1.33703430992858,0.391317889537675,0.844656301393795,1.18698300343167,1.0512040763913,0.458898425933281,5.2700940066163,3B,18577,0.4507156756560765,5.720809682272376
290,109,Mike Yastrzemski,SFG,14854,1.09326776472711,1.20298797204121,1.09235989104591,1.04195544465598,-0.0440389864289831,0.897842850073616,5.28437493611484,RF,14854,0.34714617027119726,5.631521106386038
231,148,Austin Hays,BAL,19363,1.09326776472711,1.00007045141532,1.05697366395275,0.933014223598913,0.640487927833692,0.472615439187666,5.19642947071545,LF,19363,0.41973881131389734,5.6161682820293475
22,216,Alex Kirilloff,MIN,20325,0.640558466495806,0.797152930789441,0.986201209766433,0.890415609025881,1.27937971447886,0.85669181031046,5.45039974086688,1B,20325,0.14871731296552865,5.599117053832408
339,75,Brandon Nimmo,NYM,12927,1.16291534907038,0.289859129224734,0.384635349182722,1.1184498841281,0.868663565921251,1.1996171416701,5.02414041919729,CF,12927,0.5313909748405321,5.555531394037822
144,88,Amed Rosario,CLE,15518,1.23256293341366,0.188400368911792,0.809270074300636,1.00441385982437,1.59882560780144,0.253143227117498,5.0866160713694,SS,15518,0.43684174450014684,5.5234578158695475
61,132,Eduardo Escobar,NYM,6153,1.02362018038383,1.30444673235415,1.44622216197751,1.02708958002665,0.0015961411885285,0.294294266880655,5.09726906281132,2B,6153,0.3269955139782721,5.424264576789593
176,119,Keibert Ruiz,WSN,19610,0.396791921294336,0.594235410163558,0.738497620114317,0.675878168259992,1.23374458686134,0.788106744038532,4.42725445073208,C,19610,0.9294438281012605,5.35669827883334
341,59,Trent Grisham,SDP,18564,1.37185810210021,0.797152930789441,0.950814982673274,1.07561424645027,0.0928663964235519,0.554917518713979,4.84322417715073,CF,18564,0.4826893028431905,5.32591347999392
62,92,Luis Arraez,MIN,18568,1.05844397255547,-0.62326971359174,0.420021576275881,1.03444566689031,2.60279841538669,0.500049465696437,4.99248938321305,2B,18568,0.29878939201787763,5.291278775230928
342,67,Ramón Laureano,OAK,17128,0.988796388212191,0.898611691102383,0.773883847207476,0.836965069918246,0.503582544981157,0.788106744038532,4.78994628545999,CF,17128,0.4683471831060112,5.258293468566001
63,78,Luis Urías,MIL,16622,1.09326776472711,0.797152930789441,0.986201209766433,1.048861274045,0.366677162128622,0.664653624749063,4.95681396620567,2B,16622,0.2891857630799371,5.245999729285606
146,77,Brandon Crawford,SFG,5343,0.953972596040552,0.594235410163558,1.05697366395275,0.921241529825059,0.686123055451204,0.623502584985906,4.83604884041903,SS,5343,0.3693904037195524,5.205439244138582
23,227,Jesús Aguilar,MIA,11342,0.640558466495806,1.00007045141532,1.30467725360487,0.89471518364943,0.549217672598669,0.719521677766605,5.1087607055307,1B,11342,0.056749935950540745,5.165510641481241
292,82,Max Kepler,MIN,12144,1.19773914124202,1.30444673235415,1.09235989104591,1.04567255066483,-0.454755134986587,0.719521677766605,4.90498485808693,RF,12144,0.24501641713158742,5.150001275218518
234,236,Connor Joe,COL,16572,0.53608708998089,0.391317889537675,0.596952711741679,0.699699051716594,1.0512040763913,1.17218311516133,4.44744393452946,LF,16572,0.21811596362786453,4.6655598981573245
64,131,Jeff McNeil,NYM,15362,0.745029843010721,0.0869416085988508,0.632338938834838,0.897536688050413,1.50755535256641,0.58235154522275,4.45175397628399,2B,15362,0.15322635064743714,4.604980326931427
235,139,Mark Canha,NYM,11445,1.33703430992858,0.6956941704765,0.880042528486955,1.1184026751894,-0.22657949689903,0.554917518713979,4.35951170589638,LF,11445,0.19444508417315323,4.553956790069533
236,244,Tyler Naquin,CIN,13359,0.640558466495806,0.6956941704765,0.880042528486955,0.651523713469799,0.823028438303739,0.596068558477135,4.28691587570993,LF,13359,0.17490268007432558,4.461818555784255
65,90,Kolten Wong,MIL,12532,1.23256293341366,0.0869416085988508,0.596952711741679,0.934018350426085,1.09683920400881,0.390313359661353,4.33762816785044,2B,12532,0.12250430145004249,4.460132469300483
66,98,Tommy Edman,STL,19470,1.44150568644349,0.0869416085988508,0.667725165927998,0.982153216223046,1.14247433162632,0.0062369885385593,4.32703699735826,2B,19470,0.11965321574572339,4.446690213103983
178,113,Daulton Varsho,ARI,19918,0.675382258667444,0.594235410163558,0.596952711741679,0.549665646621504,0.457947417363645,0.746955704275376,3.62113914883321,C,19918,0.7124419570640927,4.333581105897303
147,96,Oneil Cruz,PIT,21711,0.710206050839083,0.594235410163558,0.738497620114317,0.6821924070879,0.777393310686227,0.623502584985906,4.12602738387699,SS,21711,0.17825647513238954,4.30428385900938
24,338,Eric Hosmer,SDP,3516,0.710206050839083,0.492776649850617,1.05697366395275,0.856819621130311,1.00556894877379,0.266860240371884,4.38920517491843,1B,3516,-0.13695051371242012,4.252254661206011
296,324,Randal Grichuk,TOR,10243,0.814677427353998,1.20298797204121,1.19851857232539,0.70485418594905,0.0015961411885285,0.266860240371884,4.18949453923006,RF,10243,0.052410300444326215,4.241904839674387
25,65,Tyler Stephenson,CIN,17988,0.745029843010721,0.188400368911792,0.632338938834838,0.804097694936129,1.23374458686134,0.760672717529761,4.36428415008459,1B,17988,-0.14365911855389676,4.220625031530693
237,249,Andrew McCutchen,,9847,0.884325011697275,0.898611691102383,0.809270074300636,0.79542710148694,-0.135309241664006,0.842974797056074,4.0952994339793,LF,9847,0.1233205723050234,4.218620006284324
238,125,Tommy Pham,,2967,0.953972596040552,0.492776649850617,0.561566484648519,0.875713363440818,0.457947417363645,0.746955704275376,4.08893221561953,LF,2967,0.12160655162570165,4.2105387672452315
239,157,Akil Baddoo,DET,22168,1.16291534907038,0.6956941704765,0.809270074300636,0.901859545210776,0.0928663964235519,0.404030372915739,4.06663590839759,LF,22168,0.11560450654234516,4.182240414939935
240,222,David Peralta,ARI,2136,0.640558466495806,0.0869416085988508,0.844656301393795,0.823935106511975,1.18810945924383,0.417747386170124,4.00194832841438,LF,2136,0.0981909605444501,4.10013928895883
26,278,Rowdy Tellez,MIL,15679,0.466439505637613,0.898611691102383,0.809270074300636,0.635252916471592,0.503582544981157,0.938993889836773,4.25215062233015,1B,15679,-0.17384485658838478,4.078305765741765
297,231,Wil Myers,SDP,10047,0.814677427353998,0.898611691102383,1.02158743685959,0.823222451857362,0.0015961411885285,0.458898425933281,4.01859357429515,RF,10047,0.006404686773956402,4.024998261069107
179,86,Mitch Garver,MIN,15161,0.501263297809252,0.898611691102383,0.596952711741679,0.518650609956722,-0.22657949689903,1.02129596936309,3.31019478307409,C,15161,0.6287374187688259,3.938932201842916
67,146,César Hernández,WSN,10556,1.16291534907038,0.289859129224734,0.703111393021157,0.976444838908276,0.686123055451204,0.102256081319258,3.92070984699501,2B,10556,0.010272148701932816,3.9309819956969427
298,221,Garrett Cooper,MIA,15279,0.501263297809252,0.391317889537675,0.561566484648519,0.628385597245316,1.00556894877379,0.842974797056074,3.93107701507062,RF,15279,-0.017154296728431793,3.9139227183421883
109,308,Mike Moustakas,CIN,4892,0.53608708998089,1.10152921172827,0.915428755580114,0.630692227972766,-0.0896741140464948,0.664653624749063,3.7587167959646,3B,4892,0.04386112050523061,3.802577916469831
241,145,Robbie Grossman,DET,5254,1.16291534907038,0.594235410163558,0.667725165927998,1.01062456017485,-0.0896741140464948,0.404030372915739,3.74985674420604,LF,5254,0.030329272127082377,3.7801860163331225
69,136,Jazz Chisholm Jr.,MIA,20454,1.2673867255853,1.00007045141532,0.809270074300636,0.767695872459959,-0.180944369281518,0.129690107828029,3.79316886230773,2B,20454,-0.024061193247870104,3.76910766905986
349,63,Harrison Bader,STL,18030,0.849501219525637,0.797152930789441,0.703111393021157,0.767374748186168,0.0928663964235519,0.390313359661353,3.60032004760731,CF,18030,0.14810624630597452,3.7484262939132846
299,198,Adolis García,TEX,19287,1.09326776472711,1.50736425298003,1.34006348069803,0.688070647359786,-0.637295645456634,-0.213235223531609,3.77823527677671,RF,19287,-0.0582984644476454,3.7199368123290646
350,138,Kyle Lewis,SEA,19508,0.745029843010721,0.898611691102383,0.773883847207476,0.758911433595023,0.0015961411885285,0.362879333152582,3.54091228925671,CF,19508,0.1321139996809112,3.6730262889376215
180,149,Alejandro Kirk,TOR,22581,0.048553999577951,0.188400368911792,0.278476667903243,0.264214656598664,1.14247433162632,1.17218311516133,3.0943031397793,C,22581,0.5706205582826128,3.664923698061913
110,186,Gio Urshela,NYY,10681,0.53608708998089,0.492776649850617,0.703111393021157,0.61642163166364,1.0512040763913,0.239426213863113,3.63902705477071,3B,10681,0.011641290758980611,3.6506683455296907
27,159,Yandy Díaz,TBR,16578,0.570910882152529,0.0869416085988508,0.4907940304622,0.728859073880204,1.23374458686134,0.760672717529761,3.87192289948489,1B,16578,-0.27620009917373683,3.595722800311153
28,233,Wilmer Flores,SFG,5827,0.396791921294336,0.492776649850617,0.52618025755536,0.514890023786634,1.09683920400881,0.815540770547303,3.84301882704306,1B,5827,-0.28398091884766713,3.559037908195393
351,183,Jarred Kelenic,SEA,22558,0.919148803868914,1.10152921172827,1.02158743685959,0.744099596814122,-0.500390262604099,0.129690107828029,3.41566489449482,CF,22558,0.09839807971035762,3.5140629742051774
29,286,Christian Walker,ARI,13419,0.814677427353998,0.594235410163558,0.880042528486955,0.764658896972616,0.32104203451111,0.376596346406968,3.7512526438952,1B,13419,-0.3086838780820563,3.4425687658131436
111,166,Patrick Wisdom,CHC,13602,0.814677427353998,1.60882301329297,1.16313234523223,0.631762617560996,-1.09364692163175,0.211992187354342,3.33674066916279,3B,13602,-0.06973256619605193,3.267008102966738
242,304,Jo Adell,LAA,20220,0.745029843010721,0.898611691102383,1.02158743685959,0.604788257071701,-0.0440389864289831,0.0611050415561013,3.28708328317152,LF,20220,-0.09424683587419604,3.192836447297324
243,235,Joc Pederson,,11899,0.640558466495806,1.00007045141532,0.738497620114317,0.56018933757275,-0.317849752134053,0.637219598240292,3.25868572170444,LF,11899,-0.10189130553844068,3.1567944161659995
112,179,Evan Longoria,SFG,9368,0.53608708998089,0.594235410163558,0.703111393021157,0.490562918244697,0.366677162128622,0.500049465696437,3.19072343923536,3B,9368,-0.10903961324413262,3.0816838259912274
113,252,Alec Bohm,PHI,21618,0.570910882152529,0.188400368911792,0.632338938834838,0.613498854538374,0.959933821156274,0.211992187354342,3.17707505294815,3B,21618,-0.11271368487381878,3.0643613680743313
70,129,Nick Madrigal,CHC,20521,0.501263297809252,-0.724728473904681,0.207704213716924,0.609788550968953,2.37462277729913,0.184558160845571,3.15320852673515,2B,20521,-0.19633504772215943,2.9568734790129905
244,541,Raimel Tapia,COL,14350,0.919148803868914,-0.521810953278798,0.278476667903243,0.66521036709213,1.69009586303646,0.0336710150473303,3.06479176366928,LF,14350,-0.15408650835535778,2.910705255313922
71,167,Gavin Lux,LAD,19955,0.710206050839083,0.188400368911792,0.561566484648519,0.570650895347666,0.640487927833692,0.43146439942451,3.10277612700526,2B,19955,-0.20991117644282897,2.892864950562431
181,85,Adley Rutschman,BAL,sa3011643,0.292320544779421,0.289859129224734,0.349249122089562,0.443466245062274,0.457947417363645,0.623502584985906,2.45634504350554,C,sa3011643,0.39888569577769134,2.8552307392832312
151,89,J.P. Crawford,SEA,15491,1.33703430992858,-0.115975912027032,0.632338938834838,0.967261458748479,0.503582544981157,-0.350405356075464,2.97383598439056,SS,15491,-0.13190720603397438,2.8419287783565856
182,238,Travis d'Arnaud,ATL,7739,0.292320544779421,0.391317889537675,0.667725165927998,0.403750374502295,0.366677162128622,0.170841147591185,2.2926322844672,C,7739,0.3548151081827251,2.6474473926499247
183,197,Elias Díaz,COL,11680,0.222672960436144,0.289859129224734,0.313862894996403,0.26063600563591,0.731758183068716,0.445181412678895,2.2639705860408,C,11680,0.3470995342803554,2.6110701203211555
114,143,Brian Anderson,MIA,18289,0.466439505637613,0.492776649850617,0.667725165927998,0.661470100621891,0.184136651658575,0.321728293389426,2.79427636708612,3B,18289,-0.21576101677157097,2.5785153503145493
152,99,Miguel Rojas,MIA,7802,0.849501219525637,-0.217434672339974,0.420021576275881,0.696115590161643,1.14247433162632,-0.158367170514067,2.73231087473544,SS,7802,-0.1969244567599671,2.535386417975473
72,115,Adam Frazier,SEA,15223,1.09326776472711,-0.318893432652915,0.349249122089562,0.835958613217967,1.0512040763913,-0.226952236785994,2.78383390698702,2B,15223,-0.2957686937653185,2.488065213221702
246,351,Dominic Smith,NYM,15653,0.222672960436144,0.289859129224734,0.561566484648519,0.38005756947668,0.686123055451204,0.513766478950823,2.6540456781881,LF,15653,-0.2646571287872604,2.3893885494008393
30,234,LaMonte Wade Jr.,SFG,18126,0.640558466495806,0.492776649850617,0.561566484648519,0.584222695186407,0.0015961411885285,0.513766478950823,2.7944869163207,1B,18126,-0.566240027356035,2.228246888964665
73,209,Tommy La Stella,SFG,12371,0.466439505637613,-0.0145171517140906,0.243090440810084,0.424326585418064,1.00556894877379,0.376596346406968,2.50150467533242,2B,12371,-0.3717701930213397,2.1297344823110804
116,307,Hunter Dozier,KCR,15117,0.605734674324167,0.594235410163558,0.632338938834838,0.633874414992198,-0.272214624516542,0.211992187354342,2.40596100115256,3B,15117,-0.3202934090504071,2.0856675921021526
31,277,Carlos Santana,KCR,2396,0.710206050839083,0.594235410163558,0.773883847207476,0.785650104933268,-0.454755134986587,0.253143227117498,2.6623635052743,1B,2396,-0.6018069336501403,2.06055657162416
74,114,Abraham Toro,SEA,19844,0.570910882152529,0.289859129224734,0.596952711741679,0.548858404263409,0.229771779276087,0.198275174099956,2.43462808075839,2B,19844,-0.38977300988509794,2.044855070873292
117,232,Adalberto Mondesi,KCR,13769,0.919148803868914,0.492776649850617,0.596952711741679,0.397208422917218,0.0928663964235519,-0.144650157259681,2.3543028275423,3B,13769,-0.33419950945736293,2.0201033180849373
247,253,Ben Gamel,PIT,12160,0.675382258667444,0.188400368911792,0.420021576275881,0.773114412218072,0.0928663964235519,0.198275174099956,2.3480601865967,LF,12160,-0.3470267650280712,2.001033421568629
75,174,Josh Rojas,ARI,19734,1.05844397255547,-0.0145171517140906,0.420021576275881,0.704265035084181,0.275406906893599,-0.0760650909877536,2.36755524810728,2B,19734,-0.40782865297581766,1.9597265951314622
184,117,Carson Kelly,ARI,13620,0.222672960436144,0.391317889537675,0.455407803369041,0.350744578301891,-0.0896741140464948,0.390313359661353,1.72078247725961,C,13620,0.20087623886219397,1.921658716121804
354,239,Lane Thomas,WSN,16939,0.710206050839083,0.289859129224734,0.52618025755536,0.459851166375264,-0.0896741140464948,0.253143227117498,2.14956571706544,CF,16939,-0.24242895802681028,1.9071367590386297
355,171,Rafael Ortega,CHC,10323,0.710206050839083,0.0869416085988508,0.313862894996403,0.510601307607576,0.412312289746134,0.0885390680648723,2.12246321985292,CF,10323,-0.24972480341151215,1.872738416441408
249,402,Willie Calhoun,TEX,17838,0.292320544779421,0.391317889537675,0.384635349182722,0.413414193798381,0.503582544981157,0.253143227117498,2.23841374939685,LF,17838,-0.37654299176248424,1.8618707576343656
185,150,Omar Narváez,MIL,13338,0.292320544779421,0.0869416085988508,0.313862894996403,0.38531243439986,0.412312289746134,0.115973094573643,1.60672286709431,C,13338,0.17017200987989234,1.7768948769742021
154,181,Paul DeJong,STL,18015,0.570910882152529,0.797152930789441,0.738497620114317,0.47752762045946,-0.637295645456634,0.0748220548104868,2.0216154628696,SS,18015,-0.38823981046822065,1.6333756524013796
155,259,Didi Gregorius,PHI,6012,0.431615713465975,0.492776649850617,0.844656301393795,0.406838702676984,-0.0440389864289831,-0.144650157259681,1.98719822369871,SS,6012,-0.3975047447504802,1.5896934789482298
32,256,Darin Ruf,SFG,9929,0.048553999577951,0.289859129224734,0.172317986623765,0.204810435664999,0.366677162128622,1.18590012841571,2.26811884163578,1B,9929,-0.7079354607410583,1.5601833808947219
186,165,Gary Sánchez,NYY,11442,0.431615713465975,1.20298797204121,0.703111393021157,0.312664242189143,-1.59563332542438,0.376596346406968,1.43134234170007,C,11442,0.12296052280802666,1.5543028645080965
76,299,Luis García,WSN,20391,0.361968129122698,0.0869416085988508,0.313862894996403,0.284710691281685,1.00556894877379,-0.0074800247158261,2.0455722480576,2B,20391,-0.4945047318051792,1.551067516252421
305,223,Kole Calhoun,TEX,11200,0.501263297809252,0.797152930789441,0.596952711741679,0.437740156043021,-0.54602539022161,0.266860240371884,2.05394394653367,RF,11200,-0.5224683468385497,1.5314755996951201
187,80,Sean Murphy,OAK,19352,0.327144336951059,0.6956941704765,0.4907940304622,0.379268620933535,-0.774201028309169,0.225709200608727,1.34440933112285,C,19352,0.09955862743932013,1.44396795856217
356,103,Myles Straw,CLE,17620,1.19773914124202,-0.724728473904681,0.136931759530605,0.648572203433323,0.959933821156274,-0.473858475364931,1.74458997609261,CF,17620,-0.3514462329858117,1.3931437431067983
77,192,David Fletcher,LAA,17992,0.988796388212191,-0.724728473904681,0.313862894996403,0.744683409263333,1.27937971447886,-0.707047700689485,1.89494623235662,2B,17992,-0.5350524390090887,1.3598937933475312
188,122,Danny Jansen,TOR,16535,0.257496752607782,0.391317889537675,0.278476667903243,0.156900580958353,-0.363484879751565,0.527483492205208,1.2481905034607,C,16535,0.07365704042998585,1.3218475438906858
78,240,Nick Solak,TEX,19294,0.431615713465975,0.0869416085988508,0.313862894996403,0.384101816730248,0.640487927833692,-0.0349140512245972,1.82209591040057,2B,19294,-0.5546633509132348,1.2674325594873352
357,156,Aaron Hicks,NYY,5297,0.53608708998089,0.492776649850617,0.420021576275881,0.451904506010856,-0.682930773074145,0.417747386170124,1.63560643521422,CF,5297,-0.3807840116226366,1.2548224235915832
118,215,Carter Kieboom,WSN,19958,0.605734674324167,0.188400368911792,0.4907940304622,0.575254790886208,-0.0896741140464948,-0.0760650909877536,1.69444465955012,3B,19958,-0.5118297525952419,1.182614906954878
157,220,Kyle Farmer,CIN,14813,0.327144336951059,0.0869416085988508,0.455407803369041,0.325885320094376,0.549217672598669,-0.103499117496525,1.64109762411547,SS,14813,-0.4906731506841401,1.1504244734313298
119,177,Cavan Biggio,TOR,19252,0.745029843010721,0.289859129224734,0.4907940304622,0.57923852493861,-0.637295645456634,0.115973094573643,1.58359897675328,3B,19252,-0.5416688097458084,1.0419301670074717
250,230,Manuel Margot,TBR,14712,0.466439505637613,-0.0145171517140906,0.349249122089562,0.300647263536023,0.549217672598669,-0.0623480777333682,1.58868833441441,LF,14712,-0.551445552698212,1.037242781716198
189,194,Austin Nola,SDP,15941,-0.0559173769369645,-0.217434672339974,0.136931759530605,0.129829610412116,0.777393310686227,0.225709200608727,0.996511831960738,C,15941,0.0059065058761930845,1.0024183378369311
190,142,Christian Vázquez,BOS,9774,0.327144336951059,-0.115975912027032,0.313862894996403,0.269968498782152,0.549217672598669,-0.364122369329849,0.980095121971402,C,9774,0.0014872165070807322,0.9815823384784828
251,319,Corey Dickerson,,10762,0.118201583921228,-0.115975912027032,0.0661593053442865,0.114835335355604,1.0512040763913,0.30801128013504,1.54243566912042,LF,10762,-0.563896519558175,0.978539149562245
306,408,Seth Brown,OAK,18171,0.501263297809252,0.898611691102383,0.703111393021157,0.288473087767676,-0.774201028309169,-0.0211970379702117,1.59606140342109,RF,18171,-0.6457278462384901,0.9503335571825999
360,184,Riley Greene,DET,sa3010694,0.187849168264505,-0.0145171517140906,0.136931759530605,0.171141120895841,0.549217672598669,0.362879333152582,1.39350190272811,CF,sa3010694,-0.44595723983491486,0.947544662893195
308,163,Julio Rodríguez,SEA,sa3005720,-0.090741169108603,-0.217434672339974,-0.18154428430783,-0.0744908804992236,1.27937971447886,0.829257783801689,1.54442649202491,RF,sa3005720,-0.6596276845834707,0.8847988074414394
362,175,Lorenzo Cain,MIL,9077,0.361968129122698,-0.318893432652915,0.101545532437446,0.272927056334044,0.914298693538762,-0.0074800247158261,1.32436595406421,CF,9077,-0.46456826257652006,0.85979769148769
33,629,Miguel Cabrera,DET,1744,0.187849168264505,0.188400368911792,0.667725165927998,0.419398467628831,0.412312289746134,-0.172084183768452,1.70360127671081,1B,1744,-0.8599005301715759,0.8437007465392341
79,241,Leury García,CHW,5913,0.675382258667444,-0.318893432652915,0.243090440810084,0.405550075523875,0.914298693538762,-0.432707435601775,1.48672060028548,2B,5913,-0.6449445670410179,0.8417760332444622
158,141,Isiah Kiner-Falefa,TEX,16512,0.640558466495806,-0.521810953278798,0.207704213716924,0.49967028742528,1.09683920400881,-0.556160554891244,1.36680066347678,SS,16512,-0.5645124061085105,0.8022882573682695
363,320,Sam Hilliard,COL,17954,0.292320544779421,0.6956941704765,0.384635349182722,0.200906977428505,-0.637295645456634,0.335445306643811,1.27170670305432,CF,17954,-0.47874384759474814,0.792962855459572
253,266,Odúbel Herrera,,11476,0.153025376092867,-0.115975912027032,0.101545532437446,0.150414394624408,0.868663565921251,0.225709200608727,1.38338215765767,LF,11476,-0.606712862953649,0.7766692947040209
80,193,Josh Harrison,,8202,0.257496752607782,-0.318893432652915,0.207704213716924,0.310684428863464,1.0512040763913,-0.0760650909877536,1.4321309479388,2B,8202,-0.659639805638516,0.772491142300284
159,123,Nicky Lopez,KCR,19339,0.884325011697275,-0.826187234217623,0.136931759530605,0.526717670695268,1.09683920400881,-0.542443541636859,1.27618287007748,SS,19339,-0.588906225045562,0.687276645031918
81,268,Jed Lowrie,,4418,0.222672960436144,0.0869416085988508,0.420021576275881,0.313009125029682,0.184136651658575,0.129690107828029,1.35647202982716,2B,4418,-0.6800067764083295,0.6764652534188305
310,246,Chad Pinder,OAK,15191,0.292320544779421,0.391317889537675,0.384635349182722,0.287082995770036,-0.0440389864289831,0.0199540017929448,1.33127179463382,RF,15191,-0.7170077740635618,0.6142640205702582
121,211,Joey Wendle,MIA,13853,0.605734674324167,-0.217434672339974,0.278476667903243,0.349954702687181,0.549217672598669,-0.336688342821078,1.22926070235221,3B,13853,-0.6370547531015395,0.5922059492506705
191,120,Mike Zunino,TBR,13265,0.292320544779421,1.20298797204121,0.632338938834838,0.115533461505394,-1.82380896351194,0.253143227117498,0.672515180766422,C,13265,-0.08131163692959077,0.5912035438368313
122,255,J.D. Davis,NYM,16219,-0.090741169108603,-0.0145171517140906,-0.0753856030283515,0.0779797804717733,0.59485280021618,0.692087651257834,1.18427630809474,3B,16219,-0.6491643082710669,0.5351119998236732
34,295,Ji-Man Choi,TBR,5452,0.327144336951059,0.289859129224734,0.4907940304622,0.401709326335034,-0.454755134986587,0.404030372915739,1.45878206090218,1B,5452,-0.9258045364237605,0.5329775244784195
82,162,Nico Hoerner,CHC,21479,0.257496752607782,-0.62326971359174,0.136931759530605,0.306901570555448,1.32501484209637,-0.185801197022838,1.21727401417563,2B,21479,-0.7174781279257736,0.4997958862498564
123,224,Jonathan Villar,,10071,0.53608708998089,0.188400368911792,0.136931759530605,0.286171078286876,0.138501524041064,-0.144650157259681,1.14144166349155,3B,10071,-0.660695162482876,0.4807465010086741
162,237,José Iglesias,,10231,0.187849168264505,-0.420352192965857,0.136931759530605,0.152693364897969,1.32501484209637,-0.281820289803536,1.10031665202005,SS,10231,-0.636248457950453,0.464068194069597
365,303,Jarren Duran,BOS,24617,0.361968129122698,-0.115975912027032,0.030773078251127,0.149046528483277,0.503582544981157,-0.0074800247158261,0.9219143440954,CF,24617,-0.5729060551471771,0.3490082889482229
83,617,Michael Chavis,PIT,17321,0.361968129122698,0.391317889537675,0.455407803369041,0.220786039242026,-0.135309241664006,-0.226952236785994,1.06721838282144,2B,17321,-0.7578722907543656,0.30934609206707453
192,180,Yan Gomes,CHC,9627,-0.0559173769369645,0.0869416085988508,0.101545532437446,-0.0363597146699876,0.229771779276087,0.102256081319258,0.428237910024689,C,9627,-0.14706975450649667,0.2811681555181923
84,346,Garrett Hampson,COL,19262,0.570910882152529,-0.0145171517140906,0.030773078251127,0.265074381659181,0.32104203451111,-0.130933144005296,1.04235008085456,2B,19262,-0.7645667028857549,0.27778337796880515
85,375,Robinson Canó,NYM,3269,-0.090741169108603,-0.115975912027032,0.0661593053442865,-0.0047264569895256,0.868663565921251,0.266860240371884,0.99023957351226,2B,3269,-0.7785945690822382,0.21164500443002177
35,328,Bobby Bradley,CLE,17278,0.396791921294336,1.00007045141532,0.773883847207476,0.328892881103261,-1.36745768733682,0.0611050415561013,1.19328645523968,1B,17278,-0.9972745147819387,0.19601194045774128
86,154,Edmundo Sosa,STL,17022,0.187849168264505,-0.318893432652915,0.030773078251127,0.1713432872798,0.914298693538762,-0.0486310644789827,0.936739730202296,2B,17022,-0.7929964369925859,0.14374329320971002
124,213,Aledmys Díaz,HOU,15937,-0.021093584765326,-0.0145171517140906,0.207704213716924,0.0402852205879177,0.503582544981157,0.102256081319258,0.81821732412584,3B,15937,-0.7477054031294564,0.07051192099638359
36,258,Brad Miller,,12775,0.048553999577951,0.391317889537675,0.136931759530605,0.0452470515337786,-0.363484879751565,0.760672717529761,1.01923853795821,1B,12775,-1.044127270971077,-0.02488873301286687
164,225,Nick Ahmed,ARI,12147,0.570910882152529,-0.0145171517140906,0.52618025755536,0.416169345953792,-0.180944369281518,-0.638462634417557,0.679336330248514,SS,12147,-0.7495740793337237,-0.07023774908520963
193,134,Max Stassi,LAA,10059,0.187849168264505,0.391317889537675,0.243090440810084,0.134803978935652,-0.774201028309169,-0.11721613075091,0.0656443184878374,C,10059,-0.2446779845006899,-0.17903366601285248
125,212,Santiago Espinal,TOR,19997,0.327144336951059,-0.62326971359174,0.0661593053442865,0.195417762759121,1.0512040763913,-0.432707435601775,0.58394833225225,3B,19997,-0.8107693462686202,-0.22682101401637023
367,217,Michael A. Taylor,KCR,11489,0.396791921294336,0.188400368911792,0.384635349182722,0.262619905022641,-0.22657949689903,-0.542443541636859,0.463424505875603,CF,11489,-0.696329035099127,-0.232904529223524
254,366,Clint Frazier,CHC,15983,0.153025376092867,0.188400368911792,0.136931759530605,0.223221600103205,-0.409120007369075,0.294294266880655,0.586753364150048,LF,15983,-0.8211610173380486,-0.2344076531880006
255,206,Chas McCormick,HOU,19599,0.118201583921228,0.0869416085988508,0.172317986623765,-0.0102871206120434,0.0472312688060402,0.1571241343368,0.57152946167464,LF,19599,-0.8252592093880803,-0.25372974771344026
194,208,Yadier Molina,STL,7007,0.048553999577951,-0.115975912027032,0.384635349182722,0.0789378952565169,0.32104203451111,-0.734481727198256,-0.0172883606969878,C,7007,-0.2670030123358394,-0.2842913730328272
87,161,Andrés Giménez,CLE,19950,0.327144336951059,0.0869416085988508,0.101545532437446,0.166147940989278,0.138501524041064,-0.24066925004038,0.579611692977318,2B,19950,-0.8891333693831508,-0.30952167640583284
195,187,James McCann,NYM,12859,0.0833777917495895,0.188400368911792,0.278476667903243,0.111187678900459,-0.22657949689903,-0.473858475364931,-0.038995464798877,C,12859,-0.2728464471320933,-0.3118419119309703
368,313,Nick Senzel,CIN,19293,0.0137302074063125,-0.420352192965857,-0.216930511400989,-0.0948928162086715,0.823028438303739,0.294294266880655,0.398877392015188,CF,19293,-0.7137047683779333,-0.31482737636274527
88,188,Tony Kemp,OAK,14894,0.396791921294336,-0.420352192965857,-0.0753856030283515,0.300469507273753,0.366677162128622,-0.0897821042421391,0.478418690460364,2B,14894,-0.9163739773089916,-0.4379552868486276
397,406,Seth Beer,ARI,20493,-0.125564961280242,-0.0145171517140906,-0.039999375935192,-0.0391528645425312,0.457947417363645,0.596068558477135,0.834781622368725,DH,20493,-1.3862037837588121,-0.5514221613900872
196,102,Jacob Stallings,MIA,13723,0.048553999577951,-0.217434672339974,0.172317986623765,0.182657984384714,0.0015961411885285,-0.460141462110546,-0.272450022675561,C,13723,-0.3356911490526018,-0.6081411717281628
166,228,Jose Barrero,CIN,23378,-0.16038875345188,-0.217434672339974,-0.110771830121511,-0.145434243025077,0.59485280021618,0.280577253626269,0.241400554904008,SS,23378,-0.8674640169394395,-0.6260634620354315
369,250,Alek Thomas,ARI,sa3006892,-0.230036337795157,-0.521810953278798,-0.393861646866787,-0.261336840375187,1.09683920400881,0.417747386170124,0.107540811863004,CF,sa3006892,-0.7921309970398537,-0.6845901851768497
258,400,Justin Upton,LAA,5222,0.187849168264505,0.492776649850617,0.207704213716924,0.0193264034286516,-0.956741538779216,0.1571241343368,0.108039030818282,LF,5222,-0.9500283217802312,-0.8419892909619492
37,436,Keston Hiura,MIL,20003,0.048553999577951,0.391317889537675,0.101545532437446,0.0001713153036118,-0.54602539022161,0.349162319898197,0.34472566653327,1B,20003,-1.2257024808611223,-0.8809768143278522
315,257,Jason Heyward,CHC,4940,0.0833777917495895,-0.0145171517140906,0.0661593053442865,0.136520609481706,-0.0440389864289831,-0.11721613075091,0.110285437681598,RF,4940,-1.0456906849887873,-0.9354052473071892
197,290,Eric Haase,DET,14111,-0.021093584765326,0.492776649850617,0.207704213716924,-0.122989288498338,-1.04801179401424,-0.199518210277223,-0.691132013987585,C,14111,-0.4483980723305258,-1.1395300863181108
198,275,Luis Torrens,SEA,15905,-0.264860129966796,-0.0145171517140906,-0.039999375935192,-0.157617950348433,-0.180944369281518,-0.0349140512245972,-0.692853028470626,C,15905,-0.44886136010340666,-1.1417143885740326
38,454,Matt Beaty,LAD,17710,-0.125564961280242,-0.318893432652915,-0.039999375935192,-0.161680419161407,0.549217672598669,0.211992187354342,0.115071670923255,1B,17710,-1.2875240920141962,-1.172452421090941
260,340,Kevin Pillar,,12434,-0.0559173769369645,-0.0145171517140906,0.030773078251127,-0.161328802822286,0.184136651658575,-0.158367170514067,-0.175220772077706,LF,12434,-1.0262803257717894,-1.2015010978494953
39,501,Jurickson Profar,SDP,10815,0.431615713465975,-0.115975912027032,0.243090440810084,0.266989434667039,-0.363484879751565,-0.377839382584234,0.0843954145802657,1B,10815,-1.2957819739910845,-1.2113865594108189
167,445,Alcides Escobar,WSN,6310,0.327144336951059,-0.521810953278798,0.136931759530605,0.101612808708421,0.503582544981157,-0.803066793470183,-0.255606296577738,SS,6310,-1.0012555681428195,-1.2568618647205574
89,293,Rougned Odor,BAL,12282,0.118201583921228,0.6956941704765,0.349249122089562,0.0072835865720711,-1.36745768733682,-0.11721613075091,-0.31424535502837,2B,12282,-1.1297548430111604,-1.4440001980395303
372,245,Victor Robles,WSN,18363,0.361968129122698,-0.217434672339974,0.030773078251127,0.137291517762765,-0.363484879751565,-0.528726528382473,-0.579613355337422,CF,18363,-0.9771091752511217,-1.5567225305885437
261,361,Trevor Larnach,MIN,21501,0.0833777917495895,-0.0145171517140906,0.101545532437446,0.0749750958405567,-0.454755134986587,-0.295537303057922,-0.504911169731007,LF,21501,-1.11503119427066,-1.619942364001667
199,616,Jorge Alfaro,SDP,12180,-0.16038875345188,-0.115975912027032,0.101545532437446,-0.112745447937872,-0.135309241664006,-0.693330687435099,-1.11620451007844,C,12180,-0.5628252848655965,-1.6790297949440363
318,592,Stephen Piscotty,OAK,13367,0.118201583921228,0.289859129224734,0.313862894996403,0.116422129766643,-0.682930773074145,-0.638462634417557,-0.483047669582695,RF,13367,-1.205412742269373,-1.688460411852068
200,207,Francisco Mejía,TBR,16403,-0.334507714310073,-0.318893432652915,-0.216930511400989,-0.281327674470053,0.0472312688060402,-0.158367170514067,-1.26279523454206,C,16403,-0.6022867135351273,-1.8650819480771874
40,341,Triston Casas,BOS,sa3007634,-0.369331506481711,-0.318893432652915,-0.358475419773627,-0.378047344014476,0.32104203451111,0.596068558477135,-0.507637109934484,1B,sa3007634,-1.4551539214431821,-1.962791031377666
201,248,Joey Bart,SFG,21524,-0.021093584765326,-0.318893432652915,0.030773078251127,-0.111603323169482,-0.180944369281518,-0.84421783323334,-1.44597946485145,C,21524,-0.651598915682889,-2.0975783805343386
373,203,Kevin Kiermaier,TBR,11038,0.327144336951059,-0.420352192965857,0.136931759530605,0.0634182742769633,-0.409120007369075,-0.72076471394387,-1.02274254352017,CF,11038,-1.0963971514504636,-2.1191396949706336
202,173,Jonah Heim,TEX,16930,-0.299683922138434,-0.115975912027032,-0.039999375935192,-0.218390844897682,-0.272214624516542,-0.528726528382473,-1.47499120789736,C,16930,-0.6594087196999847,-2.134399927597345
263,347,Orlando Arcia,ATL,13185,-0.369331506481711,-0.318893432652915,-0.323089192680468,-0.334734827598955,0.412312289746134,-0.130933144005296,-1.06466981367321,LF,13185,-1.265715187960591,-2.3303850016338012
90,287,Christian Arroyo,BOS,16434,-0.369331506481711,-0.318893432652915,-0.393861646866787,-0.42355432557717,0.275406906893599,0.129690107828029,-1.10054389685696,2B,16434,-1.341422149621855,-2.4419660464788153
375,302,Nick Gordon,MIN,16337,-0.230036337795157,-0.521810953278798,-0.323089192680468,-0.344080078291024,0.366677162128622,-0.515009515128088,-1.56734891504491,CF,16337,-1.2430022355138073,-2.8103511505587173
168,261,Elvis Andrus,OAK,8709,0.0833777917495895,-0.521810953278798,-0.14615805721467,-0.0637012843744291,0.138501524041064,-1.00882199228597,-1.51861297136321,SS,8709,-1.341250120926117,-2.859863092289327
265,447,Miguel Andújar,NYY,15878,-0.717569428198096,-0.521810953278798,-0.676951463612063,-0.69759703961234,0.823028438303739,0.266860240371884,-1.52404020602567,LF,15878,-1.3893752083134454,-2.9134154143391156
266,300,Brett Gardner,,9927,-0.021093584765326,-0.318893432652915,-0.216930511400989,-0.0959795831265645,-0.682930773074145,-0.226952236785994,-1.56278012180593,LF,9927,-1.3998037837149249,-2.962583905520855
203,201,Tucker Barnhart,DET,10200,-0.125564961280242,-0.217434672339974,0.0661593053442865,-0.0691054738468365,-0.81983615592668,-0.967670952522809,-2.13345291057226,C,10200,-0.8366630419417157,-2.9701159525139755
204,214,Ryan Jeffers,MIN,24618,-0.40415529865335,-0.0145171517140906,-0.252316738494149,-0.343559967923447,-1.00237666639673,-0.158367170514067,-2.17529299369583,C,24618,-0.8479261655926105,-3.0232191592884403
41,337,Nick Pratto,KCR,sa3004138,-0.40415529865335,-0.217434672339974,-0.323089192680468,-0.393202218497853,-0.454755134986587,0.445181412678895,-1.34745510447934,1B,sa3004138,-1.6812283747101402,-3.02868347918948
376,333,Jorge Mateo,BAL,17273,-0.0559173769369645,-0.420352192965857,-0.216930511400989,-0.197737309745744,-0.22657949689903,-0.816783806724569,-1.93430069467315,CF,17273,-1.3417836661257474,-3.2760843607988974
320,273,Vidal Bruján,TBR,20536,-0.195212545623519,-0.62326971359174,-0.429247873959946,-0.401264854492703,0.229771779276087,-0.364122369329849,-1.78334557772167,RF,20536,-1.5554458929950887,-3.3387914707167585
205,345,MJ Melendez,KCR,sa3004139,-0.926512181227927,-0.724728473904681,-0.85388259907786,-0.881097876274414,-0.0440389864289831,0.637219598240292,-2.79304051867357,C,sa3004139,-1.0142204518231013,-3.807260970496671
377,311,Brennen Davis,CHC,sa3007876,-0.647921843854819,-0.521810953278798,-0.676951463612063,-0.667024528488249,-0.272214624516542,0.349162319898197,-2.43676109385227,CF,sa3007876,-1.4770432828171949,-3.9138043766694652
206,279,Kyle Higashioka,NYY,5517,-0.508626675168265,-0.0145171517140906,-0.216930511400989,-0.517088393473425,-1.23055230448429,-0.39155639583862,-2.87927143207968,C,5517,-1.0374333464379184,-3.9167047785175986
127,395,Josh Jung,TEX,sa3011468,-0.996159765571204,-0.826187234217623,-0.924655053264179,-0.924607732477155,0.686123055451204,0.321728293389426,-2.66375843668953,3B,sa3011468,-1.6850344095670409,-4.348792846256571
207,210,Martín Maldonado,HOU,6887,0.0833777917495895,0.0869416085988508,0.101545532437446,-0.0790572055413331,-2.14325485683452,-1.26944524411929,-3.21989237370926,C,6887,-1.1291266581440067,-4.349019031853267
208,331,Jose Trevino,TEX,16725,-0.438979090824988,-0.521810953278798,-0.287702965587308,-0.468396281299907,-0.363484879751565,-1.32431329713683,-3.4046874678794,C,16725,-1.1788724961140207,-4.583559963993421
322,387,Jose Siri,HOU,17452,-0.40415529865335,-0.318893432652915,-0.393861646866787,-0.534219241943135,-0.682930773074145,-0.56987756814563,-2.90393796133596,RF,17452,-1.8571032903196312,-4.761041251655591
92,294,Dylan Moore,SEA,18042,-0.0559173769369645,-0.115975912027032,-0.18154428430783,-0.310331407717764,-1.54999819780687,-0.72076471394387,-2.93453189274033,2B,18042,-1.835121779971168,-4.769653672711498
209,264,Austin Barnes,LAD,12158,-0.473802882996627,-0.521810953278798,-0.500020328146265,-0.578716754863053,-0.81983615592668,-0.665896660926328,-3.56008373613775,C,12158,-1.2207043294569957,-4.780788065594746
42,464,Jace Peterson,MIL,12325,-0.473802882996627,-0.62326971359174,-0.535406555239425,-0.513488261578071,-0.363484879751565,-0.281820289803536,-2.79127258296096,1B,12325,-2.069896216058205,-4.861168799019165
378,355,Jackie Bradley Jr.,BOS,12984,-0.230036337795157,-0.420352192965857,-0.323089192680468,-0.371502025189236,-1.18491717686677,-0.899085886250882,-3.42898281174837,CF,12984,-1.7441439925543463,-5.173126804302716
379,398,Cristian Pache,ATL,19948,-0.473802882996627,-0.62326971359174,-0.570792782332584,-0.623319332355978,-0.363484879751565,-0.789349780215798,-3.44401937124429,CF,19948,-1.7481917528894872,-5.192211124133777
43,627,Albert Pujols,,1177,-0.822040804713012,-0.420352192965857,-0.570792782332584,-0.726555930297761,-0.363484879751565,-0.39155639583862,-3.2947829858994,1B,1177,-2.205438488071827,-5.5002214739712265
128,339,Tyler Wade,LAA,15730,-0.0559173769369645,-0.724728473904681,-0.570792782332584,-0.4844619282548,-0.637295645456634,-1.20086017784736,-3.67405638473303,3B,15730,-1.9570011425071323,-5.631057527240163
268,545,Drew Waters,ATL,sa3004378,-0.717569428198096,-0.826187234217623,-0.818496371984701,-0.77713240586565,-0.272214624516542,-0.652179647671943,-4.06377971245455,LF,sa3004378,-2.0730593209259376,-6.136839033380488
170,438,CJ Abrams,SDP,sa3010152,-1.03098355774284,-1.02910475484351,-1.06619996163682,-1.04476581182764,-0.22657949689903,-0.981387965777195,-5.37902154872703,SS,sa3010152,-2.3804511909003163,-7.759472739627347
171,524,Jeter Downs,BOS,sa3004615,-1.27475010294431,-1.02910475484351,-1.27851732419577,-1.21688287104238,-0.54602539022161,-0.816783806724569,-6.16206424997215,SS,sa3004615,-2.5912420428689176,-8.753306292841067
323,559,JJ Bleday,MIA,sa3011642,-1.27475010294431,-1.02910475484351,-1.27851732419577,-1.2306481473781,-1.2761874321018,-0.953953939268424,-7.04316170073191,RF,sa3011642,-2.971359891049769,-10.01452159178168
