Played,Name,pr,Adp,R,HR,RBI,RC,AVG,OPS,IP,SO,QS,ERA,WHIP,SVHD,Year
15640,Aaron Judge,15.4042444241611,4,2.41022365208597,3.4666458560886,2.67129028968809,3.04850922923449,1.55163486198451,2.25594053507943,,,,,,,2023
19611,Vladimir Guerrero Jr.,13.760995752881,6,1.96505382254877,2.42103192437908,2.44502161264809,2.57568073875694,2.07467847585746,2.27952917869067,,,,,,,2023
5361,Freddie Freeman,13.1064023439072,10,2.57716233816242,1.11401450974219,1.93591708930808,2.82393238496422,2.36644194571756,2.28893407601273,,,,,,,2023
19251,Pete Alonso,12.9014819291962,20,1.57553022170373,2.81313714877015,2.89755896672809,2.22489652165221,1.42776453639223,1.96259453394982,,,,,,,2023
20123,Juan Soto,12.3380630414297,3,2.52151610947027,1.76752321706063,1.70964841226808,3.1268099053263,1.27467674761888,1.93788864968553,,,,,,,2023
19556,Yordan Alvarez,12.3368132229675,16,1.74246890778018,2.55173366584277,2.38845444338809,2.58061718322202,1.26873619486236,1.80480282787207,,,,,,,2023
10155,Mike Trout,12.200447041898,17,2.02070005124092,3.07454063169753,1.99248425856808,2.47370018339159,0.882900957092354,1.75612095990756,,,,,,,2023
18360,Austin Riley,11.8603364880171,42,1.63117645039588,2.1596284414517,2.21875293560808,2.12082959197358,1.75039695194886,1.97955211663903,,,,,,,2023
13510,José Ramírez,11.8214469964049,2,1.96505382254877,1.76752321706063,2.50158878190809,2.07333553993126,1.58495984384367,1.92898579111251,,,,,,,2023
9218,Paul Goldschmidt,11.7652556914337,22,1.90940759385662,1.76752321706063,2.16218576634808,2.25262636116005,1.74488673431176,1.92862601869651,,,,,,,2023
17350,Rafael Devers,11.4728732421211,24,1.63117645039588,1.89822495852432,2.10561859708808,2.05249416860364,1.82208291213239,1.96327615537678,,,,,,,2023
14344,Matt Olson,11.4254823446977,34,1.74246890778018,2.42103192437908,2.33188727412809,1.94457646536922,1.20796649453667,1.77755127850444,,,,,,,2023
18345,Kyle Tucker,11.323261597308,11,1.46423776431943,2.1596284414517,2.27532010486809,1.93424252774464,1.60715899195835,1.88267376696575,,,,,,,2023
11493,Manny Machado,11.2825724998758,12,1.79811513647233,1.76752321706063,2.33188727412809,1.85799596611104,1.70488636012244,1.82216454598124,,,,,,,2023
13611,Mookie Betts,11.1415882391953,8,2.63280856685457,1.76752321706063,1.42681256596808,2.02371712199009,1.47488499092862,1.81584177639334,,,,,,,2023
19612,Bo Bichette,10.6233670997182,36,1.90940759385662,1.24471625120588,1.65308124300808,1.64638509191593,2.22795468687904,1.94182223285266,,,,,,,2023
16252,Trea Turner,10.4400561178907,9,2.29893119470167,0.721909285351116,1.25711105818808,1.76665367578519,2.4064577519696,1.98899315189508,,,,,,,2023
19755,Shohei Ohtani,10.3521967387186,1,1.74246890778018,2.29033018291539,1.76621558152808,1.88018159488533,1.04174497720185,1.63125549440777,,,,,,,2023
16478,Kyle Schwarber,10.0493560994548,45,1.74246890778018,2.94383889023384,1.93591708930808,1.57689534417531,0.470196411753613,1.38003945620374,,,,,,,2023
23697,Julio Rodríguez,9.88924007090549,21,1.79811513647233,1.63682147559694,1.31367822744808,1.70151414891537,1.67179490961789,1.76731617285488,,,,,,,2023
18401,Ronald Acuña Jr.,9.76963731543634,19,2.41022365208597,1.63682147559694,1.03084238114807,1.8158396163693,1.26919167453151,1.60671851570454,,,,,,,2023
13624,Corey Seager,9.44014017800012,31,1.35294530693513,1.50611973413326,1.42681256596808,1.95190928613145,1.54949473345531,1.6528585513769,,,,,,,2023
9777,Nolan Arenado,9.29759958644116,28,1.01906793478223,1.50611973413326,2.16218576634808,1.49246142235453,1.51607708727553,1.60168764154752,,,,,,,2023
5417,Jose Altuve,8.47150793068009,27,2.13199250862522,1.11401450974219,0.691439365588072,1.53874799693478,1.4953660360613,1.49994751372853,,,,,,,2023
12533,Marcus Semien,8.46940975297682,25,1.90940759385662,1.24471625120588,1.08740955040807,1.14905801922789,1.49378340428717,1.58503493399118,,,,,,,2023
17678,Alex Bregman,8.08960418559415,38,1.51988399301158,0.852611026814806,1.59651407374808,1.65176027903397,1.11206910281621,1.3567657101695,,,,,,,2023
19326,Bryan Reynolds,8.06298023386117,61,1.35294530693513,0.983312768278496,1.08740955040807,1.61950160229557,1.47710094880093,1.54271005714297,,,,,,,2023
12916,Francisco Lindor,7.72733189259159,33,1.51988399301158,0.852611026814806,1.59651407374808,1.08724911300907,1.33304188796315,1.3380317980449,,,,,,,2023
13066,Teoscar Hernández,7.38100980000001,120,0.907775477397933,1.76752321706063,1.53994690448808,0.959462763145864,1.01341361658675,1.19288782132075,,,,,,,2023
15986,Willy Adames,7.38056285312418,106,1.35294530693513,1.50611973413326,1.42681256596808,0.913535229971171,0.980223206631103,1.20092680948545,,,,,,,2023
25764,Bobby Witt Jr.,7.35591627299507,41,1.51988399301158,0.852611026814806,1.14397671966808,0.88117780989243,1.55392341170426,1.40434331190391,,,,,,,2023
17484,Eloy Jiménez,7.34641471553079,96,0.573898105245035,1.63682147559694,1.59651407374808,1.21139978899067,1.13733829613418,1.19044297581588,,,,,,,2023
14162,Carlos Correa,7.21919453814175,72,1.13036039216653,0.983312768278496,1.03084238114807,1.43969191623842,1.31096763523714,1.32401944507309,,,,,,,2023
15676,José Abreu,7.00160712126964,80,0.963421706090082,0.591207543887426,1.37024539670808,1.33932909151006,1.43446082855557,1.30294255451842,,,,,,,2023
16472,Rhys Hoskins,6.98823300537726,86,1.18600662085868,1.63682147559694,1.37024539670808,1.14528495138139,0.547800046390901,1.10207451444127,,,,,,,2023
12161,Xander Bogaerts,6.87535784156046,69,1.40859153562728,0.329804060960046,0.974275211888074,1.32628755426244,1.52341548274755,1.31298399607507,,,,,,,2023
14551,Anthony Santander,6.79955924650245,71,0.740836791321484,1.63682147559694,1.53994690448808,0.877155493039445,0.889963841682516,1.11483474037398,,,,,,,2023
12856,George Springer,6.72995768495349,53,1.46423776431943,1.37541799266957,0.974275211888074,1.12813854962417,0.749283791051839,1.03860437540041,,,,,,,2023
13419,Christian Walker,6.72859684253027,119,0.907775477397933,1.24471625120588,1.48337973522808,1.05349075882066,0.911041449351389,1.12819317052633,,,,,,,2023
18314,Dansby Swanson,6.57346317413692,76,1.35294530693513,0.721909285351116,1.14397671966808,0.808697242376584,1.31735931502974,1.22857530477628,,,,,,,2023
19709,Fernando Tatis Jr.,6.5236863184468,29,1.24165284955083,1.76752321706063,1.25711105818808,1.11453761585162,0.353500628380073,0.789360949415558,,,,,,,2023
19566,Nathaniel Lowe,6.50774547715586,118,0.796483020013634,0.721909285351116,0.974275211888074,1.32129510072119,1.39282922418483,1.30095363499701,,,,,,,2023
16505,Matt Chapman,6.3206994938443,142,1.13036039216653,1.63682147559694,1.25711105818808,0.885827808933358,0.411100100997457,0.99947865796193,,,,,,,2023
12546,C.J. Cron,6.12952356444844,141,0.629544333937185,1.24471625120588,1.53994690448808,1.00018117027386,0.75511847769982,0.960016426843619,,,,,,,2023
13301,Max Muncy,5.93537689629575,127,1.18600662085868,1.50611973413326,1.31367822744808,1.09529980928057,0.0721825066459584,0.762089997929215,,,,,,,2023
27676,Vinnie Pasquantino,5.900238281259,65,0.462605647860736,0.721909285351116,1.03084238114807,1.39814543610807,1.14272743143307,1.14400809935793,,,,,,,2023
16556,Ozzie Albies,5.83552899704613,44,1.13036039216653,0.852611026814806,1.08740955040807,0.705832485087957,1.04467052218155,1.01464502038721,,,,,,,2023
25931,Michael Harris II,5.75456574307768,62,1.18600662085868,0.329804060960046,0.974275211888074,0.798687128317259,1.3613574567938,1.10443526425982,,,,,,,2023
17548,Taylor Ward,5.7290111346757,124,1.18600662085868,0.852611026814806,0.578305027068071,1.15551544981366,0.911803843610435,1.04476916651005,,,,,,,2023
19290,Randy Arozarena,5.66786889095855,73,1.07471416347438,0.460505802423736,1.03084238114807,0.842789481852003,1.13498265830962,1.12403440375074,,,,,,,2023
18373,Ryan Mountcastle,5.65727203213222,173,0.462605647860736,1.11401450974219,1.37024539670808,0.736711155447343,1.00162913233349,0.97206619004039,,,,,,,2023
19287,Adolis García,5.62291825346383,132,0.963421706090082,1.24471625120588,1.37024539670808,0.313951506258556,0.803166870440721,0.927416522760512,,,,,,,2023
23667,Wander Franco,5.60909718034999,51,1.24165284955083,-0.454406387822093,0.691439365588072,1.1398129226767,1.72652927050816,1.26406915984832,,,,,,,2023
11737,Nick Castellanos,5.53765577279342,125,0.740836791321484,0.721909285351116,1.08740955040807,0.762960015092848,1.17418297537356,1.05035715524634,,,,,,,2023
7304,Salvador Perez,5.28152077063759,95,0.184374504399988,1.63682147559694,1.48337973522808,0.537910207997568,0.672453342325844,0.766581505089162,,,,,,,2023
20043,Luis Robert Jr.,5.27001295047338,77,0.963421706090082,0.591207543887426,0.861140873368073,0.754588485486676,1.17248753486127,0.927166806779857,,,,,,,2023
13145,Josh Bell,5.2331549529194,85,0.796483020013634,0.460505802423736,1.03084238114807,1.06728082820751,0.93709659870247,0.940946322423972,,,,,,,2023
21711,Oneil Cruz,5.08713292789365,90,1.07471416347438,1.11401450974219,0.861140873368073,0.528657439142585,0.647823770236535,0.860782171929889,,,,,,,2023
15679,Rowdy Tellez,5.05339488446869,150,0.351313190476437,1.63682147559694,1.25711105818808,0.768188409174546,0.311699846874282,0.728260904158403,,,,,,,2023
15711,Tyler O'Neill,4.93639069807568,175,1.13036039216653,1.24471625120588,1.03084238114807,0.538746980666374,0.365825486633492,0.625899206255332,,,,,,,2023
17982,Ty France,4.87639200312821,139,0.573898105245035,0.199102319496357,0.861140873368073,0.986440528671267,1.25006789550188,1.0057422808456,,,,,,,2023
26197,Andrew Vaughn,4.85400442411086,154,0.462605647860736,0.591207543887426,0.861140873368073,0.875638772923853,1.08997254734222,0.973439038728549,,,,,,,2023
12927,Brandon Nimmo,4.77547912437334,109,1.51988399301158,-0.193002904894713,0.0126333344680657,1.28247637878144,1.09770285965166,1.05578546335531,,,,,,,2023
17929,Cedric Mullins,4.7324515909047,64,1.40859153562728,0.199102319496357,0.125767672988067,0.655273418369742,1.26515678367304,1.07855986075021,,,,,,,2023
13152,Jorge Polanco,4.70533203348645,146,0.852129248705783,0.721909285351116,0.804573704108072,0.762957040117117,0.731721096464024,0.832041658740333,,,,,,,2023
6184,J.D. Martinez,4.68047667730532,148,0.685190562629334,0.591207543887426,0.974275211888074,0.809631246701434,0.788823001968491,0.831349110230562,,,,,,,2023
3473,Anthony Rizzo,4.66080885587207,97,0.796483020013634,1.24471625120588,0.861140873368073,0.813443158130735,0.268434026631668,0.676591526522085,,,,,,,2023
12552,Eugenio Suárez,4.63686704836291,194,0.573898105245035,1.63682147559694,1.25711105818808,0.482529818963682,0.047289186575743,0.639217403793425,,,,,,,2023
15429,Kris Bryant,4.59409079414823,88,1.01906793478223,0.460505802423736,0.46517068854807,1.0396885229429,0.77732338136237,0.832334464088927,,,,,,,2023
15172,Tim Anderson,4.58104921830061,158,1.40859153562728,-0.323704646358403,-0.100501004051935,0.649703266832514,1.87361675674372,1.07334330950744,,,,,,,2023
18036,Jake Cronenworth,4.50516763064675,74,1.01906793478223,0.0684005780326667,0.861140873368073,0.774538918728245,0.893144968959588,0.888874356775941,,,,,,,2023
14161,Byron Buxton,4.46162608495212,155,0.963421706090082,1.89822495852432,0.578305027068071,0.521571486237437,-0.0216126352446952,0.521715542276901,,,,,,,2023
17919,Ian Happ,4.35775675255755,181,0.685190562629334,0.460505802423736,0.748006534848072,0.74596354358021,0.815110135870701,0.902980173205496,,,,,,,2023
19197,Will Smith,4.35223461305771,NA,0.518251876552886,0.983312768278496,1.14397671966808,0.929778841732894,0.224415236839638,0.552499169985719,,,,,,,2023
15464,Hunter Renfroe,4.31320397138889,167,0.462605647860736,1.50611973413326,1.08740955040807,0.426518957294798,0.252738395799033,0.577811685892996,,,,,,,2023
21618,Alec Bohm,4.2836410739474,182,0.518251876552886,-0.193002904894713,0.634872196328071,0.717784804019163,1.59006393563455,1.01567116630744,,,,,,,2023
15518,Amed Rosario,4.20050012894728,162,1.07471416347438,-0.715809870749472,0.408603519288069,0.484724220160301,1.88012786415451,1.0681402326195,,,,,,,2023
4949,Giancarlo Stanton,4.19100976071868,169,0.128728275707839,1.76752321706063,1.31367822744808,0.566795545821237,-0.0281044615701435,0.442388956251039,,,,,,,2023
11477,Christian Yelich,4.14373445453055,121,1.51988399301158,-0.0623011634310232,0.125767672988067,0.902514900829537,0.789468738466752,0.868400312665635,,,,,,,2023
17027,Alex Verdugo,4.06482152196058,143,0.740836791321484,-0.585108129285783,0.46517068854807,0.834685228192079,1.58402748106174,1.025209462123,,,,,,,2023
12979,Javier Báez,4.06461409585735,212,0.685190562629334,0.591207543887426,0.861140873368073,0.232549962881414,0.912830921126916,0.781694231964189,,,,,,,2023
16997,Gleyber Torres,4.06448103638552,134,0.740836791321484,0.591207543887426,0.691439365588072,0.504576417533593,0.792379247077654,0.744041670977295,,,,,,,2023
15112,Ryan McMahon,4.0231976770595,261,0.629544333937185,0.591207543887426,0.748006534848072,0.658399913791294,0.654357072478785,0.74168227811674,,,,,,,2023
20454,Jazz Chisholm Jr.,3.9749357485916,102,1.13036039216653,0.983312768278496,0.578305027068071,0.316465966950629,0.356549737777995,0.609941856349877,,,,,,,2023
11739,J.T. Realmuto,3.95437185396654,56,0.685190562629334,0.460505802423736,0.861140873368073,0.604577496956657,0.67379826997316,0.669158848615578,,,,,,,2023
21636,Jeremy Peña,3.8398121581661,165,0.740836791321484,0.591207543887426,0.578305027068071,0.249032663794154,0.946102304446584,0.734327827648379,,,,,,,2023
19918,Daulton Varsho,3.82125857879385,63,0.796483020013634,1.11401450974219,0.748006534848072,0.344680676636878,0.264941991853373,0.553131845699709,,,,,,,2023
13613,Ketel Marte,3.79043313139869,147,0.685190562629334,-0.0623011634310232,0.408603519288069,0.847025546164841,1.02906492970082,0.882849737046643,,,,,,,2023
26289,Gunnar Henderson,3.78923787437185,101,0.629544333937185,0.329804060960046,0.634872196328071,0.770732494608551,0.650555245336666,0.773729543201331,,,,,,,2023
19950,Andrés Giménez,3.5631676232123,149,0.629544333937185,-0.0623011634310232,0.46517068854807,0.618125941903913,1.07615901663356,0.8364688056206,,,,,,,2023
14366,Joey Meneses,3.4733676742835,202,0.0174358183235398,0.721909285351116,0.748006534848072,0.439622354276042,0.848079280983117,0.698314400501616,,,,,,,2023
19470,Tommy Edman,3.2579677376223,83,1.35294530693513,-0.585108129285783,-0.100501004051935,0.380133017122764,1.34746011091936,0.86303843598276,,,,,,,2023
24610,Steven Kwan,3.11880297976258,68,1.24165284955083,-1.23861683660423,-0.213635342571936,0.800734460195668,1.57629522625489,0.952372622937356,,,,,,,2023
15362,Jeff McNeil,2.95737742008568,104,0.406959419168587,-0.846511612213162,0.238902011508068,0.797618422103954,1.49220195959478,0.868207219923455,,,,,,,2023
16578,Yandy Díaz,2.94838768930927,137,0.573898105245035,-0.454406387822093,0.125767672988067,1.00617960077381,0.953829163427305,0.74311953469714,,,,,,,2023
21523,Jonathan India,2.93368570643814,204,0.907775477397933,-0.0623011634310232,0.125767672988067,0.642481676611841,0.662936184209592,0.657025858661729,,,,,,,2023
20538,Jose Miranda,2.86066070185441,144,0.128728275707839,0.0684005780326667,0.634872196328071,0.443268959142214,0.925447981350997,0.659942711292628,,,,,,,2023
18882,Brandon Lowe,2.84067612011705,153,0.351313190476437,0.983312768278496,0.748006534848072,0.450030011599819,-0.0326836473957576,0.340697262309984,,,,,,,2023
18839,Josh Naylor,2.8267164694872,177,0.0174358183235398,0.460505802423736,0.804573704108072,0.504140360454702,0.547637667996764,0.492423116180389,,,,,,,2023
19352,Sean Murphy,2.82013706236962,135,0.295666961784288,0.591207543887426,0.578305027068071,0.603130084032637,0.266345050534125,0.485482395063075,,,,,,,2023
25878,Corbin Carroll,2.77120985530538,94,0.907775477397933,0.0684005780326667,0.125767672988067,0.521768585931057,0.513575868094382,0.633921672861277,,,,,,,2023
11609,Willson Contreras,2.64902129026216,130,0.462605647860736,0.852611026814806,0.352036350028069,0.605207015981537,0.01906214526569,0.357499104311323,,,,,,,2023
14274,Mitch Haniger,2.52530416629225,226,0.406959419168587,0.852611026814806,0.52173785780807,0.383142362422149,0.0859103156636053,0.27494318441503,,,,,,,2023
26288,Adley Rutschman,2.46645271675132,54,0.685190562629334,0.0684005780326667,0.0692005037280662,0.768450006627397,0.362373992495471,0.512837073238389,,,,,,,2023
9241,Starling Marte,2.31495810666466,126,0.963421706090082,-0.323704646358403,0.0692005037280662,0.295381357776334,0.829040216423623,0.481618969004956,,,,,,,2023
18568,Luis Arraez,2.28481302259918,78,0.685190562629334,-1.36931857806792,-0.157068173311936,0.760897492502596,1.58827503941381,0.776836679433295,,,,,,,2023
30116,Seiya Suzuki,2.25111316752557,176,0.406959419168587,0.329804060960046,0.238902011508068,0.541242858375164,0.325591617061728,0.408613200451976,,,,,,,2023
22197,MJ Melendez,2.22412641135045,107,0.351313190476437,0.591207543887426,0.52173785780807,0.351592148421644,0.0338202692954916,0.374455401461382,,,,,,,2023
31837,Masataka Yoshida,2.12169142117299,105,0.295666961784288,-0.323704646358403,0.352036350028069,0.721867380830703,0.621277348903016,0.454548025985316,,,,,,,2023
25976,Riley Greene,1.91666009741236,221,0.740836791321484,-0.454406387822093,-0.0439338347919348,0.319368074803537,0.774148261438382,0.580647192462985,,,,,,,2023
16622,Luis Urías,1.85712295535755,219,0.295666961784288,0.329804060960046,0.238902011508068,0.35078477575104,0.247441025516409,0.394524119837704,,,,,,,2023
19363,Austin Hays,1.76092742698746,220,0.240020733092138,0.199102319496357,0.295469180768068,0.0967319295962538,0.530077599377663,0.399525664656981,,,,,,,2023
11899,Joc Pederson,1.62315765132493,272,0.128728275707839,0.721909285351116,0.46517068854807,0.261133447084539,-0.111281301121477,0.157497255754844,,,,,,,2023
21479,Nico Hoerner,1.49185121079558,188,0.573898105245035,-0.977213353676852,-0.157068173311936,0.252415088734495,1.21905786693831,0.58076167686653,,,,,,,2023
21454,Lars Nootbaar,1.38732833924259,211,0.518251876552886,0.460505802423736,0.0692005037280662,0.322697301797007,-0.143332975932064,0.16000583067296,,,,,,,2023
21622,Jake McCarthy,1.26180163017495,190,0.629544333937185,-0.715809870749472,0.0126333344680657,0.169480152187993,0.731498464678178,0.434455215652998,,,,,,,2023
17232,Yoán Moncada,1.18359746286459,310,0.184374504399988,-0.0623011634310232,0.238902011508068,0.210466963505882,0.294368525310633,0.317786621571043,,,,,,,2023
14854,Mike Yastrzemski,1.15262097199305,270,0.406959419168587,0.329804060960046,0.238902011508068,0.126347025456083,-0.123567992898117,0.174176447798384,,,,,,,2023
19238,Lourdes Gurriel Jr.,1.10457953108547,257,-0.149502867752909,-0.454406387822093,0.182334842248067,0.302708354105845,0.817681894517582,0.405763695788976,,,,,,,2023
5235,Justin Turner,1.08411520190719,186,0.0730820470156893,-0.323704646358403,0.408603519288069,0.30427052997194,0.3965604359813,0.225303316008593,,,,,,,2023
16426,Thairo Estrada,1.0511330564141,206,0.462605647860736,-0.323704646358403,0.0126333344680657,0.0186977521953741,0.590802622263046,0.290098345985278,,,,,,,2023
22581,Alejandro Kirk,1.02129985259485,93,-0.149502867752909,-0.0623011634310232,0.238902011508068,0.498899113943381,0.305081758217548,0.190221000109783,,,,,,,2023
17901,Andrew Benintendi,0.900174531079514,216,0.240020733092138,-0.454406387822093,0.0126333344680657,0.258669617730799,0.561224645952593,0.28203258765801,,,,,,,2023
20970,Oscar Gonzalez,0.885020310052567,234,-0.316441553829358,-0.193002904894713,0.295469180768068,0.0331625447689954,0.7459362924693,0.319896750770274,,,,,,,2023
18171,Seth Brown,0.859778948827598,256,-0.149502867752909,0.852611026814806,0.408603519288069,-0.100961621022417,-0.226485354404973,0.0755142459050222,,,,,,,2023
18577,Ke'Bryan Hayes,0.755476606524929,225,0.295666961784288,-0.846511612213162,-0.270202511831937,0.200427303617312,0.866436744786718,0.509659720381711,,,,,,,2023
10243,Randal Grichuk,0.635996420206299,NA,-0.0938566390607594,0.329804060960046,0.295469180768068,-0.0968892222723468,0.14140692692422,0.0600621128870705,,,,,,,2023
13590,Jesse Winker,0.619414629315076,214,0.0174358183235398,0.199102319496357,-0.0439338347919348,0.50599277461734,-0.162385422140344,0.103202973810119,,,,,,,2023
17988,Tyler Stephenson,0.606467344424773,171,-0.0382104103686098,-0.323704646358403,0.238902011508068,0.222331577269741,0.361953225974377,0.1451955863996,,,,,,,2023
12861,Anthony Rendon,0.580856169942732,191,-0.0938566390607594,-0.0623011634310232,0.295469180768068,0.34785164402189,-0.0219084704049474,0.115601618049504,,,,,,,2023
11615,Brandon Drury,0.380004593457086,203,-0.0382104103686098,0.329804060960046,0.238902011508068,-0.154732943256498,-0.00331243914234921,0.00755431375642878,,,,,,,2023
17128,Ramón Laureano,0.374494751035264,375,0.240020733092138,0.199102319496357,-0.100501004051935,-0.0987435660006211,-0.0123582898328203,0.146974558332146,,,,,,,2023
10472,Enrique Hernández,0.316326466033533,267,0.184374504399988,-0.193002904894713,0.0692005037280662,-0.0143569881398681,0.127704694122398,0.142406656817661,,,,,,,2023
16376,Michael Conforto,0.3002502464261,282,0.0174358183235398,-0.0623011634310232,0.125767672988067,0.24392780694912,-0.0668910266869462,0.0423111382833432,,,,,,,2023
22514,Triston Casas,0.0952234050784735,184,0.0730820470156893,0.199102319496357,0.0126333344680657,0.168678572744733,-0.31533604901364,-0.0429368196327308,,,,,,,2023
5933,Jean Segura,0.0698115529407118,240,0.0174358183235398,-0.715809870749472,-0.326769681091937,0.0662285578655245,0.765985131929508,0.26274159666355,,,,,,,2023
20503,William Contreras,0.0404952055626764,183,-0.205149096445058,0.460505802423736,0.0692005037280662,0.0093826887838908,-0.213706851063283,-0.0797378418646753,,,,,,,2023
13621,Jeimer Candelario,0.000359783167269562,NA,-0.149502867752909,-0.0623011634310232,0.0126333344680657,-0.0113355484697608,0.100905856042831,0.109960172310065,,,,,,,2023
24064,Ezequiel Tovar,-0.0268152417123861,247,-0.0938566390607594,-0.454406387822093,-0.157068173311936,-0.035061093828437,0.547419964398777,0.166157087912062,,,,,,,2023
14221,Jorge Soler,-0.120825063395254,NA,-0.205149096445058,0.721909285351116,0.182334842248067,-0.124212255457169,-0.539472371044489,-0.156235468047721,,,,,,,2023
7859,Charlie Blackmon,-0.124516181712268,268,-0.0938566390607594,-0.585108129285783,0.0692005037280662,0.0601602041198104,0.362363092926702,0.0627247858596955,,,,,,,2023
26299,Josh Jung,-0.157331733138351,229,-0.427734011213657,0.329804060960046,0.295469180768068,-0.286464961918782,-0.0487471656534788,-0.0196588360805476,,,,,,,2023
27465,Spencer Torkelson,-0.214612448738764,288,-0.149502867752909,0.0684005780326667,0.0126333344680657,-0.0319573727872615,-0.149244211366647,0.0350580906673207,,,,,,,2023
10047,Wil Myers,-0.256769003425408,275,-0.260795325137208,0.0684005780326667,0.182334842248067,-0.0932533636852911,-0.0948889612198038,-0.0585667736638387,,,,,,,2023
20178,Miguel Vargas,-0.303759814879471,231,0.0174358183235398,-0.454406387822093,0.182334842248067,-0.093423356281791,0.101567600158591,-0.0572683315057851,,,,,,,2023
18564,Trent Grisham,-0.320725941786826,368,0.240020733092138,0.0684005780326667,-0.0439338347919348,-0.194241854582273,-0.328702913235813,-0.0622686503016107,,,,,,,2023
9847,Andrew McCutchen,-0.344311436430921,280,0.0174358183235398,-0.0623011634310232,0.0692005037280662,-0.0769201860331358,-0.206439644523918,-0.0852867644944495,,,,,,,2023
15998,Cody Bellinger,-0.360549540715778,205,0.0730820470156893,0.199102319496357,0.0692005037280662,-0.328916063847779,-0.257851903186599,-0.115166443921512,,,,,,,2023
13757,Chris Taylor,-0.440582867501526,294,0.128728275707839,-0.193002904894713,-0.0439338347919348,-0.135395891301686,-0.167385410459227,-0.0295931017618048,,,,,,,2023
20391,Luis García,-0.560784503159188,NA,-0.372087782521507,-0.585108129285783,-0.157068173311936,-0.209072531442438,0.609151668577894,0.153400444824582,,,,,,,2023
26031,Vaughn Grissom,-0.603857221965404,145,-0.0938566390607594,-0.454406387822093,-0.383336850351938,0.0104322150225151,0.300185513648929,0.0171249265979414,,,,,,,2023
15672,Austin Meadows,-0.647536278937361,254,-0.260795325137208,-0.0623011634310232,0.0692005037280662,-0.0380080515213528,-0.257809959631534,-0.0978222829443097,,,,,,,2023
5760,Avisaíl García,-0.660040003589841,NA,-0.372087782521507,-0.0623011634310232,0.0692005037280662,-0.309234978481661,0.0921454805264557,-0.077762063410172,,,,,,,2023
11445,Mark Canha,-0.666967842742186,278,0.240020733092138,-0.454406387822093,-0.213635342571936,-0.00186268513142118,-0.143932883880451,-0.0931512764284225,,,,,,,2023
15149,Trey Mancini,-0.681708091212741,276,-0.316441553829358,-0.0623011634310232,-0.100501004051935,-0.0798528867440045,-0.0517875697852545,-0.0708239133711663,,,,,,,2023
15491,J.P. Crawford,-0.686522559274035,318,0.0730820470156893,-1.23861683660423,-0.60960552739194,0.0725731041870818,0.707071236068491,0.308973417450874,,,,,,,2023
12144,Max Kepler,-0.69579900287713,NA,0.0174358183235398,-0.0623011634310232,-0.157068173311936,-0.110358244870171,-0.267637629555095,-0.115869610032444,,,,,,,2023
19600,Bryan De La Cruz,-0.756217860093811,327,-0.427734011213657,0.0684005780326667,-0.213635342571936,-0.188795610574381,0.0606780297963252,-0.0551315035628289,,,,,,,2023
11265,Jonathan Schoop,-0.859447689963802,NA,-0.260795325137208,-0.193002904894713,-0.157068173311936,-0.424376735727467,0.215958682306177,-0.0401632331986563,,,,,,,2023
14128,Joey Gallo,-0.867103307115844,333,-0.0938566390607594,0.983312768278496,0.0126333344680657,-0.219307016136221,-1.16662226275231,-0.383263491913117,,,,,,,2023
21534,Cal Raleigh,-0.905871661579249,215,-0.539026468597956,0.983312768278496,0.182334842248067,-0.432001527004711,-0.764928548117269,-0.335562728385876,,,,,,,2023
2396,Carlos Santana,-0.960037988593589,NA,-0.260795325137208,0.0684005780326667,0.0126333344680657,-0.0792635743571856,-0.499163247684392,-0.201849753915535,,,,,,,2023
16939,Lane Thomas,-1.05226740292027,NA,0.0730820470156893,-0.193002904894713,-0.383336850351938,-0.29731469107874,-0.150710437185215,-0.10098456642535,,,,,,,2023
11281,Whit Merrifield,-1.14155531849247,197,0.240020733092138,-0.846511612213162,-0.383336850351938,-0.396100012298216,0.343174132317502,-0.0988017090387979,,,,,,,2023
4314,Joey Votto,-1.15511717059439,295,-0.427734011213657,0.199102319496357,0.0126333344680657,-0.0626783449942371,-0.592768456495506,-0.283672011855412,,,,,,,2023
12532,Kolten Wong,-1.25371473412891,323,0.240020733092138,-0.585108129285783,-0.66617269665194,-0.228710388906674,0.0728410852103927,-0.0865853375870469,,,,,,,2023
9874,DJ LeMahieu,-1.34917356560146,151,0.0730820470156893,-0.977213353676852,-0.66617269665194,0.00202049734379097,0.29972963828586,-0.0806196979180059,,,,,,,2023
26294,Bryson Stott,-1.3620925225387,264,-0.0938566390607594,-0.454406387822093,-0.439904019611938,-0.303948366115237,0.0435074678789762,-0.113484577807652,,,,,,,2023
5343,Brandon Crawford,-1.3664612536656,NA,-0.260795325137208,-0.454406387822093,-0.0439338347919348,-0.24124694162659,-0.143782771997702,-0.222295992290069,,,,,,,2023
20126,Dylan Carlson,-1.38772755799542,292,-0.0938566390607594,-0.585108129285783,-0.326769681091937,-0.140352724356791,-0.106852946622097,-0.134787437578049,,,,,,,2023
27506,Ha-Seong Kim,-1.4373448218937,293,-0.205149096445058,-0.585108129285783,-0.213635342571936,-0.294867636551943,-0.0169338064966706,-0.121650810542313,,,,,,,2023
18030,Harrison Bader,-1.56387871465266,274,-0.149502867752909,-0.323704646358403,-0.383336850351938,-0.388793762850036,-0.116210208424229,-0.20233037891515,,,,,,,2023
14712,Manuel Margot,-1.78967009704729,356,-0.316441553829358,-0.977213353676852,-0.270202511831937,-0.358785210726175,0.259718256611246,-0.126745723594217,,,,,,,2023
18607,Jared Walsh,-1.86410717852176,NA,-0.594672697290105,0.199102319496357,-0.100501004051935,-0.442076655715545,-0.50777872728327,-0.418180413677261,,,,,,,2023
24679,Brendan Donovan,-1.93696522159456,244,0.0174358183235398,-1.23861683660423,-0.60960552739194,-0.0753986840283002,0.127078850236445,-0.157858842130077,,,,,,,2023
19260,Jake Fraley,-1.96482657201726,NA,-0.149502867752909,-0.0623011634310232,-0.383336850351938,-0.289839282603771,-0.631007920815581,-0.448838487062042,,,,,,,2023
6153,Eduardo Escobar,-1.97997676671043,357,-0.539026468597956,-0.0623011634310232,-0.0439338347919348,-0.518131335535607,-0.430654026172685,-0.385929938181222,,,,,,,2023
25768,CJ Abrams,-2.01845083999066,237,-0.0938566390607594,-1.23861683660423,-0.60960552739194,-0.547039556007598,0.525329596138738,-0.0546618770648657,,,,,,,2023
20036,Isaac Paredes,-2.03634015243534,284,-0.483380239905806,0.0684005780326667,-0.213635342571936,-0.278206232152116,-0.680321311032826,-0.449197604805327,,,,,,,2023
15279,Garrett Cooper,-2.09070988240133,NA,-0.594672697290105,-0.585108129285783,-0.270202511831937,-0.148668355497874,-0.197287783836212,-0.294770404659416,,,,,,,2023
10950,Adam Duvall,-2.25313390187983,262,-0.594672697290105,0.721909285351116,0.0692005037280662,-0.757927663964602,-1.02125000172482,-0.670393327979485,,,,,,,2023
sa3014464,Jordan Walker,-2.27515148308015,208,-0.316441553829358,-0.585108129285783,-0.439904019611938,-0.445303721041582,-0.154165744373697,-0.334228314937792,,,,,,,2023
16535,Danny Jansen,-2.31619783002565,239,-0.594672697290105,0.460505802423736,-0.157068173311936,-0.429280129744071,-0.955496212781231,-0.640186419322039,,,,,,,2023
5827,Wilmer Flores,-2.47669531305717,222,-0.427734011213657,-0.323704646358403,-0.383336850351938,-0.366227867159279,-0.491552938547935,-0.484138999425956,,,,,,,2023
10324,Marcell Ozuna,-2.56047829209332,307,-0.705965154674404,0.199102319496357,-0.213635342571936,-0.556152033789376,-0.687468190649641,-0.596359889904321,,,,,,,2023
8709,Elvis Andrus,-2.63595126473509,NA,-0.372087782521507,-0.715809870749472,-0.66617269665194,-0.596627586488201,0.0156627748080195,-0.300916103131992,,,,,,,2023
19522,TJ Friedl,-2.72926637617831,NA,-0.316441553829358,-0.454406387822093,-0.66617269665194,-0.397148222704579,-0.456712484963789,-0.438385030206552,,,,,,,2023
5452,Ji-Man Choi,-2.98513885844336,NA,-0.705965154674404,-0.454406387822093,-0.270202511831937,-0.267716172839985,-0.741904594021379,-0.54494403725356,,,,,,,2023
15117,Hunter Dozier,-3.05671409647584,350,-0.539026468597956,-0.454406387822093,-0.60960552739194,-0.585704740113088,-0.440719616056108,-0.427251356494657,,,,,,,2023
25816,Shea Langeliers,-3.08178125500727,NA,-0.872903840750853,-0.0623011634310232,-0.326769681091937,-0.709145393516039,-0.600335922772544,-0.51032525344487,,,,,,,2023
7802,Miguel Rojas,-3.12303274070222,NA,-0.594672697290105,-1.10791509514054,-0.66617269665194,-0.57126377249927,0.137490420490894,-0.32049889961126,,,,,,,2023
19610,Keibert Ruiz,-3.12572361701476,172,-0.928550069443003,-0.585108129285783,-0.496471188871939,-0.450689736878615,-0.228470946473994,-0.436433546061431,,,,,,,2023
sa3018099,Oscar Colas,-3.14581446360878,331,-0.761611383366554,-0.193002904894713,-0.439904019611938,-0.694281155238702,-0.479291643126249,-0.577723357370625,,,,,,,2023
5038,Josh Donaldson,-3.16932264038263,301,-0.539026468597956,-0.0623011634310232,-0.439904019611938,-0.531817345228429,-0.921539847321298,-0.674733796191982,,,,,,,2023
19599,Chas McCormick,-3.23980179546018,NA,-0.483380239905806,-0.323704646358403,-0.439904019611938,-0.601898927903549,-0.737370445357807,-0.653543516322678,,,,,,,2023
19734,Josh Rojas,-3.28359046866358,232,-0.205149096445058,-1.10791509514054,-0.779307035171941,-0.450550803373639,-0.280362966023383,-0.460305472509021,,,,,,,2023
24782,David Villar,-3.29057957336943,NA,-0.594672697290105,-0.193002904894713,-0.383336850351938,-0.583068097988005,-0.873875493511678,-0.662623529332994,,,,,,,2023
14894,Tony Kemp,-3.3379018228947,NA,-0.205149096445058,-1.23861683660423,-1.06214288147194,-0.440604276668928,-0.0622245363946569,-0.329164195309883,,,,,,,2023
2136,David Peralta,-3.41422610950812,NA,-0.817257612058704,-0.715809870749472,-0.383336850351938,-0.522878441322952,-0.423837946669401,-0.551105388355649,,,,,,,2023
20202,Brandon Marsh,-3.43317447893976,340,-0.427734011213657,-0.846511612213162,-0.722739865911941,-0.66660388607664,-0.303766858222701,-0.46581824530166,,,,,,,2023
20325,Alex Kirilloff,-3.47372146579055,NA,-0.872903840750853,-0.454406387822093,-0.439904019611938,-0.583506350477617,-0.497593493948606,-0.625407373179444,,,,,,,2023
13675,Tyrone Taylor,-3.49649219148905,NA,-0.761611383366554,0.0684005780326667,-0.439904019611938,-0.742650634135878,-0.887054798817806,-0.733671933589538,,,,,,,2023
10681,Gio Urshela,-3.60439098633777,366,-0.817257612058704,-0.715809870749472,-0.553038358131939,-0.544673456587173,-0.364567026979895,-0.609044661830583,,,,,,,2023
11579,Bryce Harper,-3.70937124252092,164,-0.705965154674404,-0.0623011634310232,-0.553038358131939,-0.248128907036131,-1.20429894240772,-0.935638716839693,,,,,,,2023
7739,Travis d'Arnaud,-3.71216692844301,277,-0.761611383366554,-0.323704646358403,-0.439904019611938,-0.660277669613089,-0.739597015021494,-0.787072194471531,,,,,,,2023
15653,Dominic Smith,-3.74073527204594,NA,-0.872903840750853,-0.715809870749472,-0.496471188871939,-0.604899251999762,-0.473664947589233,-0.576986172084675,,,,,,,2023
13853,Joey Wendle,-3.90888364255185,398,-0.650318925982255,-1.23861683660423,-0.835874204431942,-0.643053479973462,-0.074358957958097,-0.466661237601865,,,,,,,2023
21987,Rodolfo Castro,-4.00536841279289,NA,-0.817257612058704,-0.193002904894713,-0.60960552739194,-0.847122319694752,-0.806975163461238,-0.731404885291542,,,,,,,2023
22558,Jarred Kelenic,-4.01318485076345,287,-0.705965154674404,-0.0623011634310232,-0.553038358131939,-0.917511120648749,-0.984369781977376,-0.78999927189996,,,,,,,2023
26323,Spencer Steer,-4.02227583684935,NA,-0.650318925982255,-0.585108129285783,-0.66617269665194,-0.670397702575521,-0.745527675430121,-0.70475070692373,,,,,,,2023
3516,Eric Hosmer,-4.02298934948837,NA,-0.984196298135152,-0.846511612213162,-0.66617269665194,-0.539070198436522,-0.347616758657073,-0.639421785394524,,,,,,,2023
18126,LaMonte Wade Jr.,-4.05033702654674,NA,-0.483380239905806,-0.323704646358403,-0.779307035171941,-0.653516052236699,-0.996767052217369,-0.813662000656524,,,,,,,2023
25961,Kerry Carpenter,-4.08915323977207,NA,-0.928550069443003,-0.0623011634310232,-0.722739865911941,-0.751816855902296,-0.840816561852571,-0.782928723231236,,,,,,,2023
15223,Adam Frazier,-4.09933436712722,308,-0.483380239905806,-1.6307220609953,-1.11871005073194,-0.605397664633303,0.136142507153122,-0.397266858013985,,,,,,,2023
11342,Jesús Aguilar,-4.1677014775145,NA,-1.09548875551945,-0.323704646358403,-0.326769681091937,-0.818445488064095,-0.799591263188914,-0.803701643291697,,,,,,,2023
19858,Luis Rengifo,-4.20388439873753,NA,-0.817257612058704,-0.715809870749472,-0.892441373691942,-0.762963538696916,-0.394451845935892,-0.620960157604608,,,,,,,2023
15937,Aledmys Díaz,-4.20446119072716,NA,-0.984196298135152,-0.585108129285783,-0.553038358131939,-0.792036278444254,-0.566657118608394,-0.723425008121643,,,,,,,2023
4106,Michael Brantley,-4.35722868490189,263,-0.705965154674404,-1.23861683660423,-0.949008542951942,-0.467898986299739,-0.327461369617018,-0.668277794754551,,,,,,,2023
17452,Jose Siri,-4.40203402188908,NA,-0.483380239905806,-0.585108129285783,-0.722739865911941,-1.04804949216223,-0.756994777190807,-0.805761517432522,,,,,,,2023
14387,Harold Ramírez,-4.43085347369943,NA,-0.928550069443003,-1.23861683660423,-0.60960552739194,-0.707013101597181,-0.239409473107643,-0.707658465555427,,,,,,,2023
16219,J.D. Davis,-4.50214019978129,NA,-0.705965154674404,-0.454406387822093,-0.892441373691942,-0.586458046396796,-0.996787556356637,-0.866081680839418,,,,,,,2023
9256,AJ Pollock,-4.53376481100869,NA,-0.984196298135152,-0.323704646358403,-0.722739865911941,-0.855736421959284,-0.797777618112355,-0.849609960531558,,,,,,,2023
2434,Nelson Cruz,-4.68969333888595,309,-1.0398425268273,-0.323704646358403,-0.553038358131939,-0.813932335565194,-0.996040881937696,-0.963134590065417,,,,,,,2023
16930,Jonah Heim,-4.73078879851723,362,-0.984196298135152,-0.323704646358403,-0.66617269665194,-0.902548870541265,-0.959619019633338,-0.894547267197133,,,,,,,2023
21897,Christopher Morel,-4.76955767919046,379,-0.705965154674404,-0.323704646358403,-0.835874204431942,-0.945813823241462,-1.04322036681188,-0.914979483672376,,,,,,,2023
21707,Oswaldo Cabrera,-4.77024543162316,296,-0.872903840750853,-0.454406387822093,-0.722739865911941,-0.957043604023909,-0.885863400409784,-0.877288332704581,,,,,,,2023
15794,Yonathan Daza,-4.77550800548508,NA,-0.483380239905806,-1.76142380245899,-1.23184438925195,-0.644297638441873,-0.0134600455828468,-0.641101889843618,,,,,,,2023
12155,Eddie Rosario,-4.81708488550087,NA,-0.928550069443003,-0.585108129285783,-0.60960552739194,-1.0119834998971,-0.770232573252111,-0.911605086230933,,,,,,,2023
22244,Jack Suwinski,-4.90380612648128,NA,-0.817257612058704,-0.193002904894713,-0.779307035171941,-0.892202890034339,-1.23361799100861,-0.988417693312977,,,,,,,2023
8090,Matt Carpenter,-4.91500812895771,NA,-0.872903840750853,-0.193002904894713,-0.553038358131939,-0.768429453667796,-1.44637757338025,-1.08125599813216,,,,,,,2023
27684,Michael Massey,-4.99466171535359,NA,-1.0398425268273,-0.846511612213162,-0.722739865911941,-0.893062078037704,-0.656745975451484,-0.835759656911993,,,,,,,2023
10264,Brandon Belt,-5.0516378496043,NA,-0.984196298135152,-0.0623011634310232,-0.779307035171941,-0.699408620545272,-1.43346737590898,-1.09295735641193,,,,,,,2023
9952,Trayce Thompson,-5.09241518856751,NA,-0.928550069443003,0.0684005780326667,-0.553038358131939,-1.02154185992096,-1.50028054538144,-1.15740493372284,,,,,,,2023
27555,Garrett Mitchell,-5.11512212531712,373,-0.705965154674404,-0.977213353676852,-0.949008542951942,-0.922020244452997,-0.712273522781873,-0.848641306779054,,,,,,,2023
18795,Ramón Urías,-5.16427941751363,NA,-1.0398425268273,-0.585108129285783,-0.835874204431942,-0.845566901076705,-0.904260937215394,-0.953626718676501,,,,,,,2023
16337,Nick Gordon,-5.18939018104699,358,-0.984196298135152,-0.846511612213162,-0.949008542951942,-0.857844959389658,-0.698015987527616,-0.85381278082946,,,,,,,2023
18289,Brian Anderson,-5.21301380888744,NA,-0.928550069443003,-0.585108129285783,-0.892441373691942,-0.830502753433465,-1.03045661206159,-0.945954870971657,,,,,,,2023
15161,Mitch Garver,-5.32345772390005,NA,-0.928550069443003,-0.0623011634310232,-0.779307035171941,-0.927874711115065,-1.45638920500244,-1.16903553973658,,,,,,,2023
18900,Leody Taveras,-5.33093218502705,NA,-0.761611383366554,-0.977213353676852,-1.11871005073194,-1.01240853281317,-0.644408023326674,-0.816580841111855,,,,,,,2023
19293,Nick Senzel,-5.47622247919955,NA,-0.761611383366554,-1.23861683660423,-1.23184438925195,-0.873193542847203,-0.558718239633202,-0.812238087496416,,,,,,,2023
9368,Evan Longoria,-5.48237661738927,NA,-1.1511349842116,-0.323704646358403,-0.66617269665194,-0.953775294999438,-1.23891356268252,-1.14867543248536,,,,,,,2023
17620,Myles Straw,-5.51869974819604,NA,-0.372087782521507,-1.89212554392268,-1.40154589703195,-0.908528565517165,-0.218375175936454,-0.726036783266284,,,,,,,2023
13602,Patrick Wisdom,-5.68269049157647,390,-0.984196298135152,0.0684005780326667,-0.722739865911941,-1.1510965729774,-1.63528969067306,-1.25776864191158,,,,,,,2023
26151,Kyle Stowers,-5.85293807778113,NA,-1.20678121290375,-0.454406387822093,-0.835874204431942,-0.999285544864332,-1.2493720046799,-1.10721872307911,,,,,,,2023
21614,Kyle Isbel,-5.87672147653537,NA,-0.817257612058704,-1.10791509514054,-1.06214288147194,-1.09845695639263,-0.836401481085453,-0.954547450386099,,,,,,,2023
22263,Nolan Gorman,-5.91249059194195,412,-1.09548875551945,-0.193002904894713,-0.892441373691942,-1.11400481745468,-1.37801137723298,-1.23954136314817,,,,,,,2023
19997,Santiago Espinal,-5.93352440431294,NA,-0.928550069443003,-1.50002031953161,-1.11871005073194,-0.949687268368187,-0.520730220810472,-0.915826475427725,,,,,,,2023
11680,Elias Díaz,-5.94197441589399,NA,-1.20678121290375,-0.715809870749472,-0.835874204431942,-1.03910356783882,-1.03259285559598,-1.11181270437403,,,,,,,2023
18363,Victor Robles,-5.98275116990055,NA,-0.761611383366554,-1.10791509514054,-1.28841155851195,-1.11988827171536,-0.780297191886833,-0.924627669279317,,,,,,,2023
2967,Tommy Pham,-6.07935980435112,NA,-0.705965154674404,-0.846511612213162,-1.17527721999194,-1.01839926645397,-1.18641343352904,-1.14679311748861,,,,,,,2023
21524,Joey Bart,-6.08116298327061,378,-0.984196298135152,-0.585108129285783,-1.06214288147194,-1.1720060172272,-1.15868068586405,-1.11902897128648,,,,,,,2023
11368,Yasmani Grandal,-6.09939471637705,302,-1.20678121290375,-0.454406387822093,-0.949008542951942,-0.81587417373484,-1.48088057199864,-1.19244382696578,,,,,,,2023
19698,Edward Olivares,-6.18444811755096,NA,-1.0398425268273,-0.846511612213162,-1.23184438925195,-1.03038147183107,-0.928710576489579,-1.1071575409379,,,,,,,2023
22168,Akil Baddoo,-6.1940519346341,NA,-0.761611383366554,-0.977213353676852,-1.34497872777195,-1.03583239302994,-1.04247552697382,-1.031940549815,,,,,,,2023
17696,Kevin Newman,-6.20577200122796,NA,-1.0398425268273,-1.50002031953161,-1.28841155851195,-1.02967736461928,-0.431957154153632,-0.915863077584192,,,,,,,2023
10815,Jurickson Profar,-6.24788645745096,NA,-0.761611383366554,-1.10791509514054,-1.23184438925195,-0.956066738553842,-1.08505830757357,-1.10539054356451,,,,,,,2023
23792,Alek Thomas,-6.42007742906353,NA,-0.928550069443003,-1.23861683660423,-1.17527721999194,-1.07506384372843,-0.898145307887261,-1.10442415140867,,,,,,,2023
14111,Eric Haase,-6.45013033771689,365,-1.2624274415959,-0.323704646358403,-0.892441373691942,-1.21267692734429,-1.44952262056664,-1.30935732815971,,,,,,,2023
20543,Elehuris Montero,-6.46240657408549,NA,-1.31807367028805,-0.585108129285783,-1.00557571221194,-1.02132439920116,-1.28652939002921,-1.24579527306935,,,,,,,2023
21780,Esteury Ruiz,-6.49505782807094,286,-0.705965154674404,-1.23861683660423,-1.40154589703195,-1.10564938905257,-0.965679971256755,-1.07760057945104,,,,,,,2023
21635,Nick Maton,-6.50813611018313,NA,-1.09548875551945,-0.977213353676852,-1.11871005073194,-1.0781990347208,-1.14389094229317,-1.09463397324091,,,,,,,2023
9774,Christian Vázquez,-6.5091055269278,313,-1.2624274415959,-1.23861683660423,-1.11871005073194,-1.09427273392625,-0.728641113827728,-1.06643735024174,,,,,,,2023
10762,Corey Dickerson,-6.51595857393709,NA,-1.20678121290375,-1.10791509514054,-1.23184438925195,-1.03244105369274,-0.845041529679279,-1.09193529326884,,,,,,,2023
13265,Mike Zunino,-6.63440036653664,NA,-1.31807367028805,0.199102319496357,-0.722739865911941,-1.39455208198294,-1.90334638262746,-1.49479068522261,,,,,,,2023
13769,Adalberto Mondesi,-6.70775835250813,346,-0.872903840750853,-0.846511612213162,-1.23184438925195,-1.41545613225712,-1.13675658099296,-1.20428579704209,,,,,,,2023
12325,Jace Peterson,-6.73285715424799,NA,-0.984196298135152,-1.10791509514054,-1.23184438925195,-1.10017658308661,-1.1469801246931,-1.16174466394064,,,,,,,2023
11038,Kevin Kiermaier,-6.8571523501606,NA,-0.928550069443003,-1.23861683660423,-1.17527721999194,-1.22718853015587,-1.09103832180514,-1.19648137216042,,,,,,,2023
5297,Aaron Hicks,-6.86913757364336,NA,-0.928550069443003,-0.846511612213162,-1.28841155851195,-1.08615351547374,-1.43322420401169,-1.28628661398982,,,,,,,2023
14130,Daniel Vogelbach,-6.89310114891316,NA,-1.2624274415959,-0.585108129285783,-1.00557571221194,-0.967695067084193,-1.67660689824169,-1.39568790049365,,,,,,,2023
5254,Robbie Grossman,-7.01153983604106,NA,-1.09548875551945,-0.977213353676852,-1.23184438925195,-1.0764630369096,-1.37688300207408,-1.25364729860913,,,,,,,2023
18400,Juan Yepez,-7.0766083482022,NA,-1.3737198989802,-0.454406387822093,-1.00557571221194,-1.20056339997283,-1.57109356881474,-1.47124938040039,,,,,,,2023
17273,Jorge Mateo,-7.13149255869267,383,-0.872903840750853,-1.10791509514054,-1.34497872777195,-1.41844911844044,-1.13881346991116,-1.24843230667773,,,,,,,2023
20505,Drew Waters,-7.18191726899365,NA,-1.1511349842116,-0.977213353676852,-1.28841155851195,-1.17873910564767,-1.30522207852376,-1.28119618842181,,,,,,,2023
19901,Gavin Sheets,-7.37269779998902,NA,-1.54065858505665,-0.585108129285783,-1.00557571221194,-1.24936194809486,-1.52557211339173,-1.46642131194806,,,,,,,2023
17992,David Fletcher,-7.4114477556727,NA,-1.09548875551945,-1.89212554392268,-1.62781457407195,-1.20879805422225,-0.496553826171171,-1.0906670017652,,,,,,,2023
16725,Jose Trevino,-7.47969033165826,311,-1.42936612767235,-0.977213353676852,-1.11871005073194,-1.44193020787553,-1.14112827931805,-1.37134231238353,,,,,,,2023
22664,Gabriel Moreno,-7.48329831332829,283,-1.31807367028805,-1.36931857806792,-1.17527721999194,-1.17042472147883,-1.07089937204868,-1.37930475145287,,,,,,,2023
16434,Christian Arroyo,-7.55932782146171,431,-1.42936612767235,-1.10791509514054,-1.23184438925195,-1.19879195373266,-1.20203140043767,-1.38937885522654,,,,,,,2023
21558,Matt Vierling,-7.62208661016107,NA,-1.31807367028805,-1.23861683660423,-1.45811306629195,-1.21761963002097,-1.09694524057882,-1.29271816637704,,,,,,,2023
22277,Nick Allen,-7.75193956027924,NA,-1.1511349842116,-1.50002031953161,-1.74094891259195,-1.37063266498521,-0.835062776624265,-1.1541399023346,,,,,,,2023
25660,Will Brennan,-7.83489322881,NA,-1.42936612767235,-1.50002031953161,-1.34497872777195,-1.19451999150127,-1.03785662786794,-1.32815143446488,,,,,,,2023
13620,Carson Kelly,-7.8895094562705,NA,-1.42936612767235,-0.846511612213162,-1.23184438925195,-1.28437790509501,-1.57871661210085,-1.51869280993718,,,,,,,2023
24729,Logan O'Hoppe,-7.93727750813098,NA,-1.4850123563645,-0.715809870749472,-1.28841155851195,-1.26698770229354,-1.63646864270883,-1.54458737750269,,,,,,,2023
19339,Nicky Lopez,-7.94432623333878,NA,-0.928550069443003,-2.02282728538637,-1.79751608185195,-1.28560686826421,-0.712068301528317,-1.19775762686493,,,,,,,2023
15941,Austin Nola,-8.11709558049205,320,-1.4850123563645,-1.36931857806792,-1.28841155851195,-1.26367036097433,-1.25912017609858,-1.45156255047478,,,,,,,2023
11489,Michael A. Taylor,-8.1196715852417,NA,-1.2624274415959,-1.10791509514054,-1.45811306629195,-1.43062877822501,-1.3724089988857,-1.48817820510261,,,,,,,2023
6887,Martín Maldonado,-8.15659675837019,NA,-1.3737198989802,-0.715809870749472,-1.17527721999194,-1.57974004539153,-1.73833162381902,-1.57371809943803,,,,,,,2023
13723,Jacob Stallings,-8.16940126905796,NA,-1.5963048137488,-1.36931857806792,-1.28841155851195,-1.35046771776963,-1.18782721191769,-1.37707138904197,,,,,,,2023
26368,JJ Bleday,-8.21185807246692,NA,-1.42936612767235,-0.846511612213162,-1.28841155851195,-1.39133807718336,-1.73966140718102,-1.51656928970509,,,,,,,2023
19508,Kyle Lewis,-8.29314095410898,NA,-1.4850123563645,-0.715809870749472,-1.34497872777195,-1.36470930848461,-1.7385678530867,-1.64406283765175,,,,,,,2023
22823,Oswald Peraza,-8.35400654652199,298,-1.2624274415959,-1.10791509514054,-1.51468023555195,-1.47047365310309,-1.43681940698546,-1.56169071414505,,,,,,,2023
12775,Brad Miller,-8.37306447796696,NA,-1.54065858505665,-0.585108129285783,-1.23184438925195,-1.47696748517589,-1.84664304881263,-1.69184284038407,,,,,,,2023
19913,Jesús Sánchez,-8.3976575159932,NA,-1.54065858505665,-0.715809870749472,-1.28841155851195,-1.41271896844883,-1.7766253701499,-1.66343316307641,,,,,,,2023
sa3008294,Brice Turang,-8.46822917775072,NA,-1.2624274415959,-1.50002031953161,-1.51468023555195,-1.41240264127155,-1.29110044614346,-1.48759809365625,,,,,,,2023
12147,Nick Ahmed,-8.48022589100423,NA,-1.3737198989802,-1.36931857806792,-1.40154589703195,-1.46804917493778,-1.36454742411277,-1.50304491787362,,,,,,,2023
19890,Emmanuel Rivera,-8.69306269185299,NA,-1.54065858505665,-0.977213353676852,-1.51468023555195,-1.41182206233138,-1.62027940170243,-1.62840905353373,,,,,,,2023
16403,Francisco Mejía,-8.85261447365427,NA,-1.5963048137488,-1.23861683660423,-1.40154589703195,-1.52189611801953,-1.48108957033049,-1.61316123791928,,,,,,,2023
sa3015051,Matt Mervis,-8.90107634185494,NA,-1.65195104244095,-0.846511612213162,-1.34497872777195,-1.4733340802912,-1.82024429325402,-1.76405658588367,,,,,,,2023
20529,Nolan Jones,-8.93229082658504,NA,-1.42936612767235,-1.10791509514054,-1.45811306629195,-1.39121542111712,-1.79130913969572,-1.75437197666736,,,,,,,2023
14566,Franmil Reyes,-9.0957192788496,NA,-1.7075972711331,-0.715809870749472,-1.34497872777195,-1.5422837180969,-1.93380190012643,-1.85124779097177,,,,,,,2023
13125,Gerrit Cole,9.72547105313611,5,,,,,,,1.89088835648307,3.02375926971755,2.19284942223322,1.20425785642566,2.23917457968111,-0.825458431404487,2023
19361,Corbin Burnes,9.636614118469,7,,,,,,,1.82825080924781,2.8071782886949,2.0070147254338,1.67567164373081,2.14395708276618,-0.825458431404487,2023
10954,Jacob deGrom,8.52978489941606,23,,,,,,,0.763412506248398,1.83256387409298,1.44951063503552,2.0058737474183,3.30388256802536,-0.825458431404487,2023
3137,Max Scherzer,8.25908881876869,13,,,,,,,1.28539206654223,2.07080295321789,1.63534533183495,1.59475492428742,2.49825197429069,-0.825458431404487,2023
16149,Aaron Nola,8.008339924499,15,,,,,,,1.89088835648307,2.46064871905866,1.82118002863437,0.666683566493424,1.99439768523397,-0.825458431404487,2023
19427,Shane Bieber,7.69921231338075,26,,,,,,,1.84912999165956,2.04914485511563,2.19284942223322,0.995199905192507,1.43834657058433,-0.825458431404487,2023
18684,Sandy Alcantara,7.68699758668142,14,,,,,,,2.03704263336534,1.83256387409298,2.19284942223322,1.18051859056156,1.26948149783282,-0.825458431404487,2023
19755,Shohei Ohtani,7.63599940028932,1,,,,,,,1.32715043136573,2.26572583613828,1.63534533183495,1.55321120902525,1.6800250233296,-0.825458431404487,2023
8700,Justin Verlander,7.51462182748926,18,,,,,,,1.34802961377748,1.81090577599071,1.44951063503552,1.42548564531482,2.30614858877521,-0.825458431404487,2023
21483,Shane McClanahan,7.43781298941369,30,,,,,,,1.4315463434245,1.98417056080883,1.63534533183495,1.52145878629847,1.69075039845144,-0.825458431404487,2023
27498,Spencer Strider,7.2863207695403,32,,,,,,,1.16011697207171,2.43899062095639,1.26367593823609,1.4899603829535,1.7590352867271,-0.825458431404487,2023
16162,Brandon Woodruff,7.19120026932784,39,,,,,,,1.45242552583625,2.09246105132016,1.63534533183495,1.11064016789156,1.72578662384942,-0.825458431404487,2023
14710,Edwin Díaz,7.14626348194182,NA,,,,,,,-0.844284539456592,-0.00837446459954345,-0.966340423357016,3.21659939915837,2.9753047426263,2.7733587675703,2023
15689,Luis Castillo,7.04365856202634,46,,,,,,,1.80737162683605,2.11411914942242,2.0070147254338,1.15246099520662,0.78815049653194,-0.825458431404487,2023
14107,Kevin Gausman,6.94841642583179,37,,,,,,,1.53594225548326,2.02748675701336,1.82118002863437,0.87262400713158,1.5166418089737,-0.825458431404487,2023
10310,Zack Wheeler,6.58038433507133,40,,,,,,,1.61945898513028,1.72427338358165,1.82118002863437,0.95178568357334,1.28914468555618,-0.825458431404487,2023
13743,Max Fried,6.47429596009198,52,,,,,,,1.66121734995378,1.37774381394541,2.0070147254338,1.23157648630623,1.02220201585725,-0.825458431404487,2023
21032,Emmanuel Clase,6.21976306924314,49,,,,,,,-0.802526174633086,-0.766407898178816,-0.966340423357016,3.44293066835489,2.63601345918889,2.67609343786828,2023
26410,Alek Manoah,6.19051433881346,43,,,,,,,1.80737162683605,1.72427338358165,2.0070147254338,0.379318367648253,1.09799466671819,-0.825458431404487,2023
13074,Yu Darvish,6.07939667698944,50,,,,,,,1.64033816754203,1.85422197219524,2.0070147254338,0.0572910695209707,1.34598917370188,-0.825458431404487,2023
17606,Cristian Javier,5.90771728395471,59,,,,,,,1.41066716101274,2.20075154183148,1.26367593823609,0.504226625487656,1.35385444879123,-0.825458431404487,2023
17295,Framber Valdez,5.86038865018538,57,,,,,,,1.80737162683605,1.63764099117259,2.19284942223322,1.08235164582588,-0.0343666044778796,-0.825458431404487,2023
19291,Zac Gallen,5.788073574355,58,,,,,,,1.51506307307151,1.81090577599071,1.63534533183495,0.658855150999329,0.99336267386299,-0.825458431404487,2023
11486,Robbie Ray,5.63239039090524,55,,,,,,,1.66121734995378,2.33070013044507,1.82118002863437,0.0582378690350058,0.5865134442415,-0.825458431404487,2023
18525,Dylan Cease,5.58635573462093,35,,,,,,,1.59857980271852,2.46064871905866,1.44951063503552,0.674789094040406,0.228285915172315,-0.825458431404487,2023
20373,Andrés Muñoz,5.41222210341848,170,,,,,,,-0.865163721868345,-0.333245936133518,-0.966340423357016,2.98066157879505,2.6983398057302,1.89797080025211,2023
16137,Carlos Rodón,5.25728480801735,81,,,,,,,0.491983134895607,1.24779522533182,0.892006544637242,1.45977826185975,1.99118007269742,-0.825458431404487,2023
14765,Julio Urías,5.22752846624689,47,,,,,,,1.57770062030677,1.507692402559,1.44951063503552,0.397446114441363,1.12063712530873,-0.825458431404487,2023
18000,Triston McKenzie,5.12907495304206,70,,,,,,,1.59857980271852,1.78924767788845,1.63534533183495,-0.130406160968707,1.06176673297334,-0.825458431404487,2023
12970,Joe Musgrove,4.79426277250517,116,,,,,,,1.13923778965995,1.18282093102503,1.44951063503552,0.679846389005618,1.16830545918354,-0.825458431404487,2023
17995,Logan Webb,4.66273757323987,67,,,,,,,1.80737162683605,1.29111142153635,1.82118002863437,0.474552543157533,0.0939803844800439,-0.825458431404487,2023
22182,Hunter Greene,4.42474601299121,110,,,,,,,1.18099615448346,2.09246105132016,1.07784124143667,0.160330567853271,0.73857542930214,-0.825458431404487,2023
25436,George Kirby,4.3502726310133,115,,,,,,,1.09747942483645,1.09618853861597,1.26367593823609,0.807133191965645,0.911253968763632,-0.825458431404487,2023
22250,Logan Gilbert,4.27951500781872,79,,,,,,,1.55682143789502,1.48603430445674,1.44951063503552,0.0364614802121999,0.57614558162373,-0.825458431404487,2023
15890,Luis Severino,4.08869080352061,112,,,,,,,0.909566783130669,1.20447902912729,0.892006544637242,0.642667188576437,1.26542968945346,-0.825458431404487,2023
17874,Nestor Cortes,3.92388870908424,82,,,,,,,1.05572106001294,1.22613712722956,1.07784124143667,0.222057277634141,1.16759043417542,-0.825458431404487,2023
14212,Josh Hader,3.87107721679949,66,,,,,,,-0.948680451515358,-0.354904034235782,-0.966340423357016,1.57540326592739,1.986770751814,2.57882810816626,2023
12304,Chris Bassitt,3.73756187595885,100,,,,,,,1.51506307307151,1.1395047348205,1.63534533183495,-0.140012712135502,0.413119879771884,-0.825458431404487,2023
21029,Jhoan Duran,3.71702035433526,199,,,,,,,-0.802526174633086,-0.398220230440312,-0.966340423357016,2.40526149364356,1.58087488887,1.89797080025211,2023
2036,Clayton Kershaw,3.70464621910776,111,,,,,,,0.429345587660348,0.598052282263875,0.892006544637242,1.01838494695083,1.59231528899996,-0.825458431404487,2023
16511,Jordan Montgomery,3.68818446837935,128,,,,,,,1.4315463434245,1.11784663671823,1.26367593823609,0.224412730083691,0.476161251321318,-0.825458431404487,2023
2520,Lance Lynn,3.6161449403005,103,,,,,,,1.26451288413047,1.26945332343409,1.26367593823609,-0.0700650114522792,0.714026237356614,-0.825458431404487,2023
17085,Pablo López,3.56443188327872,89,,,,,,,1.30627124895398,1.31276951963862,1.26367593823609,0.0413802191509667,0.465793388703548,-0.825458431404487,2023
17130,Raisel Iglesias,3.49961214959099,84,,,,,,,-0.823405357044839,-0.571485015258432,-0.966340423357016,1.60262952512367,1.87391597136539,2.38429744876222,2023
4676,Charlie Morton,3.49354947717627,98,,,,,,,1.30627124895398,1.76758957978618,1.07784124143667,-0.0983997188601083,0.265705557264039,-0.825458431404487,2023
26378,Nick Lodolo,3.42190658269325,99,,,,,,,1.16011697207171,1.76758957978618,1.07784124143667,0.0142463306389876,0.227570890164194,-0.825458431404487,2023
9803,Miles Mikolas,3.32888005800408,201,,,,,,,1.66121734995378,0.7063427727752,1.63534533183495,-0.289930332748073,0.44136336759271,-0.825458431404487,2023
18138,Ryan Helsley,3.3223101852419,117,,,,,,,-0.76076780980958,-0.376562132338047,-0.966340423357016,1.88283599593589,1.35337776545248,2.18976678935817,2023
21390,Joe Ryan,3.31613439994562,138,,,,,,,1.22275451930697,1.31276951963862,1.07784124143667,-0.371586017665827,0.89981356863368,-0.825458431404487,2023
15474,Lucas Giolito,3.27246833232903,92,,,,,,,1.4315463434245,1.76758957978618,1.26367593823609,-0.404285239906647,0.039400142193388,-0.825458431404487,2023
13543,Blake Snell,3.2716606703102,75,,,,,,,0.763412506248398,1.55100859876353,0.892006544637242,0.543830556379609,0.346860895685903,-0.825458431404487,2023
7005,Ryan Pressly,3.25860856604588,91,,,,,,,-0.990438816338864,-0.766407898178816,-0.966340423357016,1.97994067780217,1.71482290705822,2.2870321190602,2023
20666,Félix Bautista,3.25297658215371,114,,,,,,,-0.865163721868345,-0.441536426644842,-0.966340423357016,1.9844437486616,1.44907194570616,2.09250145965615,2023
14374,Tyler Glasnow,3.24182188853991,140,,,,,,,0.0952786690722979,0.7063427727752,0.52033715103839,1.17481470080628,1.57050702625223,-0.825458431404487,2023
25377,Brady Singer,3.20641801087962,122,,,,,,,1.57770062030677,1.37774381394541,1.44951063503552,-0.149111224538668,-0.223967402464928,-0.825458431404487,2023
25385,Drew Rasmussen,3.19473421450396,161,,,,,,,1.20187533689521,0.879607557593319,0.892006544637242,0.486884029511062,0.559819177271607,-0.825458431404487,2023
17998,Pete Fairbanks,2.93498142383782,218,,,,,,,-0.948680451515358,-0.571485015258432,-0.966340423357016,2.06000296841581,1.36624821559868,1.99523612995413,2023
19665,Kyle Wright,2.85693934400966,113,,,,,,,1.473304708248,1.26945332343409,1.44951063503552,-0.220121188091295,-0.289749703212164,-0.825458431404487,2023
16122,Jordan Romano,2.84342316979254,87,,,,,,,-0.823405357044839,-0.636459309565227,-0.966340423357016,1.56194023869124,1.12885991290213,2.57882810816626,2023
17677,Jeffrey Springs,2.67924498076516,159,,,,,,,0.909566783130669,1.00955614620691,0.706171847837816,0.251662081951041,0.627746553043209,-0.825458431404487,2023
6562,Alex Cobb,2.56377885427079,179,,,,,,,1.07660024242469,1.03121424430917,0.892006544637242,0.588953635658254,-0.19953738135409,-0.825458431404487,2023
10603,Chris Sale,2.54560905169917,131,,,,,,,0.596379046954373,1.05287234241144,0.706171847837816,0.336296721437343,0.679347524462689,-0.825458431404487,2023
18679,Freddy Peralta,2.53439347566389,160,,,,,,,0.57549986454262,0.944581851900114,0.706171847837816,0.27620959130273,0.8573887514851,-0.825458431404487,2023
23735,Luis Garcia,2.52345940582335,NA,,,,,,,1.16011697207171,1.20447902912729,0.892006544637242,-0.300783888152866,0.393099179544465,-0.825458431404487,2023
15816,Devin Williams,2.51276663235621,60,,,,,,,-0.886042904280098,-0.419878328542577,-0.966340423357016,1.81528993304437,0.585440906729317,2.38429744876222,2023
9132,Nathan Eovaldi,2.36919924469748,178,,,,,,,0.972204330365929,0.792975165184259,1.07784124143667,-0.130244512271189,0.481881451386295,-0.825458431404487,2023
11156,Merrill Kelly,2.36900461956138,152,,,,,,,1.64033816754203,1.1395047348205,1.44951063503552,-0.715943928721691,-0.318946557710484,-0.825458431404487,2023
15423,Andrew Heaney,2.32481235927242,217,,,,,,,0.617258229366126,1.22613712722956,0.52033715103839,-0.259378728917138,1.04591701195997,-0.825458431404487,2023
11861,Jason Adam,2.27912995723873,248,,,,,,,-0.906922086691851,-0.701433603872022,-0.966340423357016,1.58367044217189,1.46945015843764,1.80070547055009,2023
19959,Jesús Luzardo,2.24955155004002,174,,,,,,,0.909566783130669,1.20447902912729,1.07784124143667,-0.0617747425367042,-0.0551023297134195,-0.825458431404487,2023
19447,Patrick Sandoval,2.20490612769285,198,,,,,,,1.16011697207171,1.22613712722956,1.07784124143667,0.222588409068844,-0.656319190709441,-0.825458431404487,2023
18655,A.J. Minter,2.20205626756547,241,,,,,,,-0.844284539456592,-0.549826917156167,-0.966340423357016,1.80785409295853,1.34300990283471,1.411644151742,2023
19716,Dustin May,2.1461485298366,200,,,,,,,0.491983134895607,0.641368478468405,0.52033715103839,0.419892190725315,0.898026006113373,-0.825458431404487,2023
14916,Jon Gray,2.13574209493005,166,,,,,,,1.18099615448346,1.26945332343409,1.07784124143667,-0.500904975680368,-0.0661852173393136,-0.825458431404487,2023
31838,Kodai Senga,2.09327748466447,168,,,,,,,0.888687600718916,1.1395047348205,0.892006544637242,0.0737792366678241,-0.0752422007755257,-0.825458431404487,2023
13431,Marcus Stroman,2.05586771075707,238,,,,,,,1.32715043136573,0.74965896897973,1.26367593823609,-0.214694410388899,-0.244464786031095,-0.825458431404487,2023
14986,Giovanny Gallegos,2.02971056939665,265,,,,,,,-0.823405357044839,-0.636459309565227,-0.966340423357016,1.05674187360478,1.7929989746129,1.60617481114605,2023
17734,Evan Phillips,1.87479251945799,236,,,,,,,-0.844284539456592,-0.614801211462962,-0.966340423357016,1.67908935904976,0.917689193836731,1.70344014084807,2023
19569,David Bednar,1.86900031910173,185,,,,,,,-0.886042904280098,-0.614801211462962,-0.966340423357016,1.20966154145698,0.936756527386655,2.18976678935817,2023
14168,José Berríos,1.8679718475648,136,,,,,,,1.38978797860099,1.11784663671823,1.26367593823609,-1.02420799488885,-0.0536722796971765,-0.825458431404487,2023
16358,Tyler Mahle,1.7774299701482,156,,,,,,,1.03484187760119,1.0745304405137,1.07784124143667,-0.50526949051336,-0.0790556674855115,-0.825458431404487,2023
12880,Tyler Anderson,1.72147681664223,193,,,,,,,1.41066716101274,0.684684674672935,1.26367593823609,-0.75293838778228,-0.0591541380927783,-0.825458431404487,2023
27468,Reid Detmers,1.68926953671908,246,,,,,,,1.18099615448346,1.24779522533182,0.706171847837816,-0.418671973985765,-0.20156328554377,-0.825458431404487,2023
13892,Paul Sewald,1.6550185949921,195,,,,,,,-0.886042904280098,-0.636459309565227,-0.966340423357016,0.769907806194316,1.57324795545003,1.80070547055009,2023
12768,Sonny Gray,1.64298544102323,243,,,,,,,0.805170871071904,0.792975165184259,0.892006544637242,-0.0253576002529657,0.00364889178728038,-0.825458431404487,2023
13774,Zach Eflin,1.54156619216804,NA,,,,,,,0.826050053483657,0.424787497445755,0.892006544637242,-0.287136119548116,0.511316647553989,-0.825458431404487,2023
15873,Sean Manaea,1.34009877878443,189,,,,,,,1.09747942483645,0.987898048104644,1.26367593823609,-0.71892288329024,-0.464573317698025,-0.825458431404487,2023
19388,Tony Gonsolin,1.28667446245559,180,,,,,,,0.679895776601385,0.57639418416161,0.706171847837816,-0.122231355408502,0.271902440667765,-0.825458431404487,2023
sa3008130,Grayson Rodriguez,1.22130355233759,242,,,,,,,0.304070493189829,0.468103693650285,0.52033715103839,0.0165094124042416,0.73774123345933,-0.825458431404487,2023
6902,Martín Pérez,1.1187645961545,224,,,,,,,1.41066716101274,0.836291361388789,1.44951063503552,-0.447399256801852,-1.30484687307621,-0.825458431404487,2023
13164,Eduardo Rodriguez,1.10747852464246,306,,,,,,,1.07660024242469,0.814633263286524,1.07784124143667,-0.470745947257691,-0.565391843843244,-0.825458431404487,2023
18413,José Urquidy,1.08878300991497,249,,,,,,,1.13923778965995,0.641368478468405,1.07784124143667,-1.20347640043651,0.25927033219094,-0.825458431404487,2023
11674,Jameson Taillon,1.01487979665335,210,,,,,,,1.30627124895398,0.814633263286524,0.892006544637242,-1.11329951989245,-0.0592733089274661,-0.825458431404487,2023
13781,Alex Wood,1.01055236446166,NA,,,,,,,0.429345587660348,0.40312939934349,0.52033715103839,0.0338289157097612,0.352104412412131,-0.728193101702466,2023
17277,Ranger Suárez,0.879876375913878,213,,,,,,,1.16011697207171,0.598052282263875,1.07784124143667,-0.137103035580174,-0.99357265287371,-0.825458431404487,2023
17312,Justin Steele,0.810319264268996,312,,,,,,,0.84692923589541,0.836291361388789,0.706171847837816,0.0126991216770281,-0.76631387112556,-0.825458431404487,2023
7531,Collin McHugh,0.708235341760578,372,,,,,,,-0.865163721868345,-0.788065996281081,-0.78050572655759,1.33027456247661,1.27544003956717,0.536256184423811,2023
19316,Eric Lauer,0.688928968641568,325,,,,,,,1.03484187760119,0.944581851900114,0.892006544637242,-0.799516305338589,-0.557526568753899,-0.825458431404487,2023
13649,Clay Holmes,0.6817278359457,157,,,,,,,-0.886042904280098,-0.853040290587876,-0.966340423357016,1.23441688484833,0.157498439368224,1.99523612995413,2023
2233,Adam Wainwright,0.570510512440822,207,,,,,,,1.45242552583625,0.48976179175255,1.26367593823609,-0.882580643191858,-0.927313668787727,-0.825458431404487,2023
6632,Carlos Carrasco,0.558626954751721,271,,,,,,,0.84692923589541,0.771317067081994,0.892006544637242,-0.624889526676811,-0.501277934781628,-0.825458431404487,2023
14993,Scott Barlow,0.552563602650984,163,,,,,,,-0.719009444986073,-0.614801211462962,-0.966340423357016,0.890220622489988,0.161788589416959,1.80070547055009,2023
25880,Hunter Brown,0.457437381808869,245,,,,,,,0.17879539871931,0.294838908832166,0.52033715103839,0.679730925650247,-0.390806571026758,-0.825458431404487,2023
19312,Cal Quantrill,0.423456767708598,228,,,,,,,1.34802961377748,0.424787497445755,1.07784124143667,-0.955553483785778,-0.646189669761044,-0.825458431404487,2023
21992,Camilo Doval,0.364123915999272,133,,,,,,,-0.802526174633086,-0.614801211462962,-0.966340423357016,1.14405526293567,-0.48876499713949,2.09250145965615,2023
17479,Jack Flaherty,0.303832012390812,223,,,,,,,0.659016594189632,0.57639418416161,0.706171847837816,-0.499542508087001,-0.312749674306758,-0.825458431404487,2023
3548,Liam Hendriks,0.293231056637806,300,,,,,,,-1.72121020075022,-1.61107372416715,-0.966340423357016,1.91657438837504,2.81988214002749,-0.144601123490338,2023
3096,Kenley Jansen,0.242227639196105,123,,,,,,,-0.886042904280098,-0.679775505769757,-0.966340423357016,0.193329994818054,0.48855501812877,2.09250145965615,2023
11847,Chris Martin,0.188503278102665,NA,,,,,,,-0.948680451515358,-0.896356486792406,-0.966340423357016,0.781269400362737,1.39055906587483,0.828052173529875,2023
13449,Taylor Rogers,0.158861663821073,328,,,,,,,-0.844284539456592,-0.614801211462962,-0.966340423357016,0.489147111276317,0.780761904781344,1.31437882203998,2023
13273,Ross Stripling,0.127888213300799,250,,,,,,,0.742533323836644,0.294838908832166,0.52033715103839,-0.583484367441082,-0.118143701262854,-0.728193101702466,2023
30115,Robert Suarez,0.102853001826917,391,,,,,,,-0.844284539456592,-0.679775505769757,-0.966340423357016,1.05184622733709,0.518824410139273,1.02258283293392,2023
25007,Alex Vesia,0.08788506111223,NA,,,,,,,-0.927801269103605,-0.528168819053902,-0.966340423357016,0.925529316562172,0.562083423130662,1.02258283293392,2023
20191,Garrett Whitlock,0.0875541556574295,260,,,,,,,0.283191310778076,0.208206516423106,0.334502454238965,-0.169178755701996,0.256291061323766,-0.825458431404487,2023
18498,Kenta Maeda,0.0399882683658767,342,,,,,,,0.304070493189829,0.251522712627636,0.52033715103839,-0.61669162844553,0.406207971360039,-0.825458431404487,2023
19853,Michael King,-0.0312383323008656,315,,,,,,,-0.948680451515358,-0.809724094383346,-0.966340423357016,1.03251766164813,0.930202131478868,0.730786843827854,2023
19244,Cole Irvin,-0.0315118018770738,NA,,,,,,,1.36890879618924,0.359813203138961,1.26367593823609,-1.54356216734368,-0.654889140693196,-0.825458431404487,2023
13361,Steven Matz,-0.0362037663472407,NA,,,,,,,0.324949675601582,0.229864614525371,0.334502454238965,-0.191301534590911,0.0912394552822404,-0.825458431404487,2023
15038,Germán Márquez,-0.0374565138242001,290,,,,,,,1.66121734995378,1.20447902912729,1.44951063503552,-2.04908382982517,-1.47812126671114,-0.825458431404487,2023
15467,Marco Gonzales,-0.0751514235010222,NA,,,,,,,1.49418389065976,0.229864614525371,1.26367593823609,-1.36921250073479,-0.868204934782963,-0.825458431404487,2023
27681,Ken Waldichuk,-0.0794518407022936,NA,,,,,,,0.491983134895607,0.44644559554802,0.52033715103839,-0.432781596011994,-0.27997769476783,-0.825458431404487,2023
12988,Andrew Chafin,-0.0902308578002804,NA,,,,,,,-0.906922086691851,-0.874698388690141,-0.966340423357016,0.959406265027768,0.286679624168957,1.411644151742,2023
19479,Aaron Civale,-0.0922820397732937,405,,,,,,,0.554620682130866,0.316497006934431,0.52033715103839,-0.932206793329938,0.273928344857444,-0.825458431404487,2023
22286,Trevor Rogers,-0.113024895871875,316,,,,,,,0.596379046954373,0.7063427727752,0.52033715103839,-0.563347558264533,-0.547277876970817,-0.825458431404487,2023
22810,Roansy Contreras,-0.143337678610088,347,,,,,,,0.909566783130669,0.74965896897973,0.52033715103839,-0.874729135026689,-0.622713015327701,-0.825458431404487,2023
20020,John Schreiber,-0.172951985068102,314,,,,,,,-0.844284539456592,-0.809724094383346,-0.966340423357016,0.862740343911898,0.0757472467729294,1.50890948144402,2023
21132,Alexis Díaz,-0.186601411113003,196,,,,,,,-0.802526174633086,-0.441536426644842,-0.966340423357016,0.381281244689545,-0.158185101717693,1.80070547055009,2023
20302,David Peterson,-0.196288937424616,NA,,,,,,,0.220553763542817,0.48976179175255,0.148667757439539,0.194576999056051,-0.521656147513107,-0.728193101702466,2023
20367,Brusdar Graterol,-0.211469804311266,404,,,,,,,-0.927801269103605,-1.06962127161053,-0.966340423357016,0.864911054992856,0.767533942131085,1.11984816263594,2023
10123,Kyle Gibson,-0.215216635078405,NA,,,,,,,1.28539206654223,0.684684674672935,1.26367593823609,-1.29709408897061,-1.32641679415456,-0.825458431404487,2023
11836,Taijuan Walker,-0.222084558795929,281,,,,,,,1.07660024242469,0.53307798795708,0.892006544637242,-1.28143725798242,-0.616873644428036,-0.825458431404487,2023
16587,Erik Swanson,-0.224248238878041,NA,,,,,,,-0.906922086691851,-0.809724094383346,-0.78050572655759,0.298332370191646,1.0492537953312,0.925317503231897,2023
11804,Héctor Neris,-0.315069270914738,374,,,,,,,-0.844284539456592,-0.614801211462962,-0.966340423357016,0.350845104213979,0.639663636511913,1.11984816263594,2023
19249,Seranthony Domínguez,-0.341453015976038,273,,,,,,,-0.865163721868345,-0.679775505769757,-0.966340423357016,0.739333109692307,-0.272946615521295,1.70344014084807,2023
17968,Brock Burke,-0.348006387798224,NA,,,,,,,-0.739888627397827,-0.658117407667492,-0.966340423357016,1.11546653614603,0.364617350054269,0.536256184423811,2023
23460,Brandon Hughes,-0.371179503833373,NA,,,,,,,-0.865163721868345,-0.723091701974287,-0.966340423357016,0.312511270231097,0.361995591691153,1.50890948144402,2023
19996,Dylan Lee,-0.403190827990721,NA,,,,,,,-0.969559633927111,-0.874698388690141,-0.966340423357016,1.18626866565899,0.976678757006806,0.244460195317747,2023
20151,James Karinchak,-0.57708109529485,343,,,,,,,-0.927801269103605,-0.484852622849372,-0.966340423357016,0.975455671424215,-0.00159462493894849,0.828052173529875,2023
17780,José Alvarado,-0.590951938570372,NA,,,,,,,-1.01131799875062,-0.571485015258432,-0.966340423357016,1.13116955247637,-0.390091546018636,1.21711349233796,2023
14120,Lance McCullers Jr.,-0.691972779329325,192,,,,,,,-0.0926339726334801,-0.0733487589063383,0.52033715103839,0.267896229716081,-0.48876499713949,-0.825458431404487,2023
1247,Adam Ottavino,-0.703414906130409,304,,,,,,,-0.802526174633086,-0.614801211462962,-0.966340423357016,0.697258262995432,-0.136853522308717,1.11984816263594,2023
15454,Nick Pivetta,-0.715291362965502,269,,,,,,,1.34802961377748,1.26945332343409,0.892006544637242,-1.86983851694859,-1.52948389646124,-0.825458431404487,2023
7146,Daniel Hudson,-0.764702804108356,400,,,,,,,-1.13659309322114,-0.961330781099201,-0.966340423357016,0.288956745735592,0.890756585197465,1.11984816263594,2023
12760,Rafael Montero,-0.793971246289672,317,,,,,,,-0.927801269103605,-0.961330781099201,-0.966340423357016,0.389871718329082,0.259985357199064,1.411644151742,2023
6984,Luis García,-0.807177846286723,330,,,,,,,-0.886042904280098,-0.831382192485611,-0.966340423357016,0.537272237794586,0.219467273405476,1.11984816263594,2023
14078,Michael Wacha,-0.820757391927247,326,,,,,,,0.659016594189632,0.273180810729901,0.52033715103839,-1.11256055441808,-0.335272962062607,-0.825458431404487,2023
1246,Matt Bush,-0.832956226914771,NA,,,,,,,-0.969559633927111,-0.766407898178816,-0.966340423357016,0.122158382567907,0.821875842748368,0.925317503231897,2023
19343,A.J. Puk,-0.838807894125346,NA,,,,,,,-0.69813026257432,-0.593143113360697,-0.966340423357016,0.360636396749367,0.0355866754834022,1.02258283293392,2023
17282,Michael Kopech,-0.855817365016028,235,,,,,,,0.700774959013138,0.7063427727752,0.52033715103839,-1.10140679428932,-0.856407022148948,-0.825458431404487,2023
24586,Kyle Bradish,-0.862370998214357,428,,,,,,,0.721654141424891,0.511419889854815,0.52033715103839,-0.967284560691384,-0.823039188436583,-0.825458431404487,2023
17578,JT Brubaker,-0.878470843837078,NA,,,,,,,1.09747942483645,0.966239950002379,0.706171847837816,-1.57037275846063,-1.25253087664861,-0.825458431404487,2023
19932,Trevor Stephan,-0.907388765420615,NA,,,,,,,-0.865163721868345,-0.658117407667492,-0.966340423357016,0.410493473598187,0.149156480940134,1.02258283293392,2023
16258,Aaron Bummer,-0.909430839294878,NA,,,,,,,-1.05307636357412,-0.961330781099201,-0.966340423357016,1.58159210177523,-0.532858205973686,1.02258283293392,2023
17149,Domingo Germán,-0.913331231178536,337,,,,,,,0.429345587660348,0.0999160259117813,0.52033715103839,-1.1168096058957,-0.0206619584888724,-0.825458431404487,2023
17496,Diego Castillo,-0.93446151223035,NA,,,,,,,-0.948680451515358,-0.918014584894671,-0.966340423357016,0.64021936544259,0.333037078862208,0.925317503231897,2023
2429,Corey Kluber,-0.938894569236227,255,,,,,,,0.951325147954176,0.44644559554802,0.892006544637242,-1.61473377959383,-0.788479646377348,-0.825458431404487,2023
19883,Alex Lange,-0.952263560499162,297,,,,,,,-0.823405357044839,-0.658117407667492,-0.966340423357016,0.417375089578246,-0.625215602856129,1.70344014084807,2023
16400,Reynaldo López,-0.9973755399317,425,,,,,,,-0.927801269103605,-0.961330781099201,-0.78050572655759,0.129848242035558,0.811627150965283,0.730786843827854,2023
21690,Edward Cabrera,-1.01613671241302,253,,,,,,,0.283191310778076,0.40312939934349,0.334502454238965,-0.491783370606129,-0.719718074762936,-0.825458431404487,2023
10078,Caleb Thielbar,-1.168816059361,NA,,,,,,,-0.948680451515358,-0.723091701974287,-0.966340423357016,0.362853293172473,0.57018703988938,0.536256184423811,2023
23488,Ron Marinaccio,-1.1796185944624,NA,,,,,,,-1.05307636357412,-0.831382192485611,-0.966340423357016,1.00335161808164,0.423368571554968,0.244460195317747,2023
7982,Anthony Bass,-1.19937371804016,NA,,,,,,,-0.886042904280098,-0.939672682996936,-0.966340423357016,0.566114983966043,0.101249805395952,0.925317503231897,2023
14739,Paul Blackburn,-1.20214651896588,NA,,,,,,,1.03484187760119,0.186548418320841,0.52033715103839,-1.10935067313879,-1.00906486138302,-0.825458431404487,2023
14857,Joe Mantiply,-1.24576191437184,NA,,,,,,,-0.927801269103605,-1.00464697730373,-0.966340423357016,0.464299397200666,-0.125651463848138,1.31437882203998,2023
17092,Domingo Acevedo,-1.26845629895893,NA,,,,,,,-0.927801269103605,-1.04796317350826,-0.966340423357016,-0.0353567268280185,0.491891801500004,1.21711349233796,2023
24580,Josiah Gray,-1.29382922175436,NA,,,,,,,1.13923778965995,1.16116283292276,0.706171847837816,-2.32203920192015,-1.15290405885026,-0.825458431404487,2023
19753,Jonathan Loáisiga,-1.29609815880874,339,,,,,,,-0.948680451515358,-1.09127936971279,-0.966340423357016,0.73332901521306,0.0515555673314644,0.925317503231897,2023
16609,Bryan Abreu,-1.33766796833369,NA,,,,,,,-0.886042904280098,-0.549826917156167,-0.966340423357016,1.03697454716542,-0.411423125427613,0.43899085472179,2023
15514,Kendall Graveman,-1.35495668627339,227,,,,,,,-0.865163721868345,-0.918014584894671,-0.966340423357016,0.427166382113633,-0.736044479115057,1.70344014084807,2023
12095,Yimi Garcia,-1.36890395398164,NA,,,,,,,-0.865163721868345,-0.939672682996936,-0.966340423357016,-0.19037782774795,0.570067869054692,1.02258283293392,2023
15440,Matthew Boyd,-1.37199041919284,NA,,,,,,,0.554620682130866,0.338155105036696,0.148667757439539,-1.06143338066018,-0.526542151735275,-0.825458431404487,2023
6893,Johnny Cueto,-1.37638257996095,490,,,,,,,0.951325147954176,0.0349417316049864,0.892006544637242,-1.2553194469977,-1.17387812575517,-0.825458431404487,2023
17192,Jalen Beeks,-1.41761610627626,NA,,,,,,,-0.927801269103605,-0.809724094383346,-0.966340423357016,0.982845326167903,0.0589441590820578,0.244460195317747,2023
19979,Zach Plesac,-1.45917803412729,NA,,,,,,,0.638137411777879,-0.0733487589063383,0.706171847837816,-1.43343321899166,-0.471246884440497,-0.825458431404487,2023
20070,Bailey Falter,-1.47341883490069,NA,,,,,,,0.199674581131064,-0.0516906608040733,0.148667757439539,-1.1753033417262,0.133425930761447,-0.728193101702466,2023
11762,Noah Syndergaard,-1.5039274733429,252,,,,,,,0.784291688660151,0.0565998297072514,0.52033715103839,-1.46989654661754,-0.569801164726664,-0.825458431404487,2023
15009,Kyle Finnegan,-1.54911640659738,336,,,,,,,-0.781646992221333,-0.723091701974287,-0.966340423357016,-0.00658325866978322,-0.774894171223026,1.70344014084807,2023
9761,Joe Kelly,-1.54938806181657,NA,,,,,,,-0.990438816338864,-0.831382192485611,-0.966340423357016,0.484944245140845,-0.366019037411859,1.11984816263594,2023
17594,Mitch Keller,-1.55498791342977,NA,,,,,,,1.09747942483645,0.74965896897973,0.706171847837816,-1.38380706885358,-1.89903265482569,-0.825458431404487,2023
8241,David Robertson,-1.55620755547573,209,,,,,,,-0.906922086691851,-0.679775505769757,-0.966340423357016,0.587568075393813,-0.516055118282817,0.925317503231897,2023
19349,Caleb Ferguson,-1.57574864311679,NA,,,,,,,-1.07395554598588,-0.961330781099201,-0.966340423357016,1.268316925985,-0.184164343679465,0.341725525019769,2023
19911,José Suarez,-1.58166578700562,NA,,,,,,,0.659016594189632,0.338155105036696,0.334502454238965,-1.27866613745354,-0.809215371612888,-0.825458431404487,2023
16207,Spencer Turnbull,-1.58385197014954,NA,,,,,,,0.220553763542817,-0.0950068570086032,0.334502454238965,-0.474533145313832,-0.743909754204401,-0.825458431404487,2023
15507,Hunter Harvey,-1.59595007497617,NA,,,,,,,-0.969559633927111,-0.918014584894671,-0.966340423357016,0.340915255652149,-0.0082681916814204,0.925317503231897,2023
14524,José Leclerc,-1.60604636026742,259,,,,,,,-0.948680451515358,-0.788065996281081,-0.966340423357016,0.116200473430808,-0.625334773690817,1.60617481114605,2023
15761,Joe Jiménez,-1.63087019465611,NA,,,,,,,-0.948680451515358,-0.614801211462962,-0.966340423357016,-0.284064794295271,0.354964512444617,0.828052173529875,2023
12447,Seth Lugo,-1.64062424125632,NA,,,,,,,-0.176150702280493,-0.181639249417663,-0.408836332958738,-0.475733964209681,-0.156397539197389,-0.241866453192359,2023
13394,Dylan Floro,-1.64913077449944,289,,,,,,,-0.927801269103605,-1.13459556591732,-0.966340423357016,0.452198837557877,-0.484236505421383,1.411644151742,2023
22276,Dylan Coleman,-1.64964497134781,NA,,,,,,,-0.844284539456592,-0.766407898178816,-0.966340423357016,0.630243331538612,-0.725438274827914,1.02258283293392,2023
21224,Bailey Ober,-1.66435316183339,NA,,,,,,,-0.42670089122153,-0.549826917156167,-0.223001636159313,-0.329557356311101,0.69019207041921,-0.825458431404487,2023
11828,James Paxton,-1.6730909506485,NA,,,,,,,0.116157851484051,0.164890320218576,0.334502454238965,-1.11551641631555,-0.347666728870057,-0.825458431404487,2023
19350,Dean Kremer,-1.68990911806362,NA,,,,,,,0.700774959013138,0.0782579278095163,0.52033715103839,-1.19467809275731,-0.96914263176287,-0.825458431404487,2023
25388,Cody Morris,-1.75165547525617,NA,,,,,,,-0.719009444986073,-0.571485015258432,-0.408836332958738,0.396176017532291,0.0851617427132022,-0.533662442298423,2023
10061,Brooks Raley,-1.77789154398514,NA,,,,,,,-1.03219718116237,-0.939672682996936,-0.966340423357016,0.142018079691569,0.287513820011764,0.730786843827854,2023
23550,Aaron Ashby,-1.78492764433222,NA,,,,,,,-0.551975985692049,-0.289929739928988,-0.408836332958738,0.527850427996384,-0.333842912046362,-0.728193101702466,2023
17859,Adbert Alzolay,-1.78799797887935,NA,,,,,,,-0.844284539456592,-0.766407898178816,-0.78050572655759,-0.25353628313541,0.515010943429287,0.341725525019769,2023
21318,Tylor Megill,-1.80852042692955,NA,,,,,,,-0.572855168103802,-0.463194524747107,-0.223001636159313,-0.289214459944779,0.467938463727915,-0.728193101702466,2023
12730,Nick Martinez,-1.81162135665764,NA,,,,,,,0.304070493189829,-0.00837446459954345,0.148667757439539,-0.654171033598674,-1.16541699649239,-0.436397112596402,2023
13580,Steven Okert,-1.82878185130365,NA,,,,,,,-1.01131799875062,-0.874698388690141,-0.966340423357016,0.425850099862413,-0.0357966544941226,0.633521514125833,2023
19403,Colin Poche,-1.85818961637111,NA,,,,,,,-1.03219718116237,-0.918014584894671,-0.966340423357016,-0.208713408580727,0.24449314868975,1.02258283293392,2023
17897,Garrett Cleavinger,-1.91845276139392,NA,,,,,,,-1.05307636357412,-0.701433603872022,-0.966340423357016,0.926383745391912,-0.17391565189638,0.0499295359137047,2023
25756,Matt Brash,-1.93392425637805,NA,,,,,,,-0.927801269103605,-0.658117407667492,-0.966340423357016,0.723122054598341,-0.738308724974112,0.633521514125833,2023
11384,Tommy Kahnle,-1.9576874583473,NA,,,,,,,-1.13659309322114,-1.06962127161053,-0.966340423357016,0.40167207324791,0.666000390977742,0.147194865615726,2023
19879,Tanner Houck,-1.96172198699589,NA,,,,,,,-0.635492715339061,-0.571485015258432,-0.78050572655759,0.427004733416115,-0.159376810064563,-0.241866453192359,2023
23429,JP Sears,-1.97513942226332,NA,,,,,,,-0.155271519868739,-0.419878328542577,-0.0371669393598868,-0.257646778586586,-0.376982754203063,-0.728193101702466,2023
15042,Tim Mayza,-2.00250312147068,NA,,,,,,,-1.17835145804464,-1.24288605642865,-0.966340423357016,0.539258207506952,0.309560424428864,0.536256184423811,2023
6655,Craig Kimbrel,-2.03740947187876,230,,,,,,,-0.948680451515358,-0.723091701974287,-0.966340423357016,-0.0603891822722628,-0.361490545693752,1.02258283293392,2023
14843,Michael Lorenzen,-2.03979909231927,NA,,,,,,,0.596379046954373,0.0999160259117813,0.52033715103839,-1.12295225640139,-1.50255128782198,-0.630927772000445,2023
12499,Drew Rucinski,-2.05478077237262,NA,,,,,,,0.220553763542817,-0.0950068570086032,0.334502454238965,-0.867524221651593,-0.821847480089713,-0.825458431404487,2023
6398,Trevor May,-2.06852812617963,NA,,,,,,,-0.906922086691851,-0.766407898178816,-0.966340423357016,-0.26288881492039,-0.285817065667493,1.11984816263594,2023
19804,Bryan Baker,-2.13233208118901,NA,,,,,,,-0.927801269103605,-0.831382192485611,-0.966340423357016,0.28888746772237,-0.231951848388958,0.536256184423811,2023
25174,Penn Murfee,-2.1720470784028,NA,,,,,,,-0.927801269103605,-0.918014584894671,-0.966340423357016,0.0817231155172895,0.5084565475215,0.0499295359137047,2023
27552,Graham Ashcraft,-2.20092461223317,NA,,,,,,,0.951325147954176,0.186548418320841,0.892006544637242,-1.40239666906817,-2.00294962267278,-0.825458431404487,2023
22267,Tarik Skubal,-2.22223534168932,NA,,,,,,,-0.719009444986073,-0.723091701974287,-0.0371669393598868,-0.279861928159798,0.362353104195214,-0.825458431404487,2023
17556,Jimmy Herget,-2.23135946066031,NA,,,,,,,-0.823405357044839,-0.939672682996936,-0.966340423357016,-0.241805206229805,-0.282718623965631,1.02258283293392,2023
14295,Wandy Peralta,-2.23633192431161,NA,,,,,,,-0.927801269103605,-1.09127936971279,-0.966340423357016,0.622230174675925,-0.409397221237933,0.536256184423811,2023
11760,Drew Smyly,-2.30551408964948,NA,,,,,,,0.262312128366323,0.0349417316049864,0.148667757439539,-1.26155446818769,-0.664422807468159,-0.825458431404487,2023
17755,Drew Smith,-2.31866931169332,NA,,,,,,,-1.05307636357412,-0.982988879201466,-0.966340423357016,0.148761139645184,0.193249689774332,0.341725525019769,2023
18548,Sam Hentges,-2.32714658661987,NA,,,,,,,-0.865163721868345,-0.766407898178816,-0.966340423357016,0.380473001201954,-0.0623717506293278,-0.0473357937883167,2023
14542,Carlos Estévez,-2.33863319821833,NA,,,,,,,-0.886042904280098,-0.874698388690141,-0.966340423357016,-0.487141743720249,-0.633319219614846,1.50890948144402,2023
18383,Michael Soroka,-2.34471905999579,399,,,,,,,-0.134392337456986,-0.593143113360697,0.148667757439539,-0.59999562725901,-0.340397307954148,-0.825458431404487,2023
19493,Zach Jackson,-2.39039235717911,NA,,,,,,,-1.03219718116237,-0.766407898178816,-0.966340423357016,0.46977236024521,-1.4095980367661,1.31437882203998,2023
7115,Daniel Bard,-2.42308707344348,187,,,,,,,-0.886042904280098,-0.744749800076551,-0.966340423357016,-0.374172396826118,-1.44701767885782,1.99523612995413,2023
18331,James Kaprielian,-2.45546558978648,NA,,,,,,,0.826050053483657,0.273180810729901,0.52033715103839,-1.81185281988171,-1.43772235375224,-0.825458431404487,2023
19614,Cionel Pérez,-2.46138997249657,NA,,,,,,,-0.990438816338864,-1.00464697730373,-0.966340423357016,0.951924239599784,-1.27994016862662,0.828052173529875,2023
20203,Eli Morgan,-2.4660261059256,NA,,,,,,,-0.823405357044839,-0.853040290587876,-0.78050572655759,-0.793766230241157,0.734761962592154,0.0499295359137047,2023
21844,Braxton Garrett,-2.49015489436538,NA,,,,,,,0.0117619394252855,-0.159981151315398,0.148667757439539,-0.75356188990128,-0.91158311860904,-0.825458431404487,2023
21620,Jake Cousins,-2.50227284267533,NA,,,,,,,-0.990438816338864,-0.788065996281081,-0.966340423357016,0.381812376124248,-0.189169518736318,0.0499295359137047,2023
20253,Griffin Jax,-2.52525101644326,NA,,,,,,,-0.802526174633086,-0.874698388690141,-0.78050572655759,-0.937356458979446,0.0417835588871282,0.828052173529875,2023
21205,Connor Brogdon,-2.52614400923984,NA,,,,,,,-0.990438816338864,-0.961330781099201,-0.966340423357016,-0.0451480193634058,0.192653835600895,0.244460195317747,2023
sa3014983,Brandon Pfaadt,-2.53531878733659,NA,,,,,,,-0.489338438456789,-0.571485015258432,-0.0371669393598868,-0.986497663024971,0.374627700167978,-0.825458431404487,2023
19899,Clarke Schmidt,-2.53925844381354,349,,,,,,,-0.071754790221727,-0.181639249417663,-0.223001636159313,-0.545496923524311,-0.886438072490078,-0.630927772000445,2023
20633,Yusei Kikuchi,-2.57348368739777,303,,,,,,,0.137037033895804,0.273180810729901,0.148667757439539,-1.12602358165423,-1.27815260610632,-0.728193101702466,2023
14771,Emilio Pagán,-2.58661969935879,NA,,,,,,,-0.865163721868345,-0.658117407667492,-0.966340423357016,-0.846048037552751,0.212793706663002,0.536256184423811,2023
23920,Brayan Bello,-2.59302507260848,NA,,,,,,,-0.0508756078099738,-0.159981151315398,0.148667757439539,-0.596924302006167,-1.108453337512,-0.825458431404487,2023
20000,Tyler Wells,-2.61959672390161,NA,,,,,,,-0.0508756078099738,-0.376562132338047,-0.0371669393598868,-1.28219931612787,-0.144599626563374,-0.728193101702466,2023
1943,Zack Greinke,-2.65925975826867,348,,,,,,,0.387587222836841,-0.593143113360697,0.52033715103839,-1.29884913197224,-0.849733455406476,-0.825458431404487,2023
21367,Peter Strzelecki,-2.69280491402027,NA,,,,,,,-0.865163721868345,-0.723091701974287,-0.966340423357016,-0.317318240641867,-0.0653510214965043,0.244460195317747,2023
11423,José Quintana,-2.73927123139087,NA,,,,,,,-0.42670089122153,-0.571485015258432,-0.0371669393598868,-0.0622135032871105,-0.816246450859423,-0.825458431404487,2023
15068,Yency Almonte,-2.77840283678046,NA,,,,,,,-1.03219718116237,-1.026305075406,-0.966340423357016,-0.33999524363656,0.341974891463734,0.244460195317747,2023
15288,Adam Cimber,-2.78377209410299,NA,,,,,,,-1.01131799875062,-1.3295184488377,-0.966340423357016,0.180652118398414,0.00102713342416727,0.341725525019769,2023
10343,Aaron Loup,-2.78599412239803,NA,,,,,,,-0.969559633927111,-1.11293746781506,-0.966340423357016,0.148691861631963,-0.616635302758663,0.730786843827854,2023
20422,Jovani Moran,-2.80532644888704,NA,,,,,,,-0.990438816338864,-0.723091701974287,-0.966340423357016,0.869183199141551,-0.558241593762024,-0.436397112596402,2023
13050,Anthony DeSclafani,-2.81001312815122,NA,,,,,,,0.0743994866605448,-0.311587838031253,0.148667757439539,-1.17574210247661,-0.817557330040981,-0.728193101702466,2023
20369,Matt Manning,-2.81167955036211,NA,,,,,,,0.596379046954373,-0.116664955110868,0.52033715103839,-1.61981416723012,-1.3664581946094,-0.825458431404487,2023
22201,MacKenzie Gore,-2.83291135591096,NA,,,,,,,0.387587222836841,0.273180810729901,0.334502454238965,-1.34431860131699,-1.75567014069721,-0.728193101702466,2023
14527,Jorge López,-2.9006349009344,251,,,,,,,-0.76076780980958,-0.809724094383346,-0.966340423357016,-0.646019320709544,-1.12942740441692,1.411644151742,2023
7593,Jordan Lyles,-2.9035714856412,NA,,,,,,,1.30627124895398,0.381471301241225,0.892006544637242,-2.63882446371363,-2.01903768535552,-0.825458431404487,2023
16647,Ryan Thompson,-2.92316189791078,NA,,,,,,,-1.11571391080938,-1.26454415453091,-0.966340423357016,0.0524185159243513,-0.0679727798596174,0.43899085472179,2023
21170,Dany Jiménez,-2.93114347718281,NA,,,,,,,-0.927801269103605,-0.896356486792406,-0.966340423357016,-0.251688869449487,-1.10606992081826,1.21711349233796,2023
17586,Tanner Scott,-2.95000229402087,NA,,,,,,,-0.906922086691851,-0.593143113360697,-0.966340423357016,0.267388190952453,-1.67630236479565,0.925317503231897,2023
15947,Ryne Stanek,-2.98520788005019,NA,,,,,,,-0.969559633927111,-0.831382192485611,-0.966340423357016,0.176587808289385,-0.930769622993649,0.536256184423811,2023
10291,Ryan Tepera,-3.0177738432617,NA,,,,,,,-0.886042904280098,-0.982988879201466,-0.966340423357016,-0.763953591884591,-0.732826866578507,1.31437882203998,2023
20167,Kyle Muller,-3.03597350675594,NA,,,,,,,-0.134392337456986,-0.268271641826723,-0.0371669393598868,-0.701557194642574,-1.06912696206528,-0.825458431404487,2023
13799,Matt Strahm,-3.07757771676794,NA,,,,,,,-1.07395554598588,-1.04796317350826,-0.966340423357016,-0.44945450452744,0.118410405590882,0.341725525019769,2023
19876,Kevin Ginkel,-3.09389445742972,NA,,,,,,,-0.948680451515358,-0.874698388690141,-0.966340423357016,-0.399227944941435,-1.02479541156171,1.11984816263594,2023
27463,Garrett Crochet,-3.10158905628723,NA,,,,,,,-1.38714328216217,-1.28620225263317,-0.966340423357016,1.04995262830902,-0.17272394354951,-0.339131782894381,2023
19330,Matt Festa,-3.13860916629981,NA,,,,,,,-1.09483472839763,-1.00464697730373,-0.966340423357016,-0.316994943246831,0.388809029495733,-0.144601123490338,2023
19618,Jordan Hicks,-3.13916458132034,NA,,,,,,,-0.969559633927111,-0.918014584894671,-0.966340423357016,0.197948529032858,-0.922189322896186,0.43899085472179,2023
13346,Hoby Milner,-3.18541292863759,NA,,,,,,,-0.927801269103605,-0.961330781099201,-0.966340423357016,-0.584246425586527,0.00984577519100637,0.244460195317747,2023
15541,Tyler Rogers,-3.23165343038241,344,,,,,,,-0.719009444986073,-1.22122795832638,-0.966340423357016,-0.325008100109518,-1.02265033653734,1.02258283293392,2023
10133,Brad Boxberger,-3.23262489753665,NA,,,,,,,-0.927801269103605,-0.918014584894671,-0.966340423357016,-0.529724629180752,-1.10785748333856,1.21711349233796,2023
12808,Mike Clevinger,-3.24170880011157,376,,,,,,,-0.071754790221727,-0.376562132338047,0.148667757439539,-1.59637510608998,-0.520226097496864,-0.825458431404487,2023
16256,Kyle Freeland,-3.32452167364732,NA,,,,,,,1.38978797860099,0.468103693650285,1.07784124143667,-2.88044308116115,-2.55435307476962,-0.825458431404487,2023
13767,JT Chargois,-3.32921251665201,NA,,,,,,,-1.05307636357412,-1.19956986022412,-0.966340423357016,0.0634106273555875,-0.418096692170087,0.244460195317747,2023
8779,Wade Miley,-3.35475869132671,NA,,,,,,,0.116157851484051,-0.549826917156167,0.334502454238965,-0.783028138191736,-1.64710551029733,-0.825458431404487,2023
27473,Cade Cavalli,-3.37737898391513,NA,,,,,,,0.17879539871931,0.0782579278095163,0.334502454238965,-1.73209073399203,-1.4113855992864,-0.825458431404487,2023
17796,Dillon Tate,-3.40625583493342,NA,,,,,,,-1.07395554598588,-1.30786035073544,-0.966340423357016,-0.206127029420436,-0.193698010454425,0.341725525019769,2023
22207,DL Hall,-3.40896828838779,NA,,,,,,,-0.948680451515358,-0.614801211462962,-0.408836332958738,-0.0493970708410266,-0.659060119907242,-0.728193101702466,2023
8048,Will Smith,-3.42042052513095,48,,,,,,,-1.03219718116237,-0.982988879201466,-0.966340423357016,-0.560553345064575,-0.609127540173381,0.730786843827854,2023
8048,Will Smith,-3.42042052513095,432,,,,,,,-1.03219718116237,-0.982988879201466,-0.966340423357016,-0.560553345064575,-0.609127540173381,0.730786843827854,2023
10233,Aroldis Chapman,-3.44975876956254,266,,,,,,,-1.15747227563289,-0.939672682996936,-0.966340423357016,0.291681680922327,-1.5060072420279,0.828052173529875,2023
19459,Jorge Alcala,-3.45983495673607,NA,,,,,,,-1.11571391080938,-1.13459556591732,-0.966340423357016,-0.18314982170178,0.0845658885397685,-0.144601123490338,2023
10591,Scott Alexander,-3.4610532591348,NA,,,,,,,-1.07395554598588,-1.43780893934903,-0.966340423357016,0.480533544965706,-0.610676761024312,0.147194865615726,2023
20039,Adrian Morejon,-3.47306694330305,NA,,,,,,,-0.886042904280098,-0.939672682996936,-0.594671029758164,-0.584061684217933,-0.0322215294535124,-0.436397112596402,2023
15046,Trevor Gott,-3.51053021624918,NA,,,,,,,-1.01131799875062,-1.06962127161053,-0.966340423357016,-0.708715922675522,0.0982705345287757,0.147194865615726,2023
17732,Nabil Crismatt,-3.51367741642321,NA,,,,,,,-0.865163721868345,-1.00464697730373,-0.966340423357016,-0.152367291160105,-0.380557879243676,-0.144601123490338,2023
18403,Enyel De Los Santos,-3.52785921852172,NA,,,,,,,-1.03219718116237,-0.918014584894671,-0.966340423357016,-0.141421365071017,-0.228019210844287,-0.241866453192359,2023
27581,Hayden Wesneski,-3.55643383146918,363,,,,,,,-0.176150702280493,-0.528168819053902,0.148667757439539,-1.43248641947762,-0.742837216692219,-0.825458431404487,2023
13619,Jakob Junis,-3.56633078084144,NA,,,,,,,-0.447580073633283,-0.614801211462962,-0.408836332958738,-0.996773901652913,-0.564676818835123,-0.533662442298423,2023
7803,Richard Bleier,-3.59122949139731,NA,,,,,,,-1.01131799875062,-1.41615084124676,-0.966340423357016,-0.096760139213852,-0.539650943550848,0.43899085472179,2023
16401,Yonny Chirinos,-3.59891236562668,NA,,,,,,,-0.69813026257432,-1.00464697730373,-0.594671029758164,-0.541548076770652,-0.128988247219372,-0.630927772000445,2023
4806,Rich Hill,-3.62768472027604,NA,,,,,,,-0.113513155045233,-0.419878328542577,-0.0371669393598868,-1.31519874309265,-0.916469122831208,-0.825458431404487,2023
10430,Mychal Givens,-3.66216643721494,NA,,,,,,,-0.927801269103605,-0.874698388690141,-0.966340423357016,-0.39082221267049,-0.941494998115482,0.43899085472179,2023
12777,John Brebbia,-3.686313975745,NA,,,,,,,-0.990438816338864,-1.11293746781506,-0.966340423357016,-0.600711500062305,-0.649407282297594,0.633521514125833,2023
31839,Shintaro Fujinami,-3.68650572099884,NA,,,,,,,0.471103952483854,0.338155105036696,0.52033715103839,-1.33085557408084,-2.85978792407246,-0.825458431404487,2023
5524,Madison Bumgarner,-3.69256244633989,NA,,,,,,,0.909566783130669,0.121574124014046,0.334502454238965,-2.65690602516459,-1.57584135115449,-0.825458431404487,2023
19677,Gregory Soto,-3.706710652361,322,,,,,,,-0.865163721868345,-0.766407898178816,-0.966340423357016,-0.077523944209189,-1.95659216797953,0.925317503231897,2023
20353,Steven Wilson,-3.71135524858832,NA,,,,,,,-0.948680451515358,-0.874698388690141,-0.966340423357016,-0.458922499667791,-0.318112361867675,-0.144601123490338,2023
10657,Andrew Bellatti,-3.72059054329956,NA,,,,,,,-0.990438816338864,-0.701433603872022,-0.966340423357016,-0.267622812490565,-1.03921508255884,0.244460195317747,2023
13470,Lucas Sims,-3.72168253516323,NA,,,,,,,-0.948680451515358,-0.701433603872022,-0.966340423357016,-1.38304501070813,-0.647500548942602,0.925317503231897,2023
12056,Scott McGough,-3.82966122669595,NA,,,,,,,-0.948680451515358,-0.874698388690141,-0.966340423357016,-0.367152224819614,-0.625453944525502,-0.0473357937883167,2023
20160,Nate Pearson,-3.84726184770548,NA,,,,,,,-0.739888627397827,-0.614801211462962,-0.594671029758164,-0.741807720324601,-0.816961475867545,-0.339131782894381,2023
13218,Michael Fulmer,-3.86042685014364,NA,,,,,,,-0.865163721868345,-0.982988879201466,-0.966340423357016,-0.722317505938123,-1.34619915271261,1.02258283293392,2023
26253,Ryne Nelson,-3.884924943155,NA,,,,,,,-0.217909067103999,-0.484852622849372,0.148667757439539,-1.57817808128365,-0.927194497953039,-0.825458431404487,2023
13896,Chris Flexen,-3.91611255827389,NA,,,,,,,-0.384942526398024,-0.831382192485611,-0.223001636159313,-0.780880519781851,-0.967712581746627,-0.728193101702466,2023
13607,Carl Edwards Jr.,-3.9681556910695,NA,,,,,,,-0.969559633927111,-1.04796317350826,-0.966340423357016,-0.369692418637757,-1.24812155576519,0.633521514125833,2023
19200,José Quijada,-3.9862979784366,NA,,,,,,,-1.07395554598588,-0.831382192485611,-0.966340423357016,-0.600295831982974,-0.856049509644887,0.341725525019769,2023
16977,Trevor Williams,-4.01763403229352,NA,,,,,,,0.304070493189829,-0.138323053213133,-0.0371669393598868,-2.08240655418499,-1.23834954732085,-0.825458431404487,2023
18064,Phil Maton,-4.04708743072808,NA,,,,,,,-0.969559633927111,-0.896356486792406,-0.966340423357016,-0.698578240074025,-0.76071284189527,0.244460195317747,
9323,Patrick Corbin,-4.13131919055413,NA,,,,,,,0.84692923589541,0.294838908832166,0.706171847837816,-2.66117816931328,-2.49262258240175,-0.825458431404487,